:020000040802F0
:10000000307C0020F1E9020819E602081BE602082C
:100010001DE602081FE6020821E6020800000000B3
:1000200000000000000000000000000023E60208BD
:1000300025E602080000000027E6020829E602087B
:1000400025EA020829EA02082DEA020831EA020834
:1000500035EA020839EA02083DEA020841EA0208E4
:1000600045EA020849EA02084DEA020851EA020894
:1000700055EA020859EA02085DEA020861EA020844
:1000800065EA020869EA02086DEA020871EA0208F4
:1000900075EA020879EA02087DEA020881EA0208A4
:1000A00085EA020889EA02088DEA020891EA020854
:1000B00095EA020899EA02089DEA0208A1EA020804
:1000C000A5EA0208A9EA0208ADEA0208B1EA0208B4
:1000D000B5EA020835E602084BE6020861E60208C6
:1000E000B9EA0208BDEA0208C1EA0208C5EA020844
:1000F000C9EA0208CDEA0208D1EA0208D5EA0208F4
:10010000D9EA0208DDEA0208E1EA0208E5EA0208A3
:1001100077E602088DE60208E9EA0208EDEA02083D
:10012000F1EA0208F5EA0208F9EA0208FDEA020823
:1001300001EB020805EB020809EB02080DEB0208CF
:1001400011EB020815EB020819EB0208A3E60208FE
:100150001DEB020821EB020825EB0208ADE60208C0
:1001600029EB02082DEB020831EB020835EB0208FF
:1001700039EB02083DEB020800000000000000001F
:1001800041EB020845EB0208BBE60208C9E602089B
:1001900049EB02084DEB02080000000051EB020899
:1001A000D7E60208E5E602080000000000000000B3
:1001B00055EB0208000000000000000059EB0208A7
:1001C0005DEB020861EB020865EB020869EB0208CF
:1001D0006DEB020871EB0208DFF8BC04B0F8B00464
:1001E000002804D10020DFF8B014A1F8BA04DFF829
:1001F000A804B0F8BA04212804DB0020DFF8981422
:10020000A1F8BA04DFF894040168DFF88C04B0F8B0
:10021000BA04002816D10800C0B2C92812D1DFF8EC
:100220007804DFF87424B2F8BA24104480F88413F8
:10023000DFF86404B0F8BA04401CDFF85C24A2F8CC
:10024000BA0423E2DFF85004B0F8BA0401281ED142
:100250000800C0B2202807D00800C0B2132803D07D
:100260000800C0B2152812D1DFF82C04DFF82824CA
:10027000B2F8BA24104480F88413DFF81C04B0F8F4
:10028000BA04401CDFF81024A2F8BA04FEE1DFF83B
:10029000080490F88503132840F0F580DFF8F80390
:1002A00090F88403C92840F08F80DFF8EC03B0F8A1
:1002B000BA04022812D1DFF8E003DFF8DC23B2F839
:1002C000BA24104480F88413DFF8CC03B0F8BA04E1
:1002D000401CDFF8C423A2F8BA04D7E1DFF8B80362
:1002E000B0F8BA04032812D1DFF8AC03DFF8A82372
:1002F000B2F8BA24104480F88413DFF89C03B0F8F5
:10030000BA04401CDFF89023A2F8BA04BEE1DFF87B
:100310008803B0F8BA04042812D1DFF87C03DFF8B0
:100320007823B2F8BA24104480F88413DFF8680305
:10033000B0F8BA04401CDFF86023A2F8BA04A5E1C3
:10034000DFF85403B0F8BA04052812D1DFF84803E7
:10035000DFF84423B2F8BA24104480F88413DFF89D
:100360003803B0F8BA04401CDFF82C23A2F8BA0412
:100370008CE1DFF82403B0F8BA0406281EDBDFF8AE
:100380001803DFF81423B2F8BA24104480F8841359
:10039000DFF80403B0F8BA04401CDFF8FC22A2F82E
:1003A000BA04DFF8F402B0F8BA04082840F06E810D
:1003B0000120DFF8E42282F8C40467E10020DFF8BE
:1003C000D822A2F8BA0461E1B348B0F8BA0402280E
:1003D0000ED1B148B04AB2F8BA24104480F8841360
:1003E000AD48B0F8BA04401CAB4AA2F8BA044DE1DB
:1003F000A948B0F8BA0403280ED1A748A64AB2F813
:10040000BA24104480F88413A348B0F8BA04401CFE
:10041000A14AA2F8BA0439E19F48B0F8BA04042806
:100420000ED19D489C4AB2F8BA24104480F8841337
:100430009948B0F8BA04401C974AA2F8BA0425E1DA
:100440009548B0F8BA04052818D19348924AB2F8F2
:10045000BA24104480F884138F48B0F8BA04401CC2
:100460008D4AA2F8BA048C48B0F8BA04062840F0C5
:100470000D810120884A82F8C40407E10020864AE1
:10048000A2F8BA0402E1844890F88503152872D1D5
:100490008148B0F8BA0402280ED17F487E4AB2F8EB
:1004A000BA24104480F884137B48B0F8BA04401C86
:1004B000794AA2F8BA04E9E07748B0F8BA04032808
:1004C0000ED17548744AB2F8BA24104480F88413E7
:1004D0007148B0F8BA04401C6F4AA2F8BA04D5E0DB
:1004E0006D48B0F8BA0404280ED16B486A4AB2F8D5
:1004F000BA24104480F884136748B0F8BA04401C4A
:10050000654AA2F8BA04C1E06348B0F8BA04052805
:100510000ED16148604AB2F8BA24104480F88413BE
:100520005D48B0F8BA04401C5B4AA2F8BA04ADE0DA
:100530005948B0F8BA04062818DB5748564AB2F8AA
:10054000BA24104480F884135348B0F8BA04401C0D
:10055000514AA2F8BA045048B0F8BA04082840F04A
:10056000958001204C4A82F8C4048FE000204A4A5A
:10057000A2F8BA048AE0484890F88503202840F0A1
:1005800081804548B0F8BA0402280ED14248424A58
:10059000B2F8BA24104480F884133F48B0F8BA0483
:1005A000401C3D4AA2F8BA0470E03B48B0F8BA04D7
:1005B00003280ED13848384AB2F8BA24104480F8DB
:1005C00084133548B0F8BA04401C334AA2F8BA0480
:1005D0005CE03148B0F8BA0404280ED12E482E4A07
:1005E000B2F8BA24104480F884132B48B0F8BA0447
:1005F000401C294AA2F8BA0448E02748B0F8BA04D7
:1006000005280ED12448244AB2F8BA24104480F8B0
:1006100084132148B0F8BA04401C1F4AA2F8BA0457
:1006200034E01D48B0F8BA04062826DB1A4890F8D2
:100630008803194A92F8892352EA00221648A0F842
:10064000B8241548144AB2F8BA24104480F8841328
:100650001148B0F8BA04401C0F4AA2F8BA040E4878
:10066000B0F8BA040C4AB2F8B824083290420DD15E
:100670000120094A82F8C40408E00020064AA2F8D2
:10068000BA0403E00020044AA2F8BA040520024A92
:10069000A2F8B004704700002C00002004100140B4
:1006A0002DE9FE4F0400A2781202E1780A43ADF86A
:1006B0000820A1788DF80010E6789DF80010002938
:1006C00060D1DFF8701C0F00DFF86C1C88466421D5
:1006D0000D006521DFF8642C82F82C111321DFF85E
:1006E0005C2C82F82D11A178DFF8502C82F82E11A5
:1006F000E178DFF8482C82F82F11290089B2090A25
:10070000DFF8382C82F83011DFF8301C81F83151D5
:10071000DFF82CAC002189464846290080B289B216
:10072000884213D2388880B2000A8AF800001AF191
:1007300001003988017010F1010A3888A8F800001A
:10074000BF1C18F1020819F10209E5E7A91D89B2D9
:10075000DFF8F00B02F046FDADF80200BDF8020034
:1007600080B2000A8AF800001AF10100BDF80210F8
:100770000170401C15F10801DFF8C02BA2F8B61477
:1007800000F0D6BD9DF80010012940F01E846521BF
:10079000DFF8A82B82F82C111321DFF8A02B82F8A8
:1007A0002D11A178DFF8942B82F82E11E178DFF873
:1007B0008C2B82F82F110021DFF8802B82F830116A
:1007C0006221DFF8782B82F83111DFF874AB062153
:1007D000DFF8682BA2F8B6143000C0B2622880F2AD
:1007E000D4833000C0B200284AD006286CD00A2832
:1007F00000F08F800C2800F0AD80122800F0CF8030
:10080000222800F0F180322800F01481362800F010
:100810003781382800F05581392800F06C813A285A
:1008200000F083813E2800F0A681422800F0C981B3
:10083000462800F0EC814A2800F00F824E2800F094
:100840003282502800F05282522800F072825428DE
:1008500000F09282562800F0B282582800F0D2822E
:100860005A2800F0F2825C2800F012835E2800F023
:1008700032835F2800F04983602800F0608381E3C1
:1008800000208146484680B206280BDADFF8B80A15
:10089000494689B2405C8AF800001AF1010A19F150
:1008A0000109EFE7DFF8940AB0F8B604801DDFF81D
:1008B0008C1AA1F8B604B61D0622DFF8901ADFF8EC
:1008C000880A02F0EEFC87E700208146484680B2A5
:1008D00004280CDADFF8700A494689B208448079A6
:1008E0008AF800001AF1010A19F10109EEE7DFF8B0
:1008F0004C0AB0F8B604001DDFF8401AA1F8B6049F
:10090000361D0422DFF8481ADFF8480A02F0C9FC55
:1009100062E7DFF8340A408980B2000A8AF80000F2
:100920001AF10100DFF8201A4989017010F1010A5B
:10093000DFF8080AB0F8B604801CDFF8001AA1F846
:10094000B604B61C0222DFF8101ADFF8100A02F013
:10095000A8FC41E700208146484680B206280CDA10
:10096000DFF8E409494689B20844007B8AF80000B0
:100970001AF1010A19F10109EEE7DFF8C009B0F830
:10098000B604801DDFF8B419A1F8B604B61D06221E
:10099000DFF8CC19DFF8CC0902F083FC1CE700205B
:1009A0008146484680B210280CDADFF89C09494697
:1009B00089B20844807C8AF800001AF1010A19F112
:1009C0000109EEE7DFF87409B0F8B6041030DFF87B
:1009D0006C19A1F8B60410361022DFF88C19DFF874
:1009E0008C0902F05EFCF7E600208146484680B2A2
:1009F00010280DDADFF85009494689B2084490F80A
:100A000022008AF800001AF1010A19F10109EDE744
:100A1000DFF82809B0F8B6041030DFF82019A1F883
:100A2000B60410361022DFF84819DFF8480902F042
:100A300038FCD1E600208146484680B204280DDA11
:100A4000DFF80409494689B2084490F832008AF870
:100A500000001AF1010A19F10109EDE7DFF8DC08DD
:100A6000B0F8B604001DDFF8D418A1F8B604361D9E
:100A70000422DFF80419DFF8040902F012FCABE6E7
:100A8000DFF8C408C08E80B2000A8AF800001AF1AC
:100A90000100DFF8B418C98E017010F1010ADFF807
:100AA0009C08B0F8B604801CDFF89018A1F8B604D2
:100AB000B61C0222DFF8C818DFF8C80802F0F1FB04
:100AC0008AE6DFF8840890F838008AF800001AF106
:100AD000010ADFF86808B0F8B604401CDFF85C18BB
:100AE000A1F8B604761C0122DFF89C18DFF89C08F8
:100AF00002F0D7FB70E6DFF8500890F839008AF86A
:100B000000001AF1010ADFF83408B0F8B604401CFE
:100B1000DFF82818A1F8B604761C0122DFF8701857
:100B2000DFF8700802F0BDFB56E60020814648461B
:100B300080B204280DDADFF81008494689B208446B
:100B400090F83A008AF800001AF1010A19F1010937
:100B5000EDE7DFF8E807B0F8B604001DDFF8DC17B2
:100B6000A1F8B604361D0422DFF82C18DFF82C0893
:100B700002F097FB30E600208146484680B2042808
:100B80000DDADFF8C407494689B2084490F83E0000
:100B90008AF800001AF1010A19F10109EDE7DFF8FE
:100BA0009C07B0F8B604001DDFF89017A1F8B60452
:100BB000361D0422DFF8E817DFF8E80702F071FBC2
:100BC0000AE600208146484680B204280DDADFF8A4
:100BD0007807494689B2084490F842008AF8000034
:100BE0001AF1010A19F10109EDE7DFF85007B0F831
:100BF000B604001DDFF84417A1F8B604361D042220
:100C0000DFF8A417DFF8A40702F04BFBE4E50020AF
:100C10008146484680B204280DDADFF82C074946A1
:100C200089B2084490F846008AF800001AF1010AD7
:100C300019F10109EDE7DFF80407B0F8B604001D6B
:100C4000DFF8F816A1F8B604361D0422DFF86017A5
:100C5000DFF8600702F025FBBEE50020814648462C
:100C600080B204280DDADFF8E006494689B208446C
:100C700090F84A008AF800001AF1010A19F10109F6
:100C8000EDE7DFF8B806B0F8B604001DDFF8AC16E3
:100C9000A1F8B604361D0422DFF81C17DFF81C0784
:100CA00002F0FFFA98E5DFF8A006B0F84E0080B237
:100CB000000A8AF800001AF10100DFF88C16B1F87A
:100CC0004E10017010F1010ADFF87006B0F8B6049A
:100CD000801CDFF86816A1F8B604B61C0222DFF803
:100CE000E016DFF8E00602F0DCFA75E5DFF85806FA
:100CF000B0F8500080B2000A8AF800001AF1010032
:100D0000DFF84416B1F85010017010F1010ADFF855
:100D10002C06B0F8B604801CDFF82016A1F8B60443
:100D2000B61C0222DFF8A016DFF8A00602F0B9FA1E
:100D300052E5DFF81406B0F8520080B2000A8AF8D3
:100D400000001AF10100DFF80016B1F8521001702E
:100D500010F1010ADFF8E405B0F8B604801CDFF8F2
:100D6000DC15A1F8B604B61C0222DFF86416DFF821
:100D7000640602F096FA2FE5DFF8CC05B0F85400CF
:100D800080B2000A8AF800001AF10100DFF8B815F5
:100D9000B1F85410017010F1010ADFF8A005B0F8A5
:100DA000B604801CDFF89415A1F8B604B61C022224
:100DB000DFF82416DFF8240602F073FA0CE5DFF8FA
:100DC0008805B0F8560080B2000A8AF800001AF1CF
:100DD0000100DFF87415B1F85610017010F1010A26
:100DE000DFF85805B0F8B604801CDFF85015A1F8FC
:100DF000B604B61C0222DFF8E815DFF8E80502F0B9
:100E000050FAE9E4DFF84005B0F8580080B2000A73
:100E10008AF800001AF10100DFF82C15B1F858101B
:100E2000017010F1010ADFF81405B0F8B604801C57
:100E3000DFF80815A1F8B604B61C0222DFF8A815E1
:100E4000DFF8A80502F02DFAC6E4DFF8FC04B0F8DC
:100E50005A0080B2000A8AF800001AF10100DFF897
:100E6000E814B1F85A10017010F1010ADFF8CC044F
:100E7000B0F8B604801CDFF8C414A1F8B604B61CA0
:100E80000222DFF86C15DFF86C0502F00AFAA3E421
:100E9000DFF8B404B0F85C0080B2000A8AF8000001
:100EA0001AF10100DFF8A014B1F85C10017010F124
:100EB000010ADFF88804B0F8B604801CDFF87C145F
:100EC000A1F8B604B61C0222DFF82C15DFF82C05B9
:100ED00002F0E7F980E4DFF8700490F85E008AF829
:100EE00000001AF1010ADFF85404B0F8B604401CFF
:100EF000DFF84814A1F8B604761C0122DFF80015CB
:100F0000DFF8000502F0CDF966E4DFF83C0490F864
:100F10005F008AF800001AF1010ADFF82004B0F837
:100F2000B604401CDFF81414A1F8B604761C0122A4
:100F3000DFF8D414DFF8D40402F0B3F94CE4DFF89E
:100F40000804B0F8600080B2000A8AF800001AF1C4
:100F50000100DFF8F413B1F86010017010F1010A1C
:100F6000DFF8D803B0F8B604801CDFF8D013A1F87E
:100F7000B604B61C0222DFF89814DFF8980402F0D9
:100F800090F929E46220060026E4DFF8B003B0F807
:100F9000B614DFF8B00302F025F9ADF80200BDF891
:100FA000020080B2000A8AF800001AF10100BDF8C0
:100FB00002100170401CDFF88413B1F8B614891CCC
:100FC000DFF87823A2F8B614B2E19DF800101129D9
:100FD0006BDB9DF800101D2967DADFF83C249DF8D3
:100FE0000030A6214B4302EB0301A1F606310F00AE
:100FF000DFF828249DF80030A6214B4302EB0301C3
:10100000A1F606318846A6210D006521CB4A82F85B
:101010002C111321C94A82F82D11A178C74A82F8F0
:101020002E11E178C54A82F82F11290089B2090AE8
:10103000C24A82F83011C14981F83151DFF800A36A
:10104000002189464846290080B289B2884213D2DD
:10105000388880B2000A8AF800001AF10100398845
:10106000017010F1010A3888A8F80000BF1C18F1BF
:10107000020819F10209E5E7A91D89B2B14802F099
:10108000B1F8ADF80200BDF8020080B2000A8AF89B
:1010900000001AF10100BDF802100170401C15F1AA
:1010A0000801A64AA2F8B61442E19DF800103129C1
:1010B00067DB9DF800103D2963DAD94A9DF80030BE
:1010C00048214B4302EB0301A1F6C8518B46D54A98
:1010D0009DF8003048214B4302EB0301A1F6C851B3
:1010E000019148210D006521944A82F82C111321A9
:1010F000924A82F82D11A178904A82F82E11E17857
:101100008E4A82F82F11290089B2090A8B4A82F887
:1011100030118A4981F83151DFF824A20021894633
:101120004846290080B289B2884211D29BF800005B
:101130008AF800001AF1010A9BF800000199087072
:101140001BF1010B0198401C019019F10109E7E71F
:10115000A91D89B27B4802F045F8ADF80200BDF840
:10116000020080B2000A8AF800001AF10100BDF8FE
:1011700002100170401C15F10801704AA2F8B61463
:10118000D6E09DF80010E02969DB9DF80010F029F9
:1011900065DAA54A9DF8003006214B4302EB0301B6
:1011A000B1F5A8610F00A14A9DF8003006214B431C
:1011B00002EB0301B1F5A861884606210D00652107
:1011C0005E4A82F82C1113215C4A82F82D11A17815
:1011D0005A4A82F82E11E178584A82F82F112900D4
:1011E00089B2090A554A82F83011544981F83151BF
:1011F000DFF84CA1002189464846290080B289B217
:10120000884213D2388880B2000A8AF800001AF1A6
:1012100001003988017010F1010A3888A8F800002F
:10122000BF1C18F1020819F10209E5E7A91D89B2EE
:10123000444801F0D7FFADF80200BDF8020080B2CB
:10124000000A8AF800001AF10100BDF802100170CE
:10125000401C15F10801394AA2F8B61468E09DF85F
:101260000010F02964DB724A9DF8003022214B43C4
:1012700002EB0301B1F5FF510F006E4A9DF80030FB
:1012800022214B4302EB0301B1F5FF518846222195
:101290000D006521294A82F82C111321274A82F872
:1012A0002D11A178254A82F82E11E178234A82F87F
:1012B0002F11290089B2090A204A82F830111F49EA
:1012C00081F83151DFF878A000218946484629008D
:1012D00080B289B2884213D2388880B2000A8AF874
:1012E00000001AF101003988017010F1010A3888F4
:1012F000A8F80000BF1C18F1020819F10209E5E77F
:10130000A91D89B20F4801F06DFFADF80200BDF8CC
:10131000020080B2000A8AF800001AF10100BDF84C
:1013200002100170401C15F10801044AA2F8B6141D
:10133000BDE8F78F00640020646400202C000020CA
:101340005E010020580100202C65002090650020DF
:1013500096650020326500209A65002036650020E1
:101360009C65002038650020A26500203E650020B5
:10137000B26500204E650020C26500205E65002039
:10138000C665002062650020C865002064650020F5
:10139000C965002065650020CA65002066650020DB
:1013A000CE6500206A650020D26500206E650020B1
:1013B000D665002072650020DA6500207665002081
:1013C000DE6500207A650020E06500207C65002055
:1013D000E26500207E650020E46500208065002035
:1013E000E665002082650020E86500208465002015
:1013F000EA65002086650020EC65002088650020F5
:10140000EE6500208A650020EF6500208B650020D6
:10141000F06500208C65002060300020C03A00207C
:1014200020450020A049002058660020B866002012
:10143000405B0020605D00202DE9F14F82B00299F1
:1014400091F802905FEA09290299C97851EA0909DD
:1014500002998D78029991F803A02900C9B2002958
:1014600040F0B180DFF8881D0F00DFF8881D884646
:101470006421ADF802106521DFF87C2D82F82C1173
:101480001521DFF8742D82F82D11DFF8706D002121
:10149000DFF8642DA2F8B6140021894600218A469F
:1014A00000218B465846BDF8021080B2884231D2E6
:1014B0005046C0B2BDF8021080B288422AD23888A5
:1014C000B8F80010884218D0484680B2000A307040
:1014D000701C80F80090401C398889B2090A01709C
:1014E000401C39880170461CDFF80C0DB0F8B604BA
:1014F000001DDFF8041DA1F8B6043888A8F8000024
:10150000BF1C18F1020819F102091AF1020A1BF1B5
:10151000020BC7E7DFF8E00CB0F8B604002818D1DA
:10152000DFF8CC0C07003570701C00210170401CE6
:10153000398889B2090A0170401C39880170461C3B
:10154000DFF8B40CB0F8B604001DDFF8AC1CA1F84D
:10155000B604DFF8A40CB0F8B60480B2000ADFF8D5
:10156000981C81F82E01DFF8900CB0F8B604DFF873
:10157000881C81F82F01DFF8800CB0F8B604001D3C
:10158000DFF8741CA1F8B604DFF86C0CB0F8B614E0
:10159000DFF8480D01F026FEADF80000BDF80000B0
:1015A00080B2000A3070701CBDF800100170401C41
:1015B000DFF8441CB1F8B614891CDFF83C2CA2F803
:1015C000B61401F094B92900C9B2012940F040874E
:1015D0006221ADF802106521DFF81C2C82F82C1175
:1015E0001521DFF8142C82F82D11DFF8106C002182
:1015F000DFF8042CA2F8B6144FF48071894600215C
:101600008A465046C0B2622880F2B4865046C0B2C4
:1016100000284CD0062800F08A800A2800F0C880F4
:101620000C2800F00181122800F03F81222800F0F0
:101630007D81322800F0BC81362800F0FB813828FB
:1016400000F03482392800F067823A2800F09A824C
:101650003E2800F0D982422800F01883462800F086
:1016600057834A2800F096834E2800F0D6835028EE
:1016700000F01284522800F04B84542800F0848437
:10168000562800F0BB84582800F0F2845A2800F055
:1016900029855C2800F060855E2800F097855F282A
:1016A00000F0D385602800F0078600F05FBE0622B8
:1016B000DFF82C1CDFF82C0C01F0FEFD04002000EC
:1016C000C0B2002804D119F106091AF1060A98E7F8
:1016D000484680B2000A3070701C80F80090461CAA
:1016E000DFF8140BB0F8B604801CDFF80C1BA1F86F
:1016F000B60400208346584680B2062809DADFF88F
:10170000E40B594689B2405C3070761C1BF1010B2A
:10171000F1E7DFF8E40AB0F8B604801DDFF8D81A64
:10172000A1F8B60419F106091AF1060A69E70422BC
:10173000DFF8B41BDFF8B40B01F0BEFD040020009D
:10174000C0B2002804D119F104091AF1040A58E7BB
:10175000484680B2000A3070701C80F80090461C29
:10176000DFF8940AB0F8B604801CDFF88C1AA1F8F0
:10177000B60400208346584680B204280ADADFF80F
:10178000640B594689B2084480793070761C1BF18D
:10179000010BF0E7DFF8600AB0F8B604001DDFF8CF
:1017A000581AA1F8B60419F104091AF1040A28E735
:1017B0000222DFF83C1BDFF83C0B01F07DFD04004A
:1017C0002000C0B2002804D119F102091AF1020A5E
:1017D00017E7484680B2000A3070701C80F800900D
:1017E000401CDFF8141AB1F8B614891CDFF8082A77
:1017F000A2F8B614DFF8EC1A498989B2090A017017
:10180000401CDFF8E01A49890170461CDFF8E8093E
:10181000B0F8B604801CDFF8E019A1F8B60419F19D
:1018200002091AF1020AECE60622DFF8CC1ADFF808
:10183000CC0A01F041FD04002000C0B2002804D110
:1018400019F106091AF1060ADBE6484680B2000AD9
:101850003070701C80F80090461CDFF89C09B0F8CE
:10186000B604801CDFF89019A1F8B6040020834666
:10187000584680B206280ADADFF8680A594689B263
:101880000844007B3070761C1BF1010BF0E7DFF899
:101890006809B0F8B604801DDFF85C19A1F8B60439
:1018A00019F106091AF1060AABE61022DFF8501A00
:1018B000DFF8500A01F000FD04002000C0B200284B
:1018C00004D119F110091AF1100A9AE6484680B2BB
:1018D000000A3070701C80F80090461CDFF8180970
:1018E000B0F8B604801CDFF81019A1F8B604002087
:1018F0008346584680B210280ADADFF8E8095946CC
:1019000089B20844807C3070761C1BF1010BF0E733
:10191000DFF8E408B0F8B6041030DFF8DC18A1F8FE
:10192000B60419F110091AF1100A6AE61022DFF85C
:10193000D819DFF8D80901F0BFFC04002000C0B2BC
:10194000002804D119F110091AF1100A59E6484685
:1019500080B2000A3070701C80F80090461CDFF8DE
:101960009808B0F8B604801CDFF88C18A1F8B6040B
:1019700000208346584680B210280BDADFF864094D
:10198000594689B2084490F822003070761C1BF149
:10199000010BEFE7DFF86008B0F8B6041030DFF8AD
:1019A0005818A1F8B60419F110091AF1100A28E61E
:1019B0000422DFF8B41DDFF8B40D01F07DFC040053
:1019C0002000C0B2002804D119F104091AF1040A58
:1019D00017E6484680B2000A3070701C80F800900C
:1019E000461CDFF81408B0F8B604801CDFF80818AD
:1019F000A1F8B60400208346584680B204280BDACA
:101A0000DFF8E008594689B2084490F83200307097
:101A1000761C1BF1010BEFE7DFF8DC07B0F8B6042A
:101A2000001DDFF8D417A1F8B60419F104091AF162
:101A3000040AE6E50222DFF8381DDFF8380D01F070
:101A40003BFC04002000C0B2002804D119F10209B7
:101A50001AF1020AD5E5484680B2000A3070701CBF
:101A600080F80090401CDFF89017B1F8B614891C7C
:101A7000DFF88427A2F8B614DFF86818C98E89B297
:101A8000090A0170401CDFF85C18C98E0170461C01
:101A9000DFF86407B0F8B604801CDFF85C17A1F823
:101AA000B60419F102091AF1020AAAE50122DFF8C7
:101AB000C81CDFF8C80C01F0FFFB04002000C0B216
:101AC000002804D119F101091AF1010A99E54846E3
:101AD00080B2000A3070701C80F80090401CDFF863
:101AE0001817B1F8B614891CDFF80C27A2F8B61441
:101AF000DFF8F01791F838100170461CDFF8F8068F
:101B0000B0F8B604401CDFF8F016A1F8B60419F1DD
:101B100001091AF1010A74E50122DFF8D81DDFF886
:101B2000D80D01F0C9FB04002000C0B2002804D188
:101B300019F101091AF1010A63E5484680B2000A69
:101B40003070701C80F80090401CDFF8AC16B1F8C3
:101B5000B614891CDFF8A026A2F8B614DFF88417A3
:101B600091F839100170461CDFF88C06B0F8B60405
:101B7000401CDFF88416A1F8B60419F101091AF126
:101B8000010A3EE50422DFF8741DDFF8740D01F050
:101B900093FB04002000C0B2002804D119F104090D
:101BA0001AF1040A2DE5484680B2000A3070701C14
:101BB00080F80090461CDFF84006B0F8B604801CA0
:101BC000DFF83416A1F8B60400208346584680B2E8
:101BD00004280BDADFF80C07594689B2084490F85C
:101BE0003A003070761C1BF1010BEFE7DFF80806B6
:101BF000B0F8B604001DDFF80016A1F8B60419F11C
:101C000004091AF1040AFCE40422DFF8F81CDFF8E6
:101C1000F80C01F051FB04002000C0B2002804D1F0
:101C200019F104091AF1040AEBE4484680B2000AEB
:101C30003070701C80F80090461CDFF8BC05B0F8CE
:101C4000B604801CDFF8B015A1F8B6040020834666
:101C5000584680B204280BDADFF88806594689B264
:101C6000084490F83E003070761C1BF1010BEFE742
:101C7000DFF88405B0F8B604001DDFF87C15A1F884
:101C8000B60419F104091AF1040ABAE40422DFF8CF
:101C90007C1CDFF87C0C01F00FFB04002000C0B2BC
:101CA000002804D119F104091AF1040AA9E44846EC
:101CB00080B2000A3070701C80F80090461CDFF87B
:101CC0003805B0F8B604801CDFF82C15A1F8B6046E
:101CD00000208346584680B204280BDADFF8040659
:101CE000594689B2084490F842003070761C1BF1C6
:101CF000010BEFE7DFF80005B0F8B604001DDFF8D0
:101D0000F814A1F8B60419F104091AF1040A78E4E8
:101D10000422DFF8001CDFF8000C01F0CDFA04000B
:101D20002000C0B2002804D119F104091AF1040AF4
:101D300067E4484680B2000A3070701C80F800905A
:101D4000461CDFF8B404B0F8B604801CDFF8A81411
:101D5000A1F8B60400208346584680B204280BDA66
:101D6000DFF88005594689B2084490F84600307083
:101D7000761C1BF1010BEFE7DFF87C04B0F8B6042A
:101D8000001DDFF87414A1F8B60419F104091AF162
:101D9000040A36E40422DFF8841BDFF8840B01F028
:101DA0008BFA04002000C0B2002804D119F1040904
:101DB0001AF1040A25E4484680B2000A3070701C0B
:101DC00080F80090461CDFF83004B0F8B604801CA0
:101DD000DFF82414A1F8B60400208346584680B2E8
:101DE00004280BDADFF8FC04594689B2084490F85D
:101DF0004A003070761C1BF1010BEFE7DFF8F803A7
:101E0000B0F8B604001DDFF8F013A1F8B60419F11C
:101E100004091AF1040AFFF7F4BB0222DFF8041BDD
:101E2000DFF8040B01F048FA04002000C0B20028DB
:101E300005D119F102091AF1020AFFF7E2BB48467F
:101E400080B2000A3070701C80F80090401CDFF8EF
:101E5000A813B1F8B614891CDFF89C23A2F8B614B5
:101E6000DFF88014B1F84E1089B2090A0170401CE5
:101E7000DFF87014B1F84E100170461CDFF87803DB
:101E8000B0F8B604801CDC49A1F8B60419F10209C7
:101E90001AF1020AFFF7B5BB0222DFF8901ADFF849
:101EA000900A01F009FA04002000C0B2002805D110
:101EB00019F102091AF1020AFFF7A3BB484680B2E2
:101EC000000A3070701C80F80090401CCA49B1F8BC
:101ED000B614891CC84AA2F8B614DFF80814B1F881
:101EE000501089B2090A0170401CDFF8F813B1F8EC
:101EF00050100170461CC048B0F8B604801CBE49A2
:101F0000A1F8B60419F102091AF1020AFFF779BB28
:101F10000222DFF8201ADFF8200A01F0CDF90400D0
:101F20002000C0B2002805D119F102091AF1020AF5
:101F3000FFF767BB484680B2000A3070701C80F81B
:101F40000090401CAC49B1F8B614891CAA4AA2F80A
:101F5000B614DFF89013B1F8521089B2090A017073
:101F6000401CDFF88013B1F852100170461CA248E3
:101F7000B0F8B604801CA049A1F8B60419F1020912
:101F80001AF1020AFFF73DBB0222DFF8B019DFF8B1
:101F9000B00901F091F904002000C0B2002805D179
:101FA00019F102091AF1020AFFF72BBB484680B269
:101FB000000A3070701C80F80090401C8E49B1F807
:101FC000B614891C8C4AA2F8B614C649B1F854104C
:101FD00089B2090A0170401CC249B1F8541001705D
:101FE000461C8548B0F8B604801C8349A1F8B604A5
:101FF00019F102091AF1020AFFF703BB0222DFF806
:102000004419DFF8440901F057F904002000C0B278
:10201000002805D119F102091AF1020AFFF7F1BAF5
:10202000484680B2000A3070701C80F80090401C56
:102030007149B1F8B614891C6F4AA2F8B614A949BF
:10204000B1F8561089B2090A0170401CA549B1F8CF
:1020500056100170461C6848B0F8B604801C6649EA
:10206000A1F8B60419F102091AF1020AFFF7C9BA78
:102070000222DFF8D818DFF8D80801F01DF90400B3
:102080002000C0B2002805D119F102091AF1020A94
:10209000FFF7B7BA484680B2000A3070701C80F86B
:1020A0000090401C5449B1F8B614891C524AA2F859
:1020B000B6148C49B1F8581089B2090A0170401C55
:1020C0008849B1F858100170461C4B48B0F8B60466
:1020D000801C4949A1F8B60419F102091AF1020A53
:1020E000FFF78FBA0222DFF86C18DFF86C0801F0F6
:1020F000E3F804002000C0B2002805D119F102095C
:102100001AF1020AFFF77DBA484680B2000A307021
:10211000701C80F80090401C3749B1F8B614891C37
:10212000354AA2F8B6146F49B1F85A1089B2090AB3
:102130000170401C6B49B1F85A100170461C2E48C2
:10214000B0F8B604801C2C49A1F8B60419F10209B4
:102150001AF1020AFFF755BA0222DFF80018DFF879
:10216000000801F0A9F804002000C0B2002805D141
:1021700019F102091AF1020AFFF743BA484680B280
:10218000000A3070701C80F80090401C1A49B1F8A9
:10219000B614891C184AA2F8B6145249B1F85C105A
:1021A00089B2090A0170401C4E49B1F85C100170F7
:1021B000461C1148B0F8B604801C0F49A1F8B604BB
:1021C00019F102091AF1020AFFF71BBA0122DFF81E
:1021D0009417DFF8940701F06FF804002000C0B2F4
:1021E00000280DD119F101091AF1010AFFF709BA06
:1021F00000640020646400202C0000205C010020AA
:10220000484680B2000A3070701C80F80090401C74
:10221000DFF85817B1F8B614891CDFF85027A2F878
:10222000B614304991F85E100170461CDFF83C0787
:10223000B0F8B604401CDFF83417A1F8B60419F161
:1022400001091AF1010AFFF7DCB90122DFF82017B2
:10225000DFF8200701F030F804002000C0B20028A9
:1022600005D119F101091AF1010AFFF7CAB9484667
:1022700080B2000A3070701C80F80090401CDFF8BB
:10228000EC16B1F8B614891CDFF8E026A2F8B614F3
:10229000144991F85F100170461CDFF8D006B0F8C1
:1022A000B604401CDFF8C416A1F8B60419F1010900
:1022B0001AF1010AFFF7A5B90222DFF8BC16DFF810
:1022C000BC0600F0F9FF04002000C0B200281FD1B6
:1022D00019F102091AF1020AFFF793B95801002017
:1022E000906500202C650020966500203265002056
:1022F0009A650020366500209C6500203865002026
:10230000A26500203E650020B26500204E650020D9
:10231000484680B2000A3070701C80F80090401C63
:10232000DFF84816B1F8B614891CDFF84026A2F889
:10233000B614DFF84C16B1F8601089B2090A0170C2
:10234000401CDFF83C16B1F860100170461CDFF845
:102350001C06B0F8B604801CDFF81016A1F8B6040D
:1023600019F102091AF1020AFFF74BB962208246FD
:10237000FFF747B9DFF8F405B0F8B60400282ED10E
:10238000DFF8FC0507003570701C00210170401C4F
:10239000DFF8EC1509780170401CDFF8E415497886
:1023A0000170401CDFF8D81589780170401CDFF8F7
:1023B000D015C9780170401CDFF8C4150979017087
:1023C000401CDFF8BC1549790170461CDFF89C05FC
:1023D000B0F8B6040830DFF89415A1F8B604DFF8B9
:1023E0008C05B0F8B60480B2000ADFF8801581F8D9
:1023F0002E01DFF87805B0F8B604DFF8701581F823
:102400002F01DFF86805B0F8B604001DDFF85C1591
:10241000A1F8B604DFF85405B0F8B614DFF8940C50
:1024200000F0E0FEADF80000BDF8000080B2000A48
:102430003070701CBDF800100170401CDFF82C15C6
:10244000B1F8B614891CDFF82425A2F8B6144EE2C0
:102450002900C9B21129C0F2C9802900C9B21D29B9
:1024600080F2C480DFF8502C2B00DBB2A6214B4356
:1024700002EB0301A1F606310F00DFF8402C2B0020
:10248000DBB2A6214B4302EB0301A1F606318846DD
:10249000A621ADF802106521DFF8D02482F82C11B6
:1024A0001521DFF8C82482F82D11DFF8146C002103
:1024B000DFF8B824A2F8B61400218B465846BDF8C0
:1024C000021080B2884231D25046C0B2BDF802102C
:1024D00080B288422AD23888B8F80010884218D0D2
:1024E000484680B2000A3070701C80F80090401C92
:1024F000398889B2090A0170401C39880170461C6C
:10250000DFF86804B0F8B604001DDFF86014A1F825
:10251000B6043888A8F80000BF1C18F1020819F1A9
:1025200002091AF1020A1BF1020BC7E7DFF83C04AB
:10253000B0F8B604002820D1DFF87C1B2A00D2B204
:10254000A620424301EB0200A0F6063007003570DA
:10255000701C00210170401C398889B2090A017081
:10256000401C39880170461CDFF80004B0F8B6043E
:10257000001DDFF8F813A1F8B604DFF8F003B0F897
:10258000B60480B2000ADFF8E41381F82E01DFF808
:10259000DC03B0F8B604DFF8D41381F82F01DFF8BC
:1025A000CC03B0F8B604001DDFF8C013A1F8B604E0
:1025B000DFF8B803B0F8B614DFF8F80A00F012FE3E
:1025C000ADF80000BDF8000080B2000A3070701C49
:1025D000BDF800100170401CDFF89013B1F8B6147C
:1025E000891CDFF88823A2F8B61480E12900C9B25B
:1025F000E029C0F2C5802900C9B2F02980F2C0806C
:10260000DFF8942B2B00DBB206214B4302EB0301D6
:10261000B1F5A8610F00DFF8842B2B00DBB2062197
:102620004B4302EB0301B1F5A86188460621ADF8E2
:1026300002106521CD4A82F82C111521CB4A82F86F
:102640002D11DFF87C6A0021C84AA2F8B6140021D7
:102650008B465846BDF8021080B288422FD25046B1
:10266000C0B2BDF8021080B2884228D23888B8F8CB
:102670000010884216D0484680B2000A3070701CA4
:1026800080F80090401C398889B2090A0170401C0A
:1026900039880170461CB548B0F8B604001DB3492E
:1026A000A1F8B6043888A8F80000BF1C18F1020889
:1026B00019F102091AF1020A1BF1020BC9E7AB4832
:1026C000B0F8B60400281ED1DFF8CC1A2A00D2B226
:1026D0000620424301EB0200B0F5A8600700357008
:1026E000701C00210170401C398889B2090A0170F0
:1026F000401C39880170461C9C48B0F8B604001D87
:102700009A49A1F8B6049948B0F8B60480B2000A14
:10271000964981F82E019548B0F8B604934981F89E
:102720002F019248B0F8B604001D9049A1F8B604F4
:102730008E48B0F8B614DFF87C0900F053FDADF810
:102740000000BDF8000080B2000A3070701CBDF8B7
:1027500000100170401C8549B1F8B614891C834AE9
:10276000A2F8B614C3E000BFC26500205E65002079
:10277000C665002062650020C865002064650020F1
:102780002900C9B2F029C0F2B280DFF8142A2B0068
:10279000DBB222214B4302EB0301B1F5FF510F00E5
:1027A000DFF8002A2B00DBB222214B4302EB0301AE
:1027B000B1F5FF5188462221ADF8021065216B4A20
:1027C00082F82C111521694A82F82D11DFF8F06882
:1027D0000021664AA2F8B61400218B465846BDF87F
:1027E000021080B288422FD25046C0B2BDF802100B
:1027F00080B2884228D23888B8F80010884216D0B3
:10280000484680B2000A3070701C80F80090401C6E
:10281000398889B2090A0170401C39880170461C48
:102820005248B0F8B604001D5049A1F8B6043888E3
:10283000A8F80000BF1C18F1020819F102091AF1EA
:10284000020A1BF1020BC9E74848B0F8B604002899
:102850001ED1DFF84C192A00D2B22220424301EBEC
:102860000200B0F5FF5007003570701C00210170A8
:10287000401C398889B2090A0170401C39880170EE
:10288000461C3A48B0F8B604001D3849A1F8B60411
:102890003648B0F8B60480B2000A344981F82E01F7
:1028A0003248B0F8B604314981F82F012F48B0F80A
:1028B000B604001D2D49A1F8B6042C48B0F8B61492
:1028C000DFF8F00700F08EFCADF80000BDF8000066
:1028D00080B2000A3070701CBDF800100170401CFE
:1028E0002249B1F8B614891C204AA2F8B614BDE8F2
:1028F000F78F00BFC965002065650020CA6500200C
:1029000066650020CE6500206A650020D265002043
:102910006E650020D665002072650020DA65002013
:1029200076650020DE6500207A650020E0650020E5
:102930007C650020E26500207E650020E4650020C3
:1029400080650020E665002082650020E8650020A3
:1029500084650020EA65002086650020EC65002083
:1029600088650020EE6500208A6500202C0000208C
:10297000EF6500208B650020F06500208C6500204D
:102980002C6500202DE9F84F84B00400002594F850
:1029900002B05FEA0B2BE07850EA0B0BA0788DF8C1
:1029A000000094F803809DF80000002840F08A8021
:1029B0002179090260790143ADF80610BDF80600DF
:1029C000022190FBF1F0ADF80C00DFF8DC07642188
:1029D000ADF808104146C9B2022291FBF2F100EBBA
:1029E0004100070006200600002082465046BDF840
:1029F0000C1080B288425DD24046C0B2BDF80810CB
:102A000080B2884256D2300080B2205CADF802001D
:102A1000761CBDF802000002ADF80200BDF80210FD
:102A2000300080B2205C0143ADF80210761C4046B5
:102A3000C0B25C2802DB0120050032E04046C0B293
:102A40005A280FD1BDF80200642804D100F04AFCD6
:102A500000F025FF25E0BDF80200652821D100F037
:102A60001EFF1EE04046C0B25A281ADA4046C0B2E5
:102A700042280FD10020DFF83017A1F846000020CF
:102A8000DFF82417A1F848000422DFF820174620B9
:102A900000F05FFF02220DF102014046C0B200F0DB
:102AA00058FFBDF802003880BF1C18F102081AF167
:102AB000010A9BE72800C0B2002800F0DB8201F089
:102AC00050FAD7E29DF80000012840F038822179C1
:102AD000090260790143ADF80610BDF8060050FA0E
:102AE00088F0ADF80A00A01D81464046C0B2BDF88E
:102AF0000A1080B2884280F01B824046C0B2002893
:102B000048D006285BD00A286FD00C2879D012282C
:102B100000F08D80222800F0A980322800F0BD80CE
:102B2000362800F0D180382800F0DA80392800F00B
:102B3000E2803A2800F0EA803E2800F0FE80422839
:102B400000F01281462800F026814A2800F03A81E0
:102B50004E2800F05881502800F06281522800F081
:102B60006C81542800F07681562800F08081582826
:102B700000F097815A2800F0A0815C2800F0A9811C
:102B80005E2800F0B2815F2800F0B981602800F073
:102B9000C081CAE100208246504680B206280BDA86
:102BA00099F80000DFF80816524692B2885419F1DD
:102BB00001091AF1010AEFE718F1060895E700206C
:102BC0008246504680B204280CDA99F80000DFF8FB
:102BD000E015524692B21144887119F101091AF1B7
:102BE000010AEEE718F104087FE70221484600F0E9
:102BF00035FBDFF8BC15488119F1020918F102080C
:102C000073E700208246504680B206280CDA99F815
:102C10000000DFF89C15524692B21144087319F176
:102C200001091AF1010AEEE718F106085DE7002034
:102C30008246504680B2102815DA99F80000DFF875
:102C40007015524692B21144887419F10100DFF8F0
:102C50006015524692B21144897C017010F101094D
:102C60001AF1010AE5E718F110083EE70020824654
:102C7000504680B210280DDA99F80000DFF83015C0
:102C8000524692B2114481F8220019F101091AF159
:102C9000010AEDE718F1100827E7002082465046A8
:102CA00080B204280DDA99F80000DFF804155246C6
:102CB00092B2114481F8320019F101091AF1010AA6
:102CC000EDE718F1040810E70221484600F0C6FAC3
:102CD000DFF8DC14C88619F1020918F1020804E7CC
:102CE00099F80000DFF8C81481F8380019F10109DB
:102CF00018F10108F9E699F80000DFF8B41481F83A
:102D0000390019F1010918F10108EEE600208246A8
:102D1000504680B204280DDA99F80000DFF89014CC
:102D2000524692B2114481F83A0019F101091AF1A0
:102D3000010AEDE718F10408D7E600208246504664
:102D400080B204280DDA99F80000DFF864145246C6
:102D500092B2114481F83E0019F101091AF1010AF9
:102D6000EDE718F10408C0E600208246504680B224
:102D700004280DDA99F80000DFF83414524692B2B4
:102D8000114481F8420019F101091AF1010AEDE735
:102D900018F10408A9E600208246504680B20428B3
:102DA0000DDA99F80000DFF80814524692B2114487
:102DB00081F8460019F101091AF1010AEDE718F14D
:102DC000040892E600208246504680B2042817DAB2
:102DD00099F80000DFF8D813524692B2114481F8F6
:102DE0004A0019F10100DFF8C813524692B21144AB
:102DF00091F84A10017010F101091AF1010AE3E794
:102E000018F1040871E60221484600F027FADFF8BD
:102E1000A013A1F84E0019F1020918F1020864E6A6
:102E20000221484600F01AFADFF88413A1F8500096
:102E300019F1020918F1020857E60221484600F08C
:102E40000DFADFF86C13A1F8520019F1020918F11C
:102E500002084AE60221484600F000FADFF8501363
:102E6000A1F8540019F1020918F102083DE6022107
:102E7000484600F0F3F9DFF83813A1F8560019F1CD
:102E8000020918F10208DFF82803B0F85600DFF84D
:102E90001813A1F84E006422C349002000F059FD28
:102EA00023E60221484600F0D9F9C149A1F85800AB
:102EB00019F1020918F1020817E60221484600F04C
:102EC000CDF9BB49A1F85A0019F1020918F102081D
:102ED0000BE60221484600F0C1F9B549A1F85C00B3
:102EE00019F1020918F10208FFE599F80000B0494C
:102EF00081F85E0019F1010918F10108F5E599F86A
:102F00000000AB4981F85F0019F1010918F10108CF
:102F1000EBE50221484600F0A1F9A549A1F86000BF
:102F200019F102091BF1020BDFE562208046DCE5A6
:102F300062229F494FF4807000F00BFD9AE09DF8EB
:102F4000000011284DDB9DF80000192849DA994846
:102F50000078002840F08E80002082465046964936
:102F6000B1F8BA1480B288420ED29348514689B261
:102F7000084490F884039049524692B2114481F873
:102F8000A20F1AF1010AE9E79DF8000010388A49FA
:102F900081F8A20F8848B0F8BA0488490880012057
:102FA0008449087003208649087084480088811E7F
:102FB00089B2844800F016F9ADF80400BDF80400A9
:102FC00080B2000A7C497D4A1288114481F8A00F22
:102FD000BDF804007849794A1288114481F8A10F9C
:102FE00048E079480078002844D1002082465046C5
:102FF0007149B1F8BA1480B288420FD26E48514676
:1030000089B2084490F884036B49524692B2114445
:1030100041F2744288541AF1010AE8E79DF8000071
:103020006A4908706448B0F8BA0469490880012008
:103030006549087003206749087065480088811E4B
:1030400089B2624800F0CEF8ADF80400BDF8040083
:1030500080B2000A58495E4A1288114441F2724215
:103060008854BDF804005449594A1288114441F269
:103070007342885405B0BDE8F08F80B54E48B0F873
:10308000B204022815DA4C48B0F8B204012810D175
:1030900000204949A1F8B20401224FF480714E4842
:1030A00002F073F94448B0F8B62402494B4802F0E4
:1030B000CEF901BD5801002060300020C03A002048
:1030C0005C01002038B53C4890F8C404012861D167
:1030D0000020394981F8C4043748B0F8BA04811E89
:1030E00089B23F4800F07EF8040033483249B1F815
:1030F000BA14084490F8821309022F482E4AB2F8F5
:10310000BA24104490F8830301430D0020002900E5
:1031100080B289B288423DD140F6B8302649A1F844
:10312000BC04254890F88503132807D12C48FDF7E7
:10313000B7FA05202049A1F8B20427E01E4890F80C
:103140008503152807D12648FEF776F905201A4988
:10315000A1F8B2041AE0184890F88503202815D188
:103160001F48FFF70FFC0020134981F88703002058
:10317000114981F8880300200F4981F88903184814
:10318000FEF75AF905200C49A1F8B20400200A49BB
:10319000A1F8B00431BD000058660020B8660020D8
:1031A000405B0020605D0020006400204664002039
:1031B0002C650020681300202C00002058130020EC
:1031C00069130020CE0F00203A180020A014002020
:1031D0002A1800203B18002000000240B06900209F
:1031E000B003002070B403004FF6FF700A0092B2E3
:1031F000002A03D180B2C04380B22DE00022140027
:103200001A7815005B1C220092B2082A17DA020015
:1032100092B212F001022E00B6B216F0010696EA42
:10322000020F06D080B202004AF2010090EA52007A
:1032300001E080B24008641CADB26D08E3E7491EAE
:103240000A0092B2002AD9D10600320092B2120AC4
:1032500052EA0022100080B270BC704710B4020025
:103260000B00DBB2022B07D11478531C24021A780E
:10327000144320005A1C12E00B00DBB2042B0ED1C9
:103280001478531C24021A7814435B1C24021A7805
:1032900014435B1C24021A78144320005A1C10BCEF
:1032A000704713005A1EDBB2002B04D003780B705A
:1032B000401C491CF5E7704730B40400002013009F
:1032C0005A1EDBB2002B0AD023780D78AB4201D016
:1032D0000123180023780B70641C491CEFE7C0B26F
:1032E00030BC70471CB502226946FE2000F008FB86
:1032F000BDF8000041F25E3188420FD16422DFF850
:103300003014002000F0FCFADFF824044089002883
:1033100003D10320DFF818144881A1E064220021C2
:10332000DFF80C0402F09EFB41F25E30ADF80000C5
:1033300002226946FE2000F00CFB0320DFF8F013A8
:10334000A1F84E0040F20110DFF8E413A1F84C00A0
:103350005020DFF8DC13C8824620DFF8D41308833E
:103360000320DFF8CC1348833220DFF8C4138883AE
:103370000320DFF8BC1348810520DFF8B4138881EF
:103380000120DFF8AC1348840020DFF8A413888400
:103390000220DFF89C13C8840020010089B20929AB
:1033A00009DA411CDFF8882303009BB202EB4302D9
:1033B0001185401CF1E70024200080B204280ADABD
:1033C00014F10900DFF86813220092B201EB420108
:1033D000C881641CF0E70020DFF8541348870A20F6
:1033E000DFF84C1388870020DFF84413C8870520D6
:1033F000DFF83C13A1F840004820DFF83413A1F8AF
:1034000042000020DFF82813A1F846000020DFF872
:103410002013A1F848004FF4E260DFF81413A1F87C
:103420004A000020DFF80813A1F850000020DFF860
:103430000013A1F852000020DFF8F412A1F85400A4
:103440000120DFF8EC12A1F856000020DFF8E012AE
:10345000A1F85A006422DFF8D812002000F079FAAF
:1034600013BD80B5022269464FF4F07000F048FAAF
:10347000BDF8000041F25D31884220D16222DFF8C0
:10348000B4124FF4807000F03BFA0120DFF8A41270
:1034900081F85F001520DFF89C1281F85E0040F291
:1034A0008630DFF89012A1F858001620A149A1F843
:1034B0005A0040F29E309F49A1F85C00BAE06222B7
:1034C00000219C4802F0CEFA41F25D30ADF80000D8
:1034D000022269464FF4F07000F03BFA75209549DE
:1034E000887134209349C8715B2092490872D320B7
:1034F0009049487241F661608E49488170208D493B
:103500000870C7208B4948706F208A4988708420D2
:103510008849C87000208749087102208549487190
:103520007520844981F832003420824981F83300C3
:103530005B20804981F83400D3207E4981F8350032
:1035400041F661607B49C88670207A490873C720BC
:10355000784948736F207749887384207549C87308
:10356000002074490874022072494874C0207149CF
:1035700081F83A00A8206F4981F83B0000206D498E
:1035800081F83C000A206B4981F83D00FF20694921
:1035900081F83E00FF20674981F83F00FE20654921
:1035A00081F840000020634981F84100C020614952
:1035B00081F84200A8205F4981F8430000205D495E
:1035C00081F8440001205B4981F8450001205949F8
:1035D00081F838000120574981F839000120554908
:1035E000A1F84E0001205349A1F850000120514993
:1035F000A1F8540003204F49A1F8560001204D497D
:1036000081F85F0015204B4981F85E0040F286305A
:103610004849A1F8580016204649A1F85A0040F23E
:103620009E304449A1F85C00622242494FF4807008
:1036300000F08FF901BD80B50222694640F2FE60BC
:1036400000F05EF9BDF8000041F25D31884207D11B
:103650004FF4107239494FF4806000F051F92CE0BA
:103660004FF410720021354802F0FCF90B22344966
:10367000324802F001FA0B223249334802F0FCF9D9
:1036800001202E49A1F8300204202C49A1F8320271
:1036900001202A49A1F834024FF4107227494FF44F
:1036A000806000F056F941F25D30ADF80000022272
:1036B000694640F2FE6000F04CF901BD80B524225D
:1036C0000021224802F0CEF970220021204802F0A9
:1036D000C9F943F2340200211E4802F0C3F9642202
:1036E0000021134802F0BEF962220021114802F0C5
:1036F000B9F94FF426620021174802F0B3F94FF4EC
:10370000087200210C4802F0ADF960220021134834
:1037100002F0A8F9FFF7E6FDFFF7A3FEFFF78BFF26
:103720004FF4A07200210E4802F09CF901BD000088
:10373000006400202C650020405B002080540020A5
:1037400000EA02080CEA0208D0540020346B002082
:10375000906300202C00002060300020586600207C
:103760007055002010F007035A490A684FF6FF0110
:103770000A4052EA032258490A4356490A607047F0
:1037800054480068C0F302207047012210F01F0166
:103790008A40524903005BB25B0941F8232070471D
:1037A00010B4020052B2002A09D50A014C4B0400A1
:1037B00064B214F00F04234403F8042C04E00A015B
:1037C000484B040064B21A5510BC704770B4030033
:1037D00013F00704D4F10700052801D3042001E009
:1037E000D4F10700251D072D01D2002500E0E51EBC
:1037F000012616FA00F0401E0140A940012010FAEF
:1038000005F56D1E2A401143080070BC7047BFF3D8
:103810004F8F3048016811F4E061334801432D486F
:103820000160BFF34F8F00BFFDE710B50400601EBD
:10383000B0F1807F01D301200EE0601E2B490860AB
:103840000F215FF0FF30FFF7ABFF00202849086031
:10385000072028490860002010BD10B50400200092
:10386000FFF780FF10BD2DE9F04104000D001600A8
:103870000027FFF785FF8046320029004046FFF70A
:10388000A5FF0100200040B2FFF78AFFBDE8F081EC
:1038900010B50400200040B2FFF777FF10BD80B5DF
:1038A000FFF7B5FF01BD10B504002000FFF7BDFF15
:1038B00010BD042806D10F49096851F004010D4AD2
:1038C000116005E00B49096831F00401094A1160F3
:1038D000704700000CED00E00000FA0500E100E098
:1038E00018ED00E000E400E00400FA0514E000E058
:1038F00018E000E010E000E080B500F06BF801BDDA
:103900007CB506000C001500002201212F4801F0B3
:103910003CFD03208DF80000300080B2000A8DF8D5
:10392000010030008DF802004FF47A7303226946DB
:10393000274802F0EEF84FF47A732A0092B2210081
:10394000234802F0BEF901220121204801F01DFDAB
:1039500073BD7CB504000D001600002201211B4838
:1039600001F013FD06208DF800004FF47A73012258
:103970006946174802F0CDF801220121134801F0F1
:1039800004FD00220121114801F0FFFC02208DF806
:103990000000200080B2000A8DF8010020008DF8A0
:1039A00002004FF47A7303226946094802F0B1F825
:1039B0004FF47A73320092B22900054802F0A9F858
:1039C00001220121014801F0E0FC73BD0004024026
:1039D000D867002010B5DFF87C09C07F012800F00F
:1039E0006B820120DFF86C19C877DFF8680900895D
:1039F000002806D0DFF85C090089401EDFF8541962
:103A00000881DFF850094089002806D0DFF8440912
:103A10004089401EDFF83C194881DFF83809808969
:103A2000002806D0DFF82C098089401EDFF8241911
:103A30008881DFF82009C089002806D0DFF8140942
:103A4000C089401EDFF80C19C881DFF80809008A18
:103A5000002806D0DFF8FC08008A401EDFF8F418C2
:103A60000882DFF8F008408A002806D0DFF8E40872
:103A7000408A401EDFF8DC184882DFF8D808008949
:103A8000002808D14EF66020DFF8C8180881012010
:103A9000DFF8C0180875DFF8BC084089002808D195
:103AA0004FF47A70DFF8AC1848810120DFF8A418D1
:103AB0004875DFF8A0088089002808D14FF4FA7013
:103AC000DFF8901888810120DFF888188875DFF802
:103AD0008408C089002807D16420DFF87818C881DD
:103AE0000120DFF87018C875DFF86808008A002820
:103AF00007D13220DFF85C1808820120DFF8541863
:103B00000876DFF85008408A002807D10A20DFF83D
:103B1000441848820120DFF83C1848760120DFF87D
:103B200034188876DFF82C084068022806D3DFF8BE
:103B300024084068401EDFF81C184860DFF81808A9
:103B4000B0F84A00C00527D5DFF80C0890F85000FF
:103B5000C00721D5DFF80008B0F90010DFF8F8073A
:103B6000808BDFF8F427528912180A2042439142D1
:103B70001BDADFF8E407B0F85400022815DADFF8A2
:103B8000DC07806E002810D0DFF8D007806E401E62
:103B9000DFF8C817886608E0DFF8BC0781894EF6B1
:103BA00060204143DFF8B40781660020DFF8A417E6
:103BB000C877DFF8A0070068401CDFF89817086096
:103BC0000024200080B20A2880F29280DFF890174B
:103BD000220092B240F2D240424301EB0200B0F820
:103BE000B004002816D0DFF87817220092B240F215
:103BF000D240424301EB0200B0F8B004411EDFF8AE
:103C0000602723009BB240F2D240434302EB030003
:103C1000A0F8B014DFF84817220092B240F2D24068
:103C2000424301EB0200B0F8BC04002816D0DFF8D4
:103C30003017220092B240F2D240424301EB020020
:103C4000B0F8BC04411EDFF8182723009BB240F2F5
:103C5000D240434302EB0300A0F8BC14DFF8001786
:103C6000220092B240F2D240424301EB0200B0F88F
:103C7000B204022816DBDFF8E816220092B240F206
:103C8000D240424301EB0200B0F8B204411EDFF81B
:103C9000D02623009BB240F2D240434302EB030004
:103CA000A0F8B214DFF8B816220092B240F2D24067
:103CB000424301EB0200B0F8C204022816DBDFF831
:103CC000A016220092B240F2D240424301EB020021
:103CD000B0F8C204411EDFF8882623009BB240F2F0
:103CE000D240434302EB0300A0F8C214641C68E70F
:103CF000DFF86C06B0F8BC04002817D0DFF85406D3
:103D000000686421B0FBF1F201FB1200332806D3F6
:103D100000224021DFF84C0601F037FB1EE00122B3
:103D20004021DFF8400601F030FB17E0DFF8240601
:103D300000684FF4FA71B0FBF1F201FB1200FB28AE
:103D400006D300224021DFF81C0601F01EFB05E02F
:103D500001224021DFF80C0601F017FBDFF8000616
:103D6000B0F8600E002817D0DFF8E805006864217D
:103D7000B0FBF1F201FB1200332806D30022102120
:103D8000DFF8E40501F001FB22E001221021DFF859
:103D9000D80501F0FAFA1BE0DFF8C40590F86D0EC3
:103DA00000280FD0DFF8B80590F86D0E401EDFF840
:103DB000B01581F86D0E00221021DFF8AC0501F07E
:103DC000E4FA05E001221021DFF89C0501F0DDFA9C
:103DD000DFF898050088002819D0DFF8780500681A
:103DE0006421B0FBF1F201FB1200332807D300225B
:103DF0004FF48061DFF8780501F0C7FA22E0012274
:103E00004FF48061DFF8680501F0BFFA1AE0DFF8CF
:103E10006405007800280ED0DFF858050078401EB1
:103E2000DFF85015087000224FF48061DFF840057C
:103E300001F0ABFA06E001224FF48061DFF83005B3
:103E400001F0A3FADFF830050088002819D0DFF868
:103E5000040500686421B0FBF1F201FB1200332875
:103E600007D300224FF40071DFF8040501F08DFA4A
:103E700022E001224FF40071DFF8F40401F085FA2A
:103E80001AE0DFF8F804007800280ED0DFF8EC0420
:103E90000078401EDFF8E414087000224FF400712F
:103EA000DFF8CC0401F071FA06E001224FF4007152
:103EB000DFF8BC0401F069FA10BD10B504002068F9
:103EC000DFF8BC14884206D100224FF48071DFF87D
:103ED000940401F05AFA2068DFF8A814884205D14A
:103EE00000220821DFF8800401F04FFA2068DFF893
:103EF000981488420DD100228021DFF86C0401F073
:103F000044FADFF88804007810F0FE00DFF87C1433
:103F100008702068DFF87814884206D100224FF438
:103F20008071DFF84C0401F030FA2068DFF8641487
:103F3000884205D100220821DFF8280401F025FA83
:103F400010BD80B50022DFF85014DFF8F80C02F045
:103F500094FA0022DFF85C1BDFF8E80C02F0DBF9D2
:103F600001BD80B5DFF8F003B0F85C0080B2000A54
:103F7000DFF82414C870DFF8E003B0F85C00DFF865
:103F800018140870DFF8D003B0F85E0080B2000AA1
:103F9000DFF804144870DFF8C003B0F85E00DFF803
:103FA000F8138870DFF8B003B0F8600080B2000A40
:103FB000DFF8001B0870DFF8A003B0F86000DFF83E
:103FC000F41A4870DFF89003B0F86200DFF8E41AE2
:103FD00088700022DFF8C013DFF8680C02F0CFF918
:103FE0000022DFF8D01ADFF85C0C02F007F901BDFF
:103FF000DFF86403C08F002818D002282CD024D307
:10400000042836D02FD3062840D038D308284BD0E8
:1040100043D30A2856D04ED30C2861D059D30E284A
:104020006CD064D3102877D06FD37CE0DFF88C1B82
:10403000DFF82403028DA620424301EB020030F892
:10404000A60CDFF81413088072E0DFF8740B008808
:10405000DFF8041308806BE0DFF8640B4088DFF8BA
:10406000F812088064E0DFF8580B408CBA490880E9
:104070005EE0DFF84C0B808CB749088058E0DFF831
:10408000400BB0F84400B449088051E0DFF8300B31
:10409000B0F84600B04908804AE0DFF8240BB0F8D9
:1040A0006600AD49088043E0DFF8140BB0F8680003
:1040B000A94908803CE0DFF8080BB0F88800A64961
:1040C000088035E0DFF8F80AB0F88A00A2490880D5
:1040D0002EE0DFF8EC0AB0F8AA009F49088027E03C
:1040E000DFF8DC0AB0F8AC009B49088020E0DFF87C
:1040F000D00AB0F8CC009849088019E0DFF8C00A6F
:10410000B0F8CE009449088012E0DFF8B40AB0F8A5
:10411000EE00914908800BE0DFF8A40AB0F8F00047
:104120008D49088004E0DFF8940A00888A490880F5
:10413000704780B58848B0F9000047F6FF718842A3
:1041400000F08F808448B0F900004FF6FF7188427C
:1041500000F087808048B0F84A00C0057DD57E48D1
:1041600090F85000C00778D57B48B0F8540000287C
:1041700008D0022829D013D3042853D048D30528C7
:1041800061D06EE001207449A1F854007248B0F883
:1041900052104FF6FE7001406F48A0F8521060E0D8
:1041A0006D48B0F900106C48808B6B4A5289121828
:1041B0000A204243914203DA6848806E002803D106
:1041C00002206549A1F854004BE06348B0F90010A3
:1041D0006148828B0A204243914218DA5E48B0F867
:1041E000520050F001005C49A1F852005A48B0F862
:1041F0004A00800507D55848B0F8520050F0020038
:104200005549A1F8520003205349A1F8540028E071
:10421000514890F85200800703D404204E49A1F879
:1042200054001EE04C48B0F900104B48808B4A4ABD
:10423000528912180A204243914203DB0520464965
:10424000A1F854000DE0444890F85200C00703D490
:1042500002204149A1F8540003E000203E49A1F8A2
:1042600054003D4890F84A00C00631D43A48B0F8AE
:104270004800002809D000203749A1F84800022250
:10428000DFF89C1B4820FFF764FB3348B0F846007A
:10429000002809D000203049A1F846000222DFF8AA
:1042A000841B4620FFF755FB2B4890F8520040072F
:1042B0000ED52948B0F852104FF6FB700140264841
:1042C000A0F852100222DFF8AC1B5220FFF741FB8E
:1042D00001BDDFF8A40B007A01283AD00120DFF8F5
:1042E000981B0872DFF8940B0068C04310F470400C
:1042F000DFF8841BC880DFF8801BC988DFF8782BC3
:104300009288914217D1DFF8701B0988322916DA9A
:10431000DFF8641B0988491CDFF85C2B1180DFF88B
:10432000581B098832290AD1DFF84C1BC988DFF8ED
:10433000482B518003E00021DFF83C2B1180DFF88F
:10434000381BC988DFF8302B91800021DFF8282B3B
:1043500011727047346B00200064002090630020CD
:104360002C00002000000240000C02403018002009
:10437000000802403D1800205E1300206B1300204F
:104380000010014000440040004800402C6C002018
:10439000004C004000500040206C00202DE9F0410E
:1043A00002F0ECF824220021DFF8D40A01F05AFBD5
:1043B00000270A2F08D240F2D2420021DFF8C40AB7
:1043C00001F050FB7F1CF4E770220021DFF8B80AEF
:1043D00001F048FB0A220021DFF89C0A01F042FBB1
:1043E0000A220021DFF8A40A01F03CFB642200212C
:1043F000DFF89C0A01F036FB64220021DFF8940A02
:1044000001F030FB64220021DFF88C0A01F02AFB66
:1044100062220021DFF8840A01F024FB62220021DD
:10442000DFF87C0A01F01EFB62220021DFF8740A2B
:1044300001F018FB5FF00008B8F1100F08D2A622B7
:104440000021DFF8780701F00DFB18F10108F3E710
:104450000027102F07D2A6220021DFF84C0A01F016
:1044600001FB7F1CF5E75FF00008B8F1100F08D2E0
:1044700006220021DFF8340A01F0F4FA18F10108ED
:10448000F3E70027102F07D206220021DFF8200AC9
:1044900001F0E8FA7F1CF5E75FF00008B8F1100FB3
:1044A00008D206220021DFF8F40B01F0DBFA18F144
:1044B0000108F3E70027102F07D222220021DFF89E
:1044C000000701F0CFFA7F1CF5E75FF00008B8F1B4
:1044D000100F08D222220021DFF8C40B01F0C2FA2B
:1044E00018F10108F3E70027102F07D2222200213C
:1044F000DFF8B00B01F0B6FA7F1CF5E72A220021A5
:10450000DFF8A40B01F0AEFA2A220021DFF89C0BA1
:1045100001F0A8FA2A220021DFF8940B01F0A2FA98
:104520000A220021DFF88C0B01F09CFA0A220021FC
:10453000DFF8840B01F096FA0A220021DFF87C0BE9
:1045400001F090FA14220021DFF8740B01F08AFACE
:1045500014220021DFF86C0B01F084FA14220021F0
:10456000DFF8640B01F07EFA06220021DFF85C0B15
:1045700001F078FA0A220021DFF83C0B01F072FA10
:1045800006220021DFF8480B01F06CFA4FF410729C
:104590000021DFF8400B01F065FA4FF410720021A2
:1045A000DFF8340B01F05EFA4FF410720021DFF8EF
:1045B0002C0B01F057FA00F07FFA00F07BFC00F0C2
:1045C000E4FB01F0FBFF00F006FC00F02DFC00F026
:1045D0007CFB00F0AAFB00F037FB00F00FFB00F0C3
:1045E000F1FA00224FF48071DFF8F40A00F0CDFEFA
:1045F00000220821DFF8EC0A00F0C7FE002280212B
:10460000DFF8E00A00F0C1FE00224FF48071DFF80D
:10461000D80A00F0BAFE00220821DFF8C40A00F030
:10462000B4FEFFF74BF8DFF8C40A0068C06850F02A
:104630002000DFF8B81A0968C860DFF8B40A00681B
:10464000C06850F02000DFF8A81A0968C860DFF8D9
:10465000A40A0068C06850F02000DFF8981A0968C2
:10466000C860DFF8940A0068C06850F02000DFF8E6
:10467000881A0968C860DFF8840A0068C06850F0CA
:104680002000DFF8781A0968C8606420DFF8F017A6
:1046900048604FF6FF70DFF8F0178880FF20DFF8E2
:1046A000601A08704FF49670DFF8D817A1F8560E0C
:1046B0004FF49670DFF84C1A08804FF49670DFF8CC
:1046C000481A08800020DFF8C81748800020DFF86B
:1046D000C017C8830020DFF8B817088401F07DFFF9
:1046E000FEF7F0FCFEF7C9FC02F069F802F0E1F811
:1046F00002F022FD02F067FE03F096F903F0ABFA38
:10470000DFF87C07807E012805D10020DFF87017D4
:104710008876FFF7DEFDDFF86807407E012840F06D
:10472000BB800020DFF858174876FFF761FCFFF7E1
:1047300000FDDFF85C07B0F84E000400DFF850071A
:10474000B0F84C000500DFF84807B0F84C0080B224
:10475000000A060000212000C0B281421BD2DFF80F
:10476000280700EB4100C088002809D0DFF82007A7
:10477000408801228A401043DFF81427508008E067
:10478000DFF80C07408801228A409043DFF80027B9
:104790005080491CDFE700222800C0B282421BD2B1
:1047A000DFF8E40600EB4200C08C002809D0DFF8F7
:1047B000E006C08B012191400843DFF8D416C8837E
:1047C00008E0DFF8CC06C08B012191408843DFF878
:1047D000C016C883521CDFE700273000C0B28742F2
:1047E0001CD2DFF8A40600EB4700B0F84600002812
:1047F00009D0DFF89C06008C0121B9400843DFF89E
:104800009016088408E0DFF88806008C0121B94082
:104810008843DFF87C1608847F1CDEE7DFF870062B
:1048200090F82000C00709D447F6FF70DFF8901316
:10483000088047F6FF70DFF888134880DFF85006DD
:1048400090F82000800707D447F6FF70DC494884C1
:1048500047F6FF70DA498884DFF8340690F82000C4
:10486000400709D447F6FF70D549A1F8440047F640
:10487000FF70D349A1F84600DFF8140690F8200035
:10488000000709D447F6FF70CD49A1F8660047F646
:10489000FF70CB49A1F86800DFF8E405007E01282D
:1048A00005D10020DFF8D8150876FFF74AFBDFF8BE
:1048B000D005C07D012809D10020DFF8C415C875D6
:1048C0004AF6AA20DFF8441809680860DFF8B00546
:1048D000807D012814D10020DFF8A4158875DFF849
:1048E000A00590F82000002805D10120DFF89015E0
:1048F00081F8200004E00020DFF8841581F8200012
:10490000DFF88C05B0F84A00000469D5DFF87005BF
:10491000407D01287FF4E2AE0020DFF86415487581
:10492000DFF86C05B0F8420000283FF4D7AEDFF89E
:10493000600590F84A00C0067FF5D0AEDFF850055C
:1049400090F85000C0077FF5C9AEDFF8440590F835
:10495000520010F00C0F7FF4C1AEDFF83405B0F850
:104960004800401CDFF82815A1F84800DFF82005B2
:10497000B0F848003C282CDB0020DFF81415A1F823
:104980004800DFF80C05B0F84600401CDFF80015C1
:10499000A1F84600DFF8F804B0F84600DFF8F0149C
:1049A000B1F8421088420ED30020DFF8E414A1F8D9
:1049B0004600DFF8DC04B0F8520050F00400DFF8E5
:1049C000D014A1F852000222DFF858144620FEF756
:1049D000C0FF0222DFF848144820FEF7BAFF7DE648
:1049E000DFF89C04007D01287FF478AE0020DFF81A
:1049F00090140875DFF89804B0F8420000283FF4DE
:104A00006DAEDFF88C0490F84A00C0067FF566AE04
:104A1000DFF87C0490F85000C0077FF55FAEDFF848
:104A2000700490F8520010F00C0F7FF457AEDFF8CE
:104A30006004B0F84800401CDFF85414A1F84800A6
:104A4000DFF84C04B0F848003C282CDB0020DFF8ED
:104A50004014A1F84800DFF83804B0F84600401CC4
:104A6000DFF82C14A1F84600DFF82404B0F8460063
:104A7000DFF81C14B1F8421088420ED30020DFF892
:104A80001014A1F84600DFF80804B0F8520050F006
:104A90000400DFF8FC13A1F852000222DFF88413AF
:104AA0004620FEF756FF0222DD494820FEF751FF5F
:104AB00014E60000786B002000B5A9B0002000903B
:104AC000DFF84C06006850F08050DFF844160860AC
:104AD000DFF83C06006810F080500090009800203D
:104AE0000090DFF83006006850F44040DFF82416EC
:104AF0000860DFF82006006810F44040009000983D
:104B0000092006905FF48030079001200B9002206E
:104B10000C905FF480000D9019200E90C0200F9033
:104B200002201090042011900220129006A803F099
:104B30002FFB002805D040F21531DFF8DC0500F02E
:104B400005FB0F20019002200290002003904FF4FB
:104B50008050049000200590032101A803F012FD6D
:104B6000002805D040F22331DFF8AC0500F0EEFA62
:104B7000282013904FF400701C9000201F9013A861
:104B800003F0F2F8002805D040F22B31DFF8880559
:104B900000F0DCFA03F09BFD4FF47A71B0FBF1F00A
:104BA000FEF781FE0420FEF784FE002200215FF064
:104BB000FF30FEF758FE29B000BD00006030002035
:104BC000405B002080B5DFF85405DFF84015086031
:104BD0000620DFF83815486040F27120DFF82C1508
:104BE0008860DFF8280503F097FD002805D040F223
:104BF0005A31DFF8240500F0A9FA01BD80B5DFF8CD
:104C000020051049086000200E4948607F200D49AA
:104C10008860FF200B49C86000200A490861002015
:104C200008494861002007498861064801F080FA78
:104C3000002805D040F27631DFF8DC0400F086FA77
:104C400001BD0000586B002080B5DFF8D804DFF804
:104C5000D81408604FF48270DFF8CC14486000204C
:104C6000DFF8C41488600020DFF8BC14C86000209E
:104C7000DFF8B41408610020DFF8AC1448614FF489
:104C80000070DFF8A41488611020DFF89C14C8615C
:104C90000020DFF8941408620020DFF88C144862CA
:104CA0000020DFF8841488620A20DFF87C14C862D0
:104CB000DFF8740400F0E6FE002805D040F29131E0
:104CC000DFF8540400F042FA01BD80B5DFF85C045F
:104CD000DFF8241408604FF41650DFF81C14486005
:104CE0000020DFF8141488600020DFF80C14C8607E
:104CF0000020DFF8041408610C20DFF8FC13486181
:104D00000020DFF8F41388610020DFF8EC13C8619D
:104D1000DFF8E40300F060FB002805D04FF4697170
:104D2000DFF8F40300F012FA01BD80B5DFF80004EB
:104D3000DFF8C81308604FF41650DFF8C01348605E
:104D40000020DFF8B81388600020DFF8B013C860D7
:104D50000020DFF8A81308610C20DFF8A0134861D9
:104D60000020DFF8981388610020DFF89013C861F5
:104D7000DFF8880300F030FB002805D040F2B7319F
:104D8000DFF8940300F0E2F901BD80B5DFF8A40379
:104D9000D64908604FF41640D44948600020D349F2
:104DA00088600020D149C8600020D04908610C20EB
:104DB000CE4948610020CD4988610020CB49C861B7
:104DC000CA4800F009FB002804D040F21641D2483E
:104DD00000F0BCF901BD80B5D748C54908604FF463
:104DE0001650C34948600020C14988600020C0496E
:104DF000C8600020BE4908610C20BD494861002000
:104E0000BB4988610020BA49C861B94800F0E4FA9A
:104E1000002804D040F22941BF4800F097F901BDB5
:104E2000486400204664002080B5C448B149086049
:104E30004FF49640AF4948600020AE49886000209A
:104E4000AC49C8600020AB4908610C20A949486101
:104E50000020A84988610020A649C861A54800F043
:104E6000BBFA002804D040F23C41AB4800F06EF998
:104E700001BD000052640020D46B002010100240DD
:104E8000346B00202C00002090630020E06B002099
:104E90000064002064640020C86400202C650020A9
:104EA00090650020F4650020C03A0020586600207C
:104EB000B866002080B586B000200590A048006844
:104EC00050F010009E4908609D48006810F01000E6
:104ED00005900598002005909948006850F08000E2
:104EE000974908609648006810F080000590059882
:104EF000002005909248006850F001009049086039
:104F00008F48006810F0010005900598002005907A
:104F10008B48006850F004008949086088480068A0
:104F200010F0040005900598002005908448006862
:104F300050F00200824908608148006810F00200C9
:104F400005900598002005907D48006850F0080005
:104F50007B4908607A48006810F0080005900598C1
:104F600000224FF44361774800F00FFA002248F224
:104F700008115B4800F009FA01224021584800F06E
:104F800004FA00220121704800F0FFF900224FF4DA
:104F90008071554800F0F9F901224FF4C061524880
:104FA00000F0F3F9002288214E4800F0EEF90122CA
:104FB00010214C4800F0E9F94FF4436000900120C3
:104FC0000190002002900020039069465D4800F0A7
:104FD000D3F848F2081000900120019000200290C0
:104FE0000020039069463E4800F0C6F8402000903B
:104FF000112001900020029000200390694638485B
:1050000000F0BAF8012000900120019000200290E9
:105010000020039069464C4800F0AEF84FF4704011
:10502000009000200190012002906946454800F060
:10503000A3F84FF4807000900120019000200290AE
:10504000002003906946284800F096F84FF4C060AD
:1050500000901120019000200290002003906946EA
:10506000214800F089F8882000900120019000205C
:1050700002900020039069461A4800F07DF8102045
:1050800000901120019000200290002003906946BA
:10509000144800F071F807B000BD00001867002048
:1050A000605D0020805F0020B06A0020DC6A002084
:1050B000086B0020EC6B0020F86B0020046C0020D3
:1050C0008C6B0020A06B0020B46B0020106C0020C3
:1050D000186C002080540020C05600200059002089
:1050E00000000240000C024000080240B0690020AD
:1050F000F0690020306A00203068002070680020CD
:10510000391800205413002026180020C86B0020F6
:105110004038024000700040D8E7020800300040EC
:1051200000280040003C0040D8670020004C0040B0
:105130000050004000100140004400400048004082
:10514000303802400010024000040240FEE70EE04A
:1051500002684368024408305FEAC37C44BF4B44A2
:105160005B1E52F804CB43F804CB091FF9D150F869
:10517000041B0029ECD17047F8B40023002400255B
:105180000026102E80F0FF800122B24013000A6832
:105190001A4014009C4240F0F4804A68022A02D06F
:1051A0004A68122A1ED13200D20800EB8202176A26
:1051B0005FF00F0C16F00702D2B292001CFA02FC4C
:1051C00037EA0C07D1F810C016F00702D2B29200ED
:1051D0001CFA02FC5CEA07073D003200D20800EB33
:1051E0008202156207685FF0030C3200D2B25200EF
:1051F0001CFA02FC37EA0C0791F804C01CF0030CFF
:105200003200D2B252001CFA02FC5CEA07070760C7
:105210004A68012A08D04A68022A05D04A68112A39
:1052200002D04A68122A24D185685FF0030C32004C
:10523000D2B252001CFA02FC35EA0C05D1F80CC0BF
:105240003200D2B252001CFA02FC5CEA050585600D
:1052500042685FF0010C1CFA06FC32EA0C02D1F83D
:1052600004C0CCF3001C1CFA06FC5CEA0202170026
:105270004760C5685FF0030C3200D2B252001CFADE
:1052800002FC35EA0C05D1F808C03200D2B2520057
:105290001CFA02FC5CEA0505C5604A68D20070D5BC
:1052A000002200923F4A126852F480423D4F3A6019
:1052B0003C4A126812F480420092009A3A4A37003F
:1052C000BF0852F827705FF00F0C16F00302D2B23D
:1052D00092001CFA02FC37EA0C07344A904201D1D2
:1052E00000251EE0324A904201D1012519E0314AE1
:1052F000904201D1022514E02F4A904201D10325AA
:105300000FE02E4A904201D104250AE02C4A904237
:1053100001D1052505E02B4A904201D1062500E088
:105320000725EDB216F00302D2B2920095402F434A
:105330001D4A3500AD0842F82570234A1268A24381
:105340004D68ED0300D522431F4D2A601F4D2D6887
:10535000A5434F68BF0300D525431C4A15601C4A6E
:105360001268A2434F68FF0200D52243184D2A60FD
:10537000184D2D68A5434F68BF0200D52543154A37
:105380001560761CFDE6F1BC70471300DBB2002B04
:1053900003D00B009BB2836103E00B009BB21B04A4
:1053A00083617047443802400838014000000240E1
:1053B0000004024000080240000C024000100240BD
:1053C0000014024000180240003C0140043C01402F
:1053D000083C01400C3C014010B50400002C01D1F8
:1053E000012033E0A0690028FFD194F8390000289B
:1053F00005D1002084F83800200003F03AFA242078
:1054000084F839002068C06830F400502168C86012
:10541000200000F09BF92068006930F4904021687A
:1054200008612068406930F02A00216848612068DE
:10543000C06850F400502168C8600020E06320205C
:1054400084F83900202084F83A00002010BD10B400
:10545000030093F83900202823D1002903D010003D
:1054600080B2002801D101201CE093F83800012807
:1054700001D1022016E0012083F8380019629A84D5
:10548000DA840020D863212083F83900002083F8D3
:1054900038001868C06850F080001C68E060002088
:1054A00000E0022010BC70472DE9F8430600306888
:1054B00007683068D0F80C803068D0F8149000206D
:1054C000002517F00F04002C08D1B80606D55FEAB6
:1054D000886003D5300000F0E8F880E0002C6CD044
:1054E0005FEAC97002D418F4907F66D03800C00714
:1054F00006D55FEAC85003D5F06B50F00100F063A9
:10550000780706D54846C00703D5F06B50F0020077
:10551000F063B80706D54846C00703D5F06B50F0D6
:105520000400F063380706D54846C00703D5F06B82
:1055300050F00800F063F06B00283DD0B80605D5A8
:105540005FEA886002D5300000F0AFF8306840694B
:10555000800910F001000500F06B000701D4002D58
:1055600025D0300000F03DF83068406940061AD57B
:105570003068406930F0400031684861706B002845
:105580000DD00FF28100716B0865706B03F078FB32
:10559000002811D0706B716B096D88470CE03000EA
:1055A00003F082FB08E0300003F07EFB04E03000F3
:1055B00003F07AFB0020F06311E0380606D55FEABD
:1055C000086003D5300000F029F808E0780606D519
:1055D0005FEA486003D5300000F057F8FFE7BDE808
:1055E000F1830168C96831F490710268D160016883
:1055F00049694908490002685161202180F83A1040
:105600007047000038B50400A56B0020E885002035
:10561000E884280003F048FB31BD0000010091F848
:10562000390021282FD18868B0F5805F11D1086A30
:1056300002001088C005C00D0B685860086900287A
:1056400003D1086A801C086209E0086A401C0862ED
:1056500005E0086A431C0B6200780B685860C88C30
:10566000401EC88480B200280BD10868C06830F0A2
:1056700080000B68D8600868C06850F040000B6874
:10568000D860002000E00220704710B504002068B8
:10569000C06830F040002168C860202084F83900DC
:1056A0002000FEF70AFC002010BD38B5040094F875
:1056B0003A00222848D1A068B0F5805F16D1A06AD0
:1056C00005002069002808D120684068C005C00D89
:1056D0002880A06A801CA0621AE02068406800F060
:1056E000FF002880A06A401CA06211E02069002809
:1056F00006D1A06A411CA16221684968017007E0D7
:10570000A06A411CA1622168496811F07F01017003
:10571000E08D401EE08580B2002813D12068C0686B
:1057200030F490702168C8602068406940084000EB
:1057300021684861202084F83A00200003F0B5FA7F
:10574000002002E0002000E0022032BD2DE9F843F5
:10575000040000212068026932F44052E0680243EC
:10576000206802612068C368BB480340A068034307
:105770002069034360690343E06903432068C36011
:105780002068456935F44075A06905432068456186
:10579000E069B0F5004F40F0B0802068AF49884222
:1057A00003D02068AE49884253D102F09EFF814663
:1057B00002F09BFF804602F098FF070002F095FF81
:1057C000060002F092FF192101FB09F96168490006
:1057D000B9FBF1F16422B1FBF2F2192101FB08F8E7
:1057E00061684900B8FBF1F319214F436168490032
:1057F000B7FBF1F16427B1FBF7F77FF0630101FB21
:105800000733D90032316423B1FBF3F35B0013F4A7
:10581000F87313EB021319214E4361684900B6FB7C
:10582000F1F21921484361684900B0FBF1F06421AD
:10583000B0FBF1F17FF0630000FB0122D0003230B9
:105840006421B0FBF1F010F00700C31820688360FA
:1058500000E102F03FFF814602F03CFF804602F08B
:1058600039FF070002F036FF060002F033FF19216E
:1058700001FB09F961684900B9FBF1F16422B1FB50
:10588000F2F2192101FB08F861684900B8FBF1F355
:1058900019214F4361684900B7FBF1F16427B1FB5F
:1058A000F7F77FF0630101FB0733D900323164233E
:1058B000B1FBF3F35B0013F4F87313EB021319213C
:1058C0004E4361684900B6FBF1F219214843616813
:1058D0004900B0FBF1F06421B0FBF1F17FF063000F
:1058E00000FB0122D00032306421B0FBF1F010F057
:1058F0000700C31820688360ACE0206857498842DD
:1059000003D020685649884252D102F0EEFE81460B
:1059100002F0EBFE804602F0E8FE070002F0E5FE32
:10592000060002F0E2FE192101FB09F96168890015
:10593000B9FBF1F16422B1FBF2F2192101FB08F885
:1059400061688900B8FBF1F319214F436168890050
:10595000B7FBF1F16427B1FBF7F77FF0630101FBBF
:105960000733190132316423B1FBF3F313F0F00371
:1059700013EB021319214E4361688900B6FBF1F263
:105980001921484361688900B0FBF1F06421B0FB44
:10599000F1F17FF0630000FB01221001323064213D
:1059A000B0FBF1F010F00F00C3182068836051E0E5
:1059B00002F090FE814602F08DFE804602F08AFEE3
:1059C000070002F087FE060002F084FE192101FBA9
:1059D00009F961688900B9FBF1F16422B1FBF2F2C7
:1059E000192101FB08F861688900B8FBF1F319215E
:1059F0004F4361688900B7FBF1F16427B1FBF7F70A
:105A00007FF0630101FB0733190132316423B1FBDD
:105A1000F3F313F0F00313EB021319214E43616803
:105A20008900B6FBF1F21921484361688900B0FB97
:105A3000F1F06421B0FBF1F17FF0630000FB012283
:105A4000100132306421B0FBF1F010F00F00C318E8
:105A500020688360BDE8F183F369FFFF0010014017
:105A60000014014010B5044610460A46014620467F
:105A700003F01CF9204610BD10B5044603F04AF9A6
:105A8000204610BD10B50400002C01D101203FE0DC
:105A9000606A00280020A06294F85100002805D117
:105AA000002084F85000200002F0B9FE022084F8A3
:105AB00051002068006830F040002168086061688B
:105AC000A0680143E0680143206901436069014324
:105AD000A06910F400700143E0690143206A0143AA
:105AE000A06A014320680160A169090C11F004015A
:105AF000606A0143206841602068C06930F400603A
:105B00002168C86100206065012084F851000020F0
:105B100010BD2DE9FC4706000D0017001C005FF0CA
:105B2000000A5FF0000896F85000012801D1022019
:105B3000C5E0012086F8500003F040F9814696F850
:105B40005100012802D002208046B0E0002D03D091
:105B5000380080B2002802D101208046A7E003204F
:105B600086F85100002070653563B786F7860020FF
:105B7000B0630020B0870020F08700207064002010
:105B80003064B068B0F5004F05D13068006850F45B
:105B900080403168086030680068400605D430688D
:105BA000006850F0400031680860F068B0F5006FA0
:105BB00029D17068002802D0F08E012806D12888EB
:105BC0003168C860AD1CF08E401EF086F08E002853
:105BD00043D030688068800707D528883168C8605E
:105BE000AD1CF08E401EF086F0E7002C08D014F1BA
:105BF000010FEBD003F0E2F8B0EB0900A042E5D3CF
:105C00000320804653E07068002802D0F08E0128FF
:105C100006D12878316808736D1CF08E401EF0861E
:105C2000F08E002819D030688068800707D5287862
:105C3000316808736D1CF08E401EF086F0E7002C72
:105C400008D014F1010FEBD003F0B8F8B0EB090065
:105C5000A042E5D30320804629E0CDF80090230040
:105C600001220221300000F0FCF9002802D00320BC
:105C700080461CE04A462100300000F043FA00282C
:105C800004D0012080462020706510E0B068002814
:105C900008D1002000903068C068009030688068AB
:105CA00000900098706D002801D0012080460120EE
:105CB00086F85100002086F850004046C0B2BDE88A
:105CC000F6872DE9FC4706000D0017001C005FF069
:105CD000000A5FF000087068B0F5827F0ED1B068EE
:105CE00000280BD1042086F8510000943B009BB2A1
:105CF0002A002900300000F0A1F89DE096F850003D
:105D0000012801D1022097E0012086F8500003F01D
:105D100055F8814696F85100012802D002208046AD
:105D200082E0002D03D0380080B2002802D101208B
:105D3000804679E0042086F8510000207065B56344
:105D4000B787F787002030630020B0860020F086F8
:105D50000020306400207064B068B0F5004F05D1B9
:105D60003068006830F4804031680860306800684E
:105D7000400605D43068006850F040003168086083
:105D8000F06800281CD1F08F002836D03068806879
:105D9000C00707D53068007B28706D1CF08F401E4F
:105DA000F087F0E7002C08D014F1010FEBD003F0DE
:105DB00005F8B0EB0900A042E5D30320804633E0AC
:105DC000F08F002819D030688068C00707D5306888
:105DD000C0682880AD1CF08F401EF087F0E7002CD3
:105DE00008D014F1010FEBD002F0E8FFB0EB09008E
:105DF000A042E5D30320804616E07068B0F5827FAC
:105E00000DD1B068B0F5004F03D0B068B0F5806F29
:105E100005D13068006830F0400031680860706D6E
:105E2000002801D001208046012086F85100002082
:105E300086F850004046C0B2BDE8F6872DE9FE4F17
:105E400007000E0015009846DDF830900020019004
:105E5000002002900020009001245FF0000A97F8D3
:105E60005000012801D10220F9E0012087F85000FC
:105E700002F0A4FF834697F85100019078680290E1
:105E8000019801280CD00298B0F5827F05D1B8683E
:105E9000002802D10198042802D002208246D6E0D0
:105EA000002E05D0002D03D0404680B2002802D13C
:105EB00001208246CBE097F85100012802D105204D
:105EC00087F8510000207865BD63A7F83E80A7F8E9
:105ED0003C803E63A7F83680A7F834800020386401
:105EE0000020786438680068400605D43868006887
:105EF00050F0400039680860F868B0F5006F40D194
:105F00007868002802D0F88E012806D130883968D8
:105F1000C860B61CF88E401EF886F88E002802D1A4
:105F2000F88F00286ED0002C0FD0F88E00280CD0EF
:105F300038688068800708D530883968C860B61C22
:105F4000F88E401EF88600200400F88F00280CD040
:105F500038688068C00708D53868C0682880AD1CDC
:105F6000F88F401EF8870120040019F1010FD4D0EA
:105F700002F024FFB0EB0B004845CED3032082464D
:105F800065E07868002802D0F88E012806D13078C4
:105F900039680873761CF88E401EF886F88E002843
:105FA00002D1F88F00282DD0002C0FD0F88E0028B9
:105FB0000CD038688068800708D530783968087355
:105FC000761CF88E401EF88600200400F88F00280A
:105FD0000CD038688068C00708D53868C068287059
:105FE0006D1CF88F401EF8870120040019F1010F85
:105FF000D4D002F0E3FEB0EB0B004845CED3032033
:10600000824624E0CDF800B04B4601220221380040
:1060100000F027F8002802D00320824617E05A46F5
:106020004946380000F06EF8002804D0012082466E
:10603000202078650BE0B868002808D10020009087
:106040003868C06800903868806800900098012027
:1060500087F85100002087F850005046C0B2BDE8D4
:10606000FE8F2DE9F04105000E0017001C00DDF841
:106070001880286880683040B04201D1012000E0DB
:106080000020B8423BD014F1010FF2D0002C05D013
:1060900002F094FEB0EB0800A042EAD32868406802
:1060A00030F0E000296848606868B0F5827F0DD163
:1060B000A868B0F5004F03D0A868B0F5806F05D18F
:1060C0002868006830F0400029680860A86AB0F5C8
:1060D000005F0CD1286801684DF6FF700140286808
:1060E00001602868006850F40050296808600120A9
:1060F00085F85100002085F85000032000E00020C2
:10610000BDE8F0817CB504000D00160000962B0060
:10611000002280212000FFF7A4FF002805D0606D39
:1061200050F020006065032000E0002076BD0000F4
:1061300010B50400002C01D101205EE0607F002832
:1061400004D100202077200002F05FFB022060775E
:10615000CA2021684862532021684862200000F06C
:10616000D8F9002806D0FF20216848620420607713
:10617000012042E020688168DFF854030140206874
:10618000816020688168606801432069014360691B
:10619000014320688160E068216808612068006927
:1061A000A16850EA0140216808612068C06830F0A9
:1061B00080002168C8602068806880060BD42000B9
:1061C00000F08CF9002806D0FF20216848620420E6
:1061D0006077012011E02068006C30F48020216895
:1061E00008642068016CA069014320680164FF20F5
:1061F0002168486201206077002010BD2DE9F84336
:1062000005000E0014005FF00008287F012801D16E
:1062100002207EE00120287702206877002C1CD124
:1062200028688068400601D40020F070307800F0C3
:106230008DF98146707800F089F90700B07800F098
:1062400085F95FFA89F9FFB23F0257EA0947C0B200
:106250000743F07857EA004714E028688068400652
:1062600004D5307800F07EF9804601E00020F0701F
:10627000307877783F0257EA0047B0780743F078E4
:1062800057EA0047CA2029684862532029684862B3
:10629000280000F03EF9002808D0FF202968486255
:1062A0000420687700202877012032E0DFF82402FC
:1062B0003840296808602868806830F480202968A0
:1062C000886028688168F068014330690143286864
:1062D00081602868C06830F080002968C86028683C
:1062E000806880060DD4280000F0F8F8002808D057
:1062F000FF20296848620420687700202877012061
:1063000007E0FF202968486201206877002028778D
:106310000020BDE8F283F8B505000E00140000214E
:106320002868806A7060286800694004400CB0608A
:1063300028680768DFF89C0107403800000C10F05F
:106340003F0030703800000A10F07F00707017F0C6
:106350007F00B0703800000C10F04000F070002C8E
:106360000BD1307800F0FEF83070707800F0FAF859
:106370007070B07800F0F6F8B0700020F2BD2DE932
:10638000F84305000E0014000027287F012801D1E2
:10639000022070E00120287702206877002C07D1C6
:1063A0007078C00604D5707810F0EF000A30707075
:1063B000002C19D1F07800F0C9F88146707800F00F
:1063C000C5F88046B07800F0C1F85FFA89F95FFA45
:1063D00088F85FEA082858EA0948C0B250EA080875
:1063E000307858EA40380CE0F07896F801805FEA9F
:1063F000082858EA0048B07850EA0808307858EA87
:106400004038CA2029684862532029684862280019
:1064100000F07FF8002808D0FF2029684862042097
:10642000687700202877012025E0DFF8AC0010EA2B
:106430000800296848602868C06830F08000296832
:10644000C8602868806880060DD4280000F046F8EF
:10645000002808D0FF2029684862042068770020BF
:106460002877012007E0FF2029684862012068772B
:10647000002028770020BDE8F283F8B505000E0063
:106480001400002128684768DFF84C0007403800F6
:10649000000CF0703800000A10F01F00707017F048
:1064A0003F00B0703800400B10F007003070002C37
:1064B0000BD1F07800F056F8F070707800F052F8D8
:1064C0007070B07800F04EF8B0700020F2BD00009F
:1064D000BFFF8FFF7F7F7F003FFFFF0070B504008D
:1064E00000252068C06830F0A0002168C86002F074
:1064F00065FC06002068C068800608D402F05EFCD7
:10650000801B40F2E9318842F4D3032000E00020F0
:1065100070BD38B5040000252068C068400613D45B
:106520005FF0FF302168C86002F048FC0500206879
:10653000C068400608D402F041FC401B40F2E9313B
:106540008842F4D3032000E0002032BD0021020085
:10655000D2B20A2A02D3491C0A38F8E750EA0110DD
:10656000C0B2704700220300DBB21B09DBB20A2174
:106570004B4310F00F00C018C0B2704780B50E48F2
:10658000006850F400700C4908600B48006850F433
:106590008060094908600848006850F48070064926
:1065A00008600320FDF759F9002002F00DFC02F00D
:1065B000DBF8002002BD0000003C024080B5012253
:1065C0000FF22101144802F025FC1449124802F090
:1065D0006BFC114802F0CCFC01BD80B50E4802F006
:1065E000D2FC01BD0A00D2B2012A06D0022A09D08B
:1065F000042A0BD0052A01D00CE00BE00322084B43
:106600001A7007E00222064B1A7003E00122044BC5
:106610001A70FFE770470000204E0020080000209D
:106620002D6C0020DFF81803B0F8540E002804D1B8
:106630000020DFF80C13A1F85E0EDFF80403B0F8B9
:106640005E0EB0F58A7F04DB0020DFF8F412A1F8BB
:106650005E0EDFF8F0020168DFF8EC02007810F05F
:106660000100002808D00020B54AA2F85E0E0A20DA
:10667000B34AA2F8540E83E0B148B0F85E0E002889
:1066800015D10800AE4A92F8692EC0B290420ED1E0
:10669000AB48AB4AB2F85E2E104480F8281DA848DB
:1066A000B0F85E0E401CA64AA2F85E0E64E0A44854
:1066B000B0F85E0E012812D10800C0B204280ED135
:1066C0009F489F4AB2F85E2E104480F8281D9C48CF
:1066D000B0F85E0E401C9A4AA2F85E0E4CE0984854
:1066E000B0F85E0E022843DB954890F8290D042887
:1066F00039D19348B0F85E0E022813D19048904AE1
:10670000B2F85E2E104480F8281D8D48B0F85E0E59
:10671000401C8B4AA2F85E0E0800C0B2884AA2F85C
:106720005C0E29E08648B0F85E0E032824DB84481E
:10673000834AB2F85E2E104480F8281D8048B0F8D5
:106740005E0E401C7E4AA2F85E0E7D48B0F85E0EDA
:106750007B4AB2F85C2E521D90420DD10120784A3E
:1067600082F8680E08E00020754AA2F85E0E03E089
:106770000020734AA2F85E0E0A20714AA2F8540E55
:10678000704770B48278714B6D4991F8694E482119
:106790004C4303EB0401B1F14804032300210D0035
:1067A0001600ADB2B6B2B54207D21D00ADB2455D1E
:1067B00025705B1C641C491CF1E770BC704738B540
:1067C0005F48B0F8560E022872DA6148B0F84E40C1
:1067D0005B4890F8690E411C594A82F8691E2100F5
:1067E000C0B2C9B2884203D30120554981F8690E6D
:1067F0005348B0F8600E00280AD15649504890F826
:10680000692E0620424301EB0200002120F8061CFD
:106810004B4890F8690E4A4981F8D00A042048494B
:1068200081F8D10A0020464981F8D20A0020444963
:1068300081F8D30A0020424981F8D40A2420404933
:1068400081F8D50A06203E49A1F85A0E3C48B0F816
:106850005A1E4148FCF7C6FC0500280080B2000A19
:10686000374981F8D60A364880F8D75A3448B0F804
:106870005A0E801C3249A1F85A0E01228021374855
:10688000FEF783FD14202E4981F86D0E2E48007806
:1068900050F001002C4908702948B0F85A2E2E49B2
:1068A0002F48FEF7D4FD4FF4FA702549A1F8560E93
:1068B00031BD38B5224890F8680E01283FD100203C
:1068C0001F4981F8680E1E48B0F85E0E811E89B21D
:1068D0002448FCF787FC040019481949B1F85E1EEA
:1068E000084490F8261D09021548154AB2F85E2E94
:1068F000104490F8270D01430D002000290080B2BC
:1069000089B288421BD140F6B8300D49A1F8600E1B
:106910000B4890F8290D042807D11248FFF731FFE2
:1069200064200749A1F8560E09E0054890F8290DA2
:10693000102804D0024890F8290D0628FFD131BD57
:106940002C000020044800402C6C00202045002032
:106950000064002078670020FC0A0020000C024040
:10696000306A0020540D0020DFF8E80A0088002873
:1069700003D10020DFF8E01A0880DFF8DC0A008885
:10698000B0F58A7F03DB0020DFF8CC1A0880DFF83F
:10699000CC0A0168DFF8C00A0088002814D108007A
:1069A000C0B2652810D1DFF8B80ADFF8AC2A128827
:1069B000104441F2FA128154DFF89C0A0088401C0E
:1069C000DFF8942A10806DE1DFF88C0A0088012836
:1069D00020D10800C0B213280BD00800C0B215287F
:1069E00007D00800C0B2032803D00800C0B21028A6
:1069F00010D1DFF86C0ADFF8602A1288104441F2E7
:106A0000FA128154DFF8500A0088401CDFF8482A47
:106A1000108047E1DFF8400A00880228C0F23E817A
:106A2000DFF8400A0078132840F08C80DFF8280A4D
:106A30000088022810D1DFF8280ADFF81C2A128803
:106A4000104441F2FA128154DFF80C0A0088401C0D
:106A5000DFF8042A108025E1DFF8FC09008803280C
:106A600010D1DFF8FC09DFF8F0291288104441F258
:106A7000FA128154DFF8E0090088401CDFF8D829B9
:106A800010800FE1DFF8D0090088042810D1DFF86A
:106A9000D009DFF8C4291288104441F2FA12815457
:106AA000DFF8B4090088401CDFF8AC291080F9E059
:106AB000DFF8A4090088052810D1DFF8A409DFF861
:106AC00098291288104441F2FA128154DFF888099B
:106AD0000088401CDFF880291080E3E0DFF87809A7
:106AE0000088062829DBDFF880090078DFF87C2998
:106AF000127852EA0022DFF878090280DFF8600994
:106B0000DFF854291288104441F2FA128154DFF858
:106B100048090088401CDFF840291080DFF8380958
:106B20000088DFF84C2912880832904240F0BA8081
:106B30000120DFF840291070B4E00020DFF81829A8
:106B40001080AFE0DFF81C09007815285ED1DFF86F
:106B500008090088022810D1DFF80409DFF8F828B6
:106B60001288104441F2FA128154DFF8EC080088D0
:106B7000401CDFF8E428108094E0DFF8DC0800888F
:106B8000032810D1DFF8D808DFF8CC281288104489
:106B900041F2FA128154DFF8C0080088401CDFF887
:106BA000B82810807EE0DFF8B0080088042828DBD1
:106BB000DFF8C4080078DFF8C428127852EA00220F
:106BC000DFF8AC080280DFF89808DFF88C2812881C
:106BD000104441F2FA128154DFF87C080088401C0E
:106BE000DFF874281080DFF870080088DFF880284C
:106BF0001288921D904255D10120DFF8782810703C
:106C000050E00020DFF8502810804BE0DFF85408F7
:106C1000007803283DD1DFF840080088022815D10C
:106C2000DFF83C08DFF830281288104441F2FA12ED
:106C30008154DFF824080088401CDFF81C281080ED
:106C40000800C0B2DFF8282810802BE0DFF8080821
:106C50000088032826DBDFF80808DFF8FC27128805
:106C6000104441F2FA128154DFF8EC070088401C0E
:106C7000DFF8E4271080DFF8E0070088DFF8F0276E
:106C80001288521D90420DD10120DFF8E8271070C4
:106C900008E00020DFF8C027108003E00020DFF8C4
:106CA000B82710800A20DFF8AC27108070472DE944
:106CB000F84F020092F802E05FEA0E2ED17851EA16
:106CC0000E0EADF800E092F802E092F80380DFF8D3
:106CD000B01709781129C0F21B81DFF8A4170978D1
:106CE000192980F2158192F804905FEA09295179F7
:106CF00051EA09094E46310089B25FF0020991FB61
:106D0000F9F10D00DFF87C97DFF8741791F800A017
:106D1000A62101FB0AFA09EB0A01A1F60631C146D8
:106D20005FFA89F95FF0020A99FBFAF901EB490170
:106D30000C000621080000210F003900A94689B285
:106D40001FFA89F9494513D2010089B212F801905E
:106D5000401C5FEA0929010089B2515C51EA090926
:106D60004B46401C2380A41C18F102087F1CE4E75A
:106D7000DFF8141791F84A10890640F1C980DFF84E
:106D8000081791F85010C90740F1C280DFF8F016DB
:106D90000978113900290BD002290FD00BD304290F
:106DA00012D00ED3062915D011D3072915D016E01D
:106DB00001218C4613E002218C4610E004218C4610
:106DC0000DE008218C460AE010218C4607E02021C6
:106DD0008C4604E040218C4601E080218C46DFF89F
:106DE000A816C98F002950D1DFF89C16098D491EBD
:106DF000DFF88C9699F80090B9F11109494500F037
:106E00008780DFF88416C98811EA0C0F1ED0DFF8DE
:106E10007496DFF86C1691F800A0A62101FB0AFA1F
:106E200009EB0A01A1F60639DFF858A6DFF850167B
:106E300091F800B0A62101FB0BFB0AEB0B01A1F6B8
:106E40006221B1F90010A9F8001061E0DFF8349672
:106E5000DFF82C1691F800A0A62101FB0AFA09EB35
:106E60000A01A1F60639DFF81CA6DFF8141691F81E
:106E700000B0A62101FB0BFB0AEB0B01A1F686215A
:106E8000B1F90010A9F8001042E0DFF8FC15C9883C
:106E900011EA0C0F1ED0DFF8EC95DFF8E41591F83D
:106EA00000A0A62101FB0AFA09EB0A01A1F60639A6
:106EB000DFF8D0A5DFF8C81591F800B0A62101FBD6
:106EC0000BFB0AEB0B01A1F66221B1F90010A9F846
:106ED00000101DE0DFF8AC95DFF8A41591F800A0D4
:106EE000A62101FB0AFA09EB0A01A1F60639DFF82F
:106EF00094A5DFF88C1591F800B0A62101FB0BFBDF
:106F00000AEB0B01A1F68621B1F90010A9F80010D7
:106F1000BDE8F18F2DE9F04187783F02C67837430D
:106F2000061DDFF85C0500781128C0F20381DFF848
:106F300050050078192880F2FD80380080B20028C2
:106F40002AD030780400701C06783500401CBF1E23
:106F500090F800C0461C5FEA0C2C307850EA0C0C0C
:106F60006146761CDFF81CC5DFF8140590F800E0D8
:106F7000A62000FB0EFE0CEB0E00A0F60630AC4681
:106F80005FFA8CFC5FF0020E9CFBFEFC00EB4C00F9
:106F900002001180BF1ED0E7DFF8EC0490F84A0031
:106FA000800640F1C780DFF8E00490F85000C00789
:106FB00040F1C080DFF8C8040078113800280BD0F9
:106FC00002280FD00BD3042812D00ED3062815D0D8
:106FD00011D3072815D016E00120030013E002208A
:106FE000030010E0042003000DE0082003000AE085
:106FF0001020030007E02020030004E040200300ED
:1070000001E080200300DFF88004C08F00284FD10A
:10701000DFF87404008D401EDFF864C49CF800C0E3
:10702000BCF1110C604500F08580DFF85C04C0887D
:1070300018421ED0DFF84CC4DFF8440490F800E09A
:10704000A62000FB0EFE0CEB0E00A0F6063CDFF8BF
:1070500034E4DFF82C0490F80080A62000FB08F848
:107060000EEB0800A0F66220B0F90000ACF80000BA
:1070700060E0DFF810C4DFF8080490F800E0A62014
:1070800000FB0EFE0CEB0E00A0F6063CDFF8F4E36E
:10709000DFF8EC0390F80080A62000FB08F80EEB68
:1070A0000800A0F68620B0F90000ACF8000041E02E
:1070B000DFF8D403C08818421ED0DFF8C8C3DFF859
:1070C000C00390F800E0A62000FB0EFE0CEB0E00C3
:1070D000A0F6063CDFF8ACE3DFF8A40390F80080EC
:1070E000A62000FB08F80EEB0800A0F66220B0F91D
:1070F0000000ACF800001DE0DFF888C3DFF8800373
:1071000090F800E0A62000FB0EFE0CEB0E00A0F6AF
:10711000063CDFF870E3DFF8680390F80080A620F3
:1071200000FB08F80EEB0800A0F68620B0F900007E
:10713000ACF80000BDE8F08138B5DFF850030088F6
:10714000002804D14FF49670DFF840130880DFF870
:107150003C030088022880F22481DFF83003008895
:1071600001282ED14FF49670DFF820130880DFF845
:1071700020030078002824D1DFF8040300781128C8
:107180001FDBDFF8FC02007819281ADADFF80403A5
:10719000DFF8EC12097800EB410030F81C0C0028F5
:1071A0000FD0DFF8F002B649097800EB4100B94989
:1071B000B34A127801EB420131F81C1C491E20F839
:1071C0001C1CB5480078012824D1A54890F8A20FCE
:1071D00021280ADBA24890F8A20F292805DAA04846
:1071E00090F8A20F1030A649087001224FF4807168
:1071F000AA48FEF7CAF81420A9490870A9480288CD
:10720000921C92B2A849A948FEF721F90020A24990
:107210000870C6E09C48B0F84E0005009848007819
:107220001138072874D896480078401C9449087093
:107230002800C0B292490978113988425DD192483C
:1072400090F84A00800655D58F4890F85000C00746
:1072500050D5FF20824981F8A20F2020804981F873
:10726000A30F8948C088002808D100207C4981F8F4
:10727000A40F80207A4981F8A50F07E00020784903
:1072800081F8A40FA420764981F8A50F0020744945
:1072900081F8A60F0220724981F8A70F7A48B0F949
:1072A000000000126E4981F8A80F774800886C49E9
:1072B00081F8A90F08217C48FBF794FF0400200007
:1072C00080B2000A664981F8AA0F654880F8AB4F82
:1072D00001224FF480717148FEF757F8142070496D
:1072E00008700A2270497148FEF7B1F832206749E8
:1072F000088002E01120624908702800C0B260498D
:1073000009781139884202DA11205D49087002E0DB
:1073100011205B4908705D480088652841DB5848AA
:10732000007811280DDB56480078192809DA5448EE
:10733000007810384A4981F8A20F1320484981F893
:10734000A30F0020524908704D480078444981F845
:10735000A40F0020424981F8A50F0020404981F880
:10736000A60F00203E4981F8A70F06214E48FBF7E3
:1073700039FF0400200080B2000A394981F8A80FC3
:10738000374880F8A94F01224FF480714348FDF738
:10739000FCFF142042490870082243494348FEF785
:1073A00056F831BD3448007811280BDB324800789C
:1073B000192807DA37483049097800EB41000521E0
:1073C00020F81C1C704738B52A48007801283FD1A6
:1073D00000202849087020480088811E89B234485E
:1073E000FBF700FF04001E481B490988084441F2CE
:1073F000F811415C09021A48174A1288104441F2F8
:10740000F912805C01430D002000290080B289B28E
:1074100088421DD140F6B83026490880FFF7C2FFE8
:1074200010480078132803D12148FFF740FC06E0FC
:107430000C480078152802D11D48FFF76BFD00208D
:107440000449088032201149088001201049087041
:1074500031BD0000521300205C130020044C00409A
:107460002C000020271200202A1200202B120020BE
:107470005A13002066130020281200202912002031
:1074800067130020603000200064002054130020A7
:107490006A13002090630020681300200008024057
:1074A0006B13002058130020CE0F002030680020FE
:1074B000261200205E130020DFF828080168DFF89C
:1074C00028080088002803D10020DFF82028108039
:1074D000DFF818080088B0F58A7F03DB0020DFF8AA
:1074E0000C281080DFF804080088002814D1080058
:1074F000C0B2652810D1DFF8F807DFF8F02712884E
:10750000104441F2CC628154DFF8E0070088401C4F
:10751000DFF8D82710806DE1DFF8D0070088012858
:1075200020D10800C0B213280BD00800C0B2152823
:1075300007D00800C0B2032803D00800C0B210284A
:1075400010D1DFF8AC07DFF8A4271288104441F20D
:10755000CC628154DFF894070088401CDFF88C2748
:10756000108047E1DFF8840700880228C0F23E81DE
:10757000DFF880070078132840F08C80DFF86C0774
:107580000088022810D1DFF86807DFF8602712882A
:10759000104441F2CC628154DFF850070088401C4F
:1075A000DFF84827108025E1DFF84007008803282E
:1075B00010D1DFF83C07DFF834271288104441F27D
:1075C000CC628154DFF824070088401CDFF81C27B8
:1075D00010800FE1DFF814070088042810D1DFF8CD
:1075E0001007DFF808271288104441F2CC6281545A
:1075F000DFF8F8060088401CDFF8F0261080F9E07C
:10760000DFF8E8060088052810D1DFF8E406DFF887
:10761000DC261288104441F2CC628154DFF8CC069B
:107620000088401CDFF8C4261080E3E0DFF8BC06C9
:107630000088062829DBDFF8C0060078DFF8BC26C2
:10764000127852EA0022DFF8B8060280DFF8A006BE
:10765000DFF898261288104441F2CC628154DFF89A
:107660008C060088401CDFF884261080DFF87C063A
:107670000088DFF88C2612880832904240F0BA80E9
:107680000120DFF880261070B4E00020DFF85C26CF
:107690001080AFE0DFF85C06007815285ED1DFF8D7
:1076A0004C060088022810D1DFF84406DFF83C269B
:1076B0001288104441F2CC628154DFF83006008811
:1076C000401CDFF82826108094E0DFF820060088B0
:1076D000032810D1DFF81806DFF8102612881044AE
:1076E00041F2CC628154DFF804060088401CDFF8C8
:1076F000FC2510807EE0DFF8F4050088042828DBF4
:10770000DFF804060078DFF80426127852EA002237
:10771000DFF8EC050280DFF8D805DFF8D025128805
:10772000104441F2CC628154DFF8C0050088401C4F
:10773000DFF8B8251080DFF8B4050088DFF8C02531
:107740001288921D904255D10120DFF8B8251070A3
:1077500050E00020DFF8942510804BE0DFF894051E
:10776000007803283DD1DFF884050088022815D170
:10777000DFF87C05DFF874251288104441F2CC62F2
:107780008154DFF868050088401CDFF86025108010
:107790000800C0B2DFF8682510802BE0DFF84C0548
:1077A0000088032826DBDFF84805DFF8402512882B
:1077B000104441F2CC628154DFF830050088401C4F
:1077C000DFF828251080DFF824050088DFF8302551
:1077D0001288521D90420DD10120DFF8282510702B
:1077E00008E00020DFF80425108003E00020DFF827
:1077F000FC2410800A20DFF8F024108070472DE967
:10780000F04790F802805FEA0828C17851EA08083A
:1078100090F802C090F803E0DFF8F4140978E0294A
:1078200049DBDFF8EC140978F02944DA90F8049089
:107830005FEA0929417951EA09094D46290089B2CF
:107840005FF0020991FBF9F10C00DFF8C894DFF852
:10785000C01491F800A0062101FB0AFA09EB0A0105
:10786000B1F5A861F1465FFA89F95FF0020A99FB68
:10787000FAF901EB49010B0006210F0000210E006F
:107880003100A14689B21FFA89F949455DD2390014
:1078900089B210F801907F1C5FEA0929390089B28A
:1078A000415C51EA09094A467F1C1A809B1C1EF163
:1078B000020E761CE4E7DFF858140978F02944DB5F
:1078C00090F804905FEA0929417951EA09094D4687
:1078D000290089B25FF0020991FBF9F10C00DFF891
:1078E0003894DFF82C1491F800A0222101FB0AFA49
:1078F00009EB0A01B1F5FF51F1465FFA89F95FF032
:10790000020A99FBFAF901EB49010B0006210F006D
:1079100000210E003100A14689B21FFA89F94945BC
:1079200013D2390089B210F801907F1C5FEA09294F
:10793000390089B2415C51EA09094A467F1C1A8024
:107940009B1C1EF1020E761CE4E7BDE8F087F0B444
:1079500086783602C1780E43011DDFF8B403007843
:10796000E0282FDBDFF8A8030078F0282ADA3000BF
:1079700080B2002856D008780400481C01780D0019
:10798000401CB61E0778411C3F02087807433A00A6
:10799000491CDFF88073DFF8780390F800C00620F8
:1079A00000FB0CFC07EB0C00B0F5A8602F00FFB249
:1079B0005FF0020C97FBFCF700EB470003001A8016
:1079C000B61ED4E7DFF848030078F0282ADB300041
:1079D00080B2002826D008780400481C01780D00E9
:1079E000401CB61E0778411C3F02087807433A0046
:1079F000491CDFF82473DFF8180390F800C0222038
:107A000000FB0CFC07EB0C00B0F5FF502F00FFB2A1
:107A10005FF0020C97FBFCF700EB470003001A80B5
:107A2000B61ED4E7F0BC704770B5DFF8F0020088EE
:107A3000022880F2EF80DFF8E802B0F84C0000285E
:107A400000F0E880DFF8D802B0F84C50B448B0F845
:107A50004C60B6B2360AB148008801284AD14FF4CA
:107A60009670AE490880AF480078002842D1A848F7
:107A70000078E0281FDBA6480078F0281BDAAA4827
:107A8000A349097800EB4100B0F5CD7000880028CB
:107A900030D0A5489E49097800EB4100B0F5CD7083
:107AA000A1499B4A127801EB4201B1F5CD710988D9
:107AB000491E01801EE096480078F0281ADB9A489B
:107AC0009349097800EB4100B0F5CD70008800289B
:107AD00010D095488E49097800EB4100B0F5CD7083
:107AE00091498B4A127801EB4201B1F5CD710988B9
:107AF000491E01808D480078012813D101220821F8
:107B00008B48FDF742FC14208A4908708A48028895
:107B1000921C92B289498A48FDF799FC002083495A
:107B2000087077E07A480078E0380F2803D91038D9
:107B30000F2818D927E076480078401C744908704F
:107B400073480078E0382900C9B288420ADB300067
:107B5000C0B2002803D0F0206D49087002E0E02098
:107B60006B49087012E06A480078401C6849087048
:107B700067480078F0383100C9B2884202DBE02063
:107B80006349087002E0E0206149087060480078AD
:107B9000E0280BDB5E480078F02807DA5C480078C4
:107BA000664908701320674908700AE05848007851
:107BB000F02806DB564800786049087013206149B8
:107BC0000870002057490870514800785E490870D5
:107BD00000205E49087000205D49087000205D4962
:107BE000087006215548FBF7FDFA0400200080B21A
:107BF000000A5949087059480470012208214C486C
:107C0000FDF7C3FB14204B49087008224B494C4830
:107C1000FDF71DFC70BD3C480078E0280DDB3A48BC
:107C20000078F02809DA40483749097800EB41002C
:107C3000B0F5CD70052101800CE033480078F028C4
:107C400008DB39483049097800EB4100B0F5CD70C8
:107C500005210180704738B52A48007801283FD1B6
:107C600000202849087021480088811E89B23C48BC
:107C7000FBF7B8FA04001E481C490988084441F281
:107C8000CA61415C09021A48184A1288104441F23C
:107C9000CB62805C01430D002000290080B289B2D4
:107CA00088421DD140F6B8302E490880FFF7B3FF57
:107CB00010480078132803D12948FFF7A0FD06E0FB
:107CC0000C480078152802D12548FFF740FE002017
:107CD00005490880142011490880012011490870C5
:107CE00031BD000004500040241800202E18002050
:107CF0002C000020F9160020FC160020FD160020A4
:107D00002C18002038180020FA160020FB1600203E
:107D10003918002058660020405B002026180020FB
:107D2000006400203C180020906300203A180020D6
:107D3000000002403D1800202A180020A014002056
:107D400070680020A1140020A2140020A3140020B9
:107D5000A4140020A5140020A6140020A7140020BD
:107D6000F8160020301800202DE9F84305005FF0D8
:107D700000090024002600272878C0070ED5DFF868
:107D8000F403016831F0C061E8690143DFF8E403FE
:107D90000160E869002801D10120070028788007E8
:107DA0000ED5DFF8D003016831F0C051286A0143D5
:107DB000DFF8C0030160286A002801D10120070014
:107DC000286880041ED5DFF8AC03016831F4401147
:107DD000A86C0143DFF89C030160A86C002801D166
:107DE00001200700A86CB0F5001F0BD1DFF8840359
:107DF000006830F4F8506969491E50EA0120DFF844
:107E000074130860286840041ED5DFF86803016811
:107E100031F44001E86C0143DFF858030160E86C7D
:107E2000002801D101200700E86CB0F5000F0BD14C
:107E3000DFF84003006830F4F8506969491E50EAE1
:107E40000120DFF8301308602878000740F18480B3
:107E500000200090DFF82003006850F08050DFF829
:107E600018130860DFF81003006810F080500090CD
:107E70000098DFF80803006850F48070DFF8FC1207
:107E8000086000F09BFF8146DFF8F0020068C00543
:107E900007D400F093FFB0EB09000328F4D30320CC
:107EA00066E1DFF8DC02006810F440700400002C8A
:107EB0002CD0686A10F44070844227D0DFF8C002EA
:107EC000006830F4407004000120DFF8B812086048
:107ED0000020DFF8B0120860DFF8A4020460DFF8C9
:107EE000A0020068C00711D500F068FF8146DFF8E6
:107EF00090020068800709D400F060FFB0EB090031
:107F000041F289318842F2D3032031E1686A10F4EA
:107F10004070B0F5407F0DD1DFF86C02016831F49C
:107F2000F8116A6ADFF8640202401143DFF8580270
:107F3000016007E0DFF85002006830F4F810DFF865
:107F400048120860DFF838020068696A0905090DFF
:107F50000843DFF82C1208602878400704D595F80C
:107F60005400DFF8E01508602878C00609D5DFF86E
:107F7000E405016831F44001E86A0143DFF8D40503
:107F80000160287880060FD5DFF8C805016831F058
:107F90000061286B0143DFF8BC050160286BB0F17C
:107FA000006F01D1012007002878400609D5DFF8CD
:107FB000A405016831F08051A86A0143DFF89405F7
:107FC0000160012F03D02868802840F08F800020B6
:107FD000DFF87415086000F0F1FE8046DFF86C05EC
:107FE0000068000107D500F0E9FEB0EB08000328A7
:107FF000F4D30320BCE0286DDFF85415086028781E
:10800000C00702D5E869002816D02878800702D575
:10801000286A002810D02878800603D5286BB0F194
:10802000006F09D02878400613D5A86A002810D11F
:10803000286BB0F1006F0CD16868A96850EA811014
:10804000E96850EA0160296950EA0170DFF8081513
:1080500008602868800402D5A86C002805D028682C
:1080600040041FD5E86C00281CD1DFF8EC04006840
:10807000C0F3036006006868A96850EA811050EAFE
:108080000660296950EA0170DFF8CC140860DFF857
:10809000E400006840094001A969491E0843DFF86F
:1080A000D4100860287800060CD56868A96850EAE2
:1080B0008110E96850EA0160296950EA0170DFF82F
:1080C000981408600120DFF88014086000F076FE44
:1080D0008146DFF878040068000107D400F06EFEE6
:1080E000B0EB09000328F4D3032041E02868C00561
:1080F00009D5DFF88000016821F00041686B014379
:10810000DFF8700001602868800509D5DFF8640099
:10811000016831F40041A86B0143DFF858000160A9
:108120002868400509D5DFF84C00016821F00041BE
:10813000E86B0143DFF83C0001602868000509D5C1
:10814000DFF83000016831F48041286C0143DFF82A
:10815000240001602868C00409D5DFF8F80301682D
:1081600021F04041686C0143DFF8E8030160002022
:10817000BDE8F2838C380240403802400070004075
:1081800070380240400E474208380240FFFCFF0FA3
:108190007CB5040000252078C0076FD5DFF8CC033C
:1081A000006810F00C0004280BD0DFF8C003006852
:1081B00010F00C0008280ED1DFF8A0030068400280
:1081C00009D5DFF8A0030068800357D56068002850
:1081D00054D10120B5E16068B0F5803F08D1DFF8E7
:1081E0008403006850F48030DFF87813086024E0DE
:1081F0006068B0F5A02F10D1DFF86803006850F474
:108200008020DFF860130860DFF85803006850F43E
:108210008030DFF8501308600FE0DFF84803006893
:1082200030F48030DFF83C130860DFF83803006872
:1082300030F48020DFF82C130860606800280ED02E
:1082400000F0BCFD0500DFF81C030068800315D4B6
:1082500000F0B4FD401B6528F5D3032071E100F068
:10826000ADFD0500DFF8FC020068800306D500F0D4
:10827000A5FD401B6528F5D3032062E12078800727
:108280005CD5DFF8E802006810F00C0F0BD0DFF8C7
:10829000DC02006810F00C0008281AD1DFF8BC02DC
:1082A0000068400215D4DFF8BC020068800704D5DE
:1082B000E068012801D0012043E1DFF8A80200684E
:1082C00030F0F800216950EAC100DFF89812086028
:1082D00034E0E06800281ED00120DFF89412086026
:1082E00000F06CFD0500DFF87C020068800706D412
:1082F00000F064FD401B0328F5D3032021E1DFF8E3
:108300006402006830F0F800216950EAC100DFF82B
:108310005412086012E00020DFF85412086000F0E8
:108320004DFD0500DFF83C020068800706D500F02F
:1083300045FD401B0328F5D3032002E12078000708
:1083400026D56069002812D00120DFF828120860C5
:1083500000F034FD0500DFF810020068800717D434
:1083600000F02CFD401B0328F5D30320E9E000209A
:108370008049086000F022FD05007B480068800706
:1083800006D500F01BFD401B0328F6D30320D8E0E0
:108390002078400740F18080002677480068C000C0
:1083A0000FD4002000907448006850F0805072494B
:1083B00008607148006810F080500090009801201B
:1083C00006006E480068C00513D46C48006850F47D
:1083D00080706A49086000F0F1FC05006748006899
:1083E000C00506D400F0EAFC401B0328F6D30320A6
:1083F000A7E0A068012806D15948006850F00100A4
:10840000574908601BE0A06805280CD15448006853
:1084100050F00400524908605148006850F00100D3
:108420004F4908600BE04E480068400840004C4946
:1084300008604B48006830F0040049490860A068B3
:1084400000280FD000F0BAFC0500454800688007FE
:1084500018D400F0B3FC401B41F289318842F4D3B8
:1084600003206EE000F0AAFC05003D48006880078C
:1084700008D500F0A3FC401B41F289318842F4D3B7
:1084800003205EE03000C0B2012805D13A48006800
:1084900030F0805038490860A069002850D0334837
:1084A000006810F00C00082848D0A069022834D1D8
:1084B00000203349086000F081FC0600294800686C
:1084C000800106D500F07AFC801B0328F6D3032038
:1084D00037E0E169206A0143606A51EA8011A06ACD
:1084E0004008401E51EA0041E06A51EA0061206BF9
:1084F00051EA00711948016001202149086000F02B
:108500005DFC050017480068800119D400F056FC96
:10851000401B0328F6D3032013E00020184908600D
:1085200000F04CFC05000F480068800108D500F001
:1085300045FC401B0328F6D3032002E0012000E0A5
:10854000002076BDE01147426800474200380240F3
:10855000D810474294380240843802400438024020
:108560007038024000380240743802400838024037
:1085700000004742800E47424038024000700040F1
:108580006000474270B504000D00002C01D10120AD
:108590009CE05B48006810F00F00A84209D25848E0
:1085A00005705748006810F00F00A84201D0012064
:1085B0008CE02078800719D52078400705D55148F0
:1085C000006850F4E0504F4908602078000705D556
:1085D0004C48006850F460404A49086049480168C6
:1085E00031F0F001A0680143464801602078C007DF
:1085F00036D56068012805D143480068800313D44C
:10860000012063E06068022802D06068032805D179
:108610003D480068800107D4012057E03A480068CF
:10862000800701D4012051E036480168890889009B
:10863000606801433348016000F0C0FB0600314828
:10864000006810F00C006168B0EB810F08D000F0FA
:10865000B5FB801B41F289318842F0D3032035E01D
:108660002748006810F00F00854209D224480570A1
:108670002348006810F00F00A84201D0012025E037
:108680002078400707D51F48016831F4E051E068C1
:1086900001431C4801602078000708D5194800688C
:1086A00030F46040216950EAC1001649086000F0CA
:1086B0007DFE1649134A1268C2F30312895CC84052
:1086C00013490860002000F07FFB002070BD1048B7
:1086D0000068704780B5FFF7FAFF0E49094A126833
:1086E000C2F38222895CC84002BD80B5FFF7EFFF6C
:1086F0000849044A1268C2F34232895CC84002BD8C
:10870000003C02400838024000380240E0E902081C
:108710000400002018EA020838B50400002C01D13A
:10872000012020E04CF6CC402168086045F255500D
:1087300021680860606821684860A06821688860D6
:1087400000F03CFB05002068C068002806D000F05F
:1087500035FB401B3128F6D3032004E04AF6AA205B
:1087600021680860002032BD80B500200090DFF84D
:10877000C004006850F48040DFF8B4140860DFF8EB
:10878000B004006810F48040009000980020009031
:10879000DFF8A004006850F08050DFF898140860FB
:1087A000DFF89004006810F08050009000980320DB
:1087B000FBF753F8002200217FF00B00FBF753F882
:1087C000002200217FF00A00FBF74DF80022002173
:1087D0007FF00900FBF747F8002200217FF004003A
:1087E000FBF741F8002200217FF00300FBF73BF884
:1087F000002200217FF00100FBF735F80022002164
:108800005FF0FF30FBF72FF801BD0168DFF82C2483
:10881000914203D10121DFF828241160704710B57F
:1088200086B004002068DFF81C1488421FD10020A5
:108830000090DFF80004006850F40040DFF8F41303
:108840000860DFF8F003006810F400400090009822
:108850003820019002200290002003900320049011
:108860000620059001A9DFF8D003FCF785FC06B0CF
:1088700010BD10B586B004002068DFF8CC13884224
:1088800039D100200590DFF8AC03006850F40020D7
:10889000DFF8A0130860DFF89C03006810F40020E4
:1088A000059005984FF4806000900220019001200F
:1088B000029003200390082004906946DFF88C039F
:1088C000FCF75AFC4FF40060009002200190012058
:1088D000029003200390082004906946DFF870039B
:1088E000FCF74AFC002200213420FAF7BCFF3420B8
:1088F000FAF7CEFF9AE12068DFF85813884238D1A2
:1089000000200590DFF82C03006850F48010DFF899
:1089100024130860DFF81C03006810F48010059031
:1089200005984FF4805000900220019001200290A1
:1089300003200390082004906946DFF81403FCF735
:108940001BFC0420009002200190012002900320D3
:108950000390082004906946DFF8F002FCF70CFC55
:10896000002200213520FAF77EFF3520FAF790FF2C
:108970005CE12068DFF8E012884229D100200590F0
:10898000DFF8B002006850F08040DFF8A8120860FD
:10899000DFF8A002006810F08040059005984FF4C1
:1089A000C0700090022001900120029003200390EB
:1089B000082004906946DFF8A402FCF7DDFB0022E2
:1089C00000215220FAF74FFF5220FAF761FF2DE104
:1089D0002068DFF88C12884228D100200590DFF84B
:1089E0005402006850F00040DFF848120860DFF8D9
:1089F0004402006810F000400590059803200090A4
:108A0000022001900120029003200390082004908E
:108A10006946DFF84802FCF7AFFB00220021532033
:108A2000FAF721FF5320FAF733FFFFE02068DFF861
:108A30003412884229D100200590DFF8F401006843
:108A400050F04000DFF8E8110860DFF8E40100684A
:108A500010F04000059005984FF44040009002202F
:108A6000019001200290032003900B20049069469E
:108A7000DFF8D801FCF780FB002200215820FAF72C
:108A8000F2FE5820FAF704FFD0E02068DFF8D81192
:108A9000884226D100200590DFF89401006850F04C
:108AA0008000634908606248006810F0800005900B
:108AB00005980C20009002200190012002900320D4
:108AC00003900B2004906946DFF89001FCF754FBFB
:108AD000002200215920FAF7C6FE5920FAF7D8FEE5
:108AE000A4E020686149884225D1002005905048C3
:108AF000006850F010004E4908604D48006810F0C2
:108B00001000059005984FF4C0600090022001907D
:108B100001200290032003900720049069465448E6
:108B2000FCF72AFB002200212520FAF79CFE2520D5
:108B3000FAF7AEFE7AE020684E49884224D1002040
:108B400005903C48006850F400303A4908603948C4
:108B5000006810F400300590059860200090022015
:108B600001900120029003200390072004906946A1
:108B70003648FCF701FB002200212620FAF773FE9D
:108B80002620FAF785FE51E020683B49884225D12E
:108B9000002005902748006850F48020254908608F
:108BA0002448006810F48020059005984FF4407028
:108BB00000900220019001200290032003900720E2
:108BC000049069462148FCF7D7FA002200212720AB
:108BD000FAF749FE2720FAF75BFE27E020682749CD
:108BE000884223D1002005901148006850F02000F1
:108BF0000F4908600E48006810F0200005900598A5
:108C0000C0200090022001900120029003200390D8
:108C10000820049069460E48FCF7AEFA00220021B5
:108C20004720FAF720FE4720FAF732FE06B010BDC3
:108C3000443802404038024000040240002800400E
:108C40003C0E4742003C0040004C0040000C0240FB
:108C50000008024000500040007800400010024030
:108C6000007C004000180140001C01400010014041
:108C70000000024000440040004800400014014051
:108C8000010091F83500022803D0802048650120BA
:108C900009E0052081F835000868006840084000B8
:108CA0000A681060002070477047704762F30F2217
:108CB00062F31F42401810F0030308D0C91A1FD3F3
:108CC000DB0748BF00F8012D28BF20F8022D130054
:108CD00030B414461546103928BF20E93C00FAD8B4
:108CE000490728BF20E90C0048BF40F8042D89003F
:108CF00028BF20F8022D48BF00F8012D30BC704776
:108D0000C91818BF00F8012DCB0728BF00F8012DA6
:108D10007047000062B38B0708D0521E11F8013B68
:108D200000F8013B00F024808B07F6D1830740F068
:108D3000208000BF103A07D330B4B1E83810103AA1
:108D4000A0E83810F9D230BC530724BFB1E80810AE
:108D5000A0E8081044BF51F8043B40F8043BD20798
:108D600024BF31F8022B20F8022B44BF0B7803708C
:108D70007047121F17D35B0009D151F8043B20F84C
:108D8000023B1B0C121F20F8023BF6D20BE051F8FD
:108D9000043B00F8013B1B0A20F8023B1B0C121F8E
:108DA00000F8013BF3D238BF121D521E24BF11F848
:108DB000013B00F8013BF8D870470000014800680B
:108DC000704700BF246C002010B504004FF47A7087
:108DD0000D490978B0FBF1F00C490968B1FBF0F0DE
:108DE000FAF761FD002801D001200CE0102C09D217
:108DF000002221005FF0FF30FAF735FD04480460DF
:108E0000002000E0012010BD280000200400002008
:108E10000000002070B504000D001600002C01D1E8
:108E2000022013E084F8BC630020C4F8740300201F
:108E3000C4F87803200000F00AF82800002801D0C8
:108E4000C4F8C453200000F045FB002070BD0100B1
:108E500000200F2806D2002201EB8003C3F87C23F8
:108E6000401CF6E70022B2F5007F06D2002001EB9D
:108E7000020383F81C01521CF5E700200870002053
:108E80004870012088700020C1F8B80301200876DE
:108E90004020887100204876002081F81C030120C2
:108EA00081F81D030020704710B402000023002940
:108EB00010D0D2F8780300280AD1D2F87803441CE5
:108EC000C2F8784302EB8000C0F87013002002E083
:108ED000022000E00220C0B210BC704710B40200B3
:108EE00000200B0092F83643DBB2A34202D282F894
:108EF0001F1301E002231800C0B210BC7047F0B489
:108F000004000025002604F23237280040B202286F
:108F10002BDA280040B25FF01A0C10FB0CF038443A
:108F20000A30060070798C465FFA8CFC604503D0ED
:108F30000800C0B2FF2816D1B07994465FFA8CFCC5
:108F4000604503D01000C0B2FF280CD1F0799C46D8
:108F50005FFA8CFC604503D01800C0B2FF2802D134
:108F60002800C0B202E06D1CCFE7FF20F0BC7047C4
:108F700010B50400200000F0E9FA0121200000F003
:108F8000F6FB002010BD38B584B0040002208DF837
:108F90000C0000252078002815D0012820D00228B8
:108FA0001FD0032800F0D38005284DD0062800F0FC
:108FB000AF8007285AD0082864D009286DD00A2825
:108FC00000F0BB80D3E094F81E03002807D00120F6
:108FD0002070C82000F01BFC200000F009FBC6E058
:108FE000C5E0642000F013FC200000F0EBFA84F8E8
:108FF0001D03052020700021200000F031FC60716D
:109000008021200000F02CFC2071A07980B2029019
:109010000020019094F81D03009094F81C338022E6
:109020002179200000F0F9FBA07980B202900020A5
:10903000019094F81D03009094F81C33002261798C
:10904000200000F0EAFB92E0200000F093F80028F6
:109050000BD1002084F81F0394F83103012802D1BA
:109060000820207001E00720207080E0D4F8C403BD
:10907000002806D001212000D4F8C42390470820FE
:10908000207074E094F8371389B2200000F0CAFC15
:10909000002801D10920207069E0D4F87803002865
:1090A00035D00020C4F87403002005002800C0B2A9
:1090B000002814D12800C0B204EB8000D0F870035F
:1090C000007994F84113884207D12800C0B204EB1C
:1090D0008000D0F87003C4F874036D1CE6E7D4F880
:1090E0007403002811D02000D4F8741389688847CD
:1090F000002807D10620207003212000D4F8C423C3
:10910000904704E00C20207001E00C2020702EE03D
:10911000D4F8740300280DD02000D4F87413096922
:1091200088478DF80C009DF80C00002804D10A2017
:10913000207001E00C20207019E0D4F8740300289E
:1091400004D02000D4F87413496988470FE0200048
:10915000FFF77DFED4F87403002807D02000D4F870
:109160007413C96888470020C4F87403FFE700201F
:1091700005B030BD3EB504000125607800280DD053
:1091800002283ED034D3042871D067D3062800F0DB
:109190008C8076D3072800F09C80AEE00821200068
:1091A00000F0A3FB002822D194F82703A07101202E
:1091B0006070A07980B202900020019094F81D03A5
:1091C000009094F81C3380222179200000F025FBC8
:1091D000A07980B202900020019094F81D030090C5
:1091E00094F81C3300226179200000F016FB84E023
:1091F0001221200000F079FB002801D102206070CC
:109200007BE00121200000F0F6FB002825D10220A0
:1092100000F0FDFA012084F81C0303206070A0799F
:1092200080B202900020019094F81D03009094F801
:109230001C3380222179200000F0EFFAA07980B25F
:1092400002900020019094F81D03009094F81C33C4
:1092500000226179200000F0E0FA4EE009212000B0
:1092600000F062FB002801D10420607045E0B4F8F2
:109270003413200000F058FB002801D10520607055
:109280003BE094F82E0300280CD0FF2314F58E72D7
:1092900094F82E13200000F064FB002804D106206F
:1092A000607001E00620607027E094F82F0300282A
:1092B0000CD0FF2314F58E7294F82F13200000F0C9
:1092C00050FB002804D10720607001E00720607087
:1092D00013E094F8300300280CD0FF2314F58E72AD
:1092E00094F83013200000F03CFB002804D100204B
:1092F000050001E000200500FFE72800C0B23EBDE8
:10930000C0F8B813704710B50400D4F8B803401C77
:10931000C4F8B803200000F001F810BD10B5040037
:1093200020780A2808D1D4F87403002804D020003B
:10933000D4F874138969884710BD10B504002078EB
:1093400000280CD1012084F81E03D4F8C40300289F
:109350000AD004212000D4F8C423904704E02078E8
:10936000012801D102202070002010BD10B504009A
:10937000200000F009F92179200000F089FA6179D4
:10938000200000F085FA002084F81E03D4F8C403FE
:10939000002804D005212000D4F8C42390472000E1
:1093A00000F0D4F803202070002010BDF0B5002498
:1093B0000025002600271E48006810F00C00002839
:1093C00004D0042804D0082804D02FE019482EE047
:1093D00019482CE01948006810F03F0004001748B5
:1093E000006840020CD515480068C0F38810124987
:1093F000A1FB00012200002300F07AFD05000BE034
:109400000E480068C0F388100A49A1FB0001220041
:10941000002300F06DFD050008480068C0F301401E
:10942000401C40000600B5FBF6F000E00148F0BD2E
:10943000083802400024F40040787D0104380240DE
:1094400010B586B004002068B0F1A04F2AD14FF4C7
:10945000C05001900220029000200390032004904D
:109460000A20059001A93448FBF786FE33480068BE
:1094700050F08000314908600020009030480068BA
:1094800050F480402E4908602D48006810F4804058
:1094900000900098002200214320FAF7E4F94320CD
:1094A000FAF7F6F906B010BD10B50400D4F894022E
:1094B000FFF729FF10BD10B50400D4F89402FFF7A0
:1094C0003CFF10BD10B50400D4F89402FFF74EFF26
:1094D00010BD704710B5040094F8BC03012828D1D2
:1094E0001848C0F894421748C4F8C0035FF0A04081
:1094F000144908600C201349886003201149C86092
:1095000000201049086102200E49886100200D49A1
:10951000C8610C4800F004FE002803D0D8210A4896
:10952000FBF714FE074801F0E5F801002000FFF703
:10953000E7FE002010BD0000000002403438024069
:1095400044380240E851002060E7020870B504008A
:1095500000260025D4F8C00301F08FF801000800B0
:10956000C0B2002805D0022807D004D3032806D0B3
:1095700007E0002006E0022004E0012002E00220D3
:1095800000E00220C0B270BD70B5040000260025C6
:10959000D4F8C00301F088F801000800C0B2002828
:1095A00005D0022807D004D3032806D007E0002006
:1095B00006E0022004E0012002E0022000E0022098
:1095C000C0B270BD38B504000125D4F8C00301F065
:1095D00097F8002803D0022805D002D305E0002028
:1095E00004E0012002E0022000E00120C0B232BD10
:1095F00070B5040000260025D4F8C00301F067F818
:1096000001000800C0B2002805D0022807D004D30A
:10961000032806D007E0002006E0022004E0012035
:1096200002E0022000E00220C0B270BD38B50400A4
:109630000D002900C9B2D4F8C00301F055F832BDBD
:109640002DE9FE4304000D0016001F005FF0000925
:109650005FF00008BDF8300002909DF82C000190EA
:109660009DF8280000903B00DBB23200D2B2290006
:10967000C9B2D4F8C00300F081FD01000800C0B2F7
:10968000002805D0022807D004D3032806D007E01D
:10969000002006E0022004E0012002E0022000E0B9
:1096A0000220C0B2BDE8FE83F8B504000D0000271B
:1096B00000262900C9B2D4F8C00300F0C8FD01009B
:1096C0000800C0B2002805D0022807D004D3032820
:1096D00006D007E0002006E0022004E0012002E0BE
:1096E000022000E00220C0B2F2BD2DE9F84384B0B0
:1096F00004000D0016001F005FF000095FF0000875
:109700009DF83C000390BDF8380002900D98019040
:109710009DF8300000903B00DBB23200D2B229004D
:10972000C9B2D4F8C00300F0AAFD01000800C0B21D
:10973000002805D0022807D004D3032806D007E06C
:10974000002006E0022004E0012002E0022000E008
:109750000220C0B205B0BDE8F08338B504000D00AA
:109760002900C9B2D4F8C00300F0B7FF32BD38B544
:1097700004000D0094F8BC030128C82001F036FE57
:10978000002032BD30B40300D3F8C0430D00EDB269
:109790002820454304EB050090F83B00002808D042
:1097A0000D00EDB22820454304EB050080F8502061
:1097B00007E00D00EDB22820454304EB050080F8DA
:1097C0005120002030BC704730B402000024D2F891
:1097D000C0330D00EDB22820454303EB050090F89F
:1097E0003B00002808D00D00EDB22820454303EBD4
:1097F000050090F8500007E00D00EDB22820454329
:1098000003EB050090F85100C0B230BC704710B5B2
:109810000400200001F0EAFD10BDFEB504000D00BB
:1098200016001F00BDF8280002909DF8240001904A
:109830009DF8200000903B00DBB23200D2B229003C
:10984000C9B22000FFF7FCFE0020FEBD38B50400C1
:109850000D002900C9B22000FFF726FF002032BD0D
:1098600038B504000D00200000F027F8010089B28F
:109870004FF6FF72914209D02900C9B251F400415C
:10988000020092B204EB8202C2F87C13C0B232BD75
:1098900002000800C0B20B280DDA0800C0B202EBCB
:1098A0008000D0F87C034004400C0B00DBB202EBDC
:1098B0008303C3F87C0300207047010000200022CE
:1098C0001000C0B20B280DDA1000C0B201EB80000E
:1098D000D0F87C03000403D4D2B2100080B203E0BD
:1098E000521CEDE74FF6FF7070477CB504000D0089
:1098F0002800C0B280B2009014F58E734FF48072CD
:109900000021200000F050F80600C0B2002808D165
:109910002A00D2B292B214F58E7114F5487000F09C
:10992000ADF83000C0B276BDF8B504000D0014F1FA
:109930001C07280080B200903B004FF40072002109
:10994000200000F031F80600C0B2002806D12A003D
:1099500092B2390004F2323000F0BFF83000C0B2E9
:10996000F2BD2DE9FC4104000D0016001F00380077
:1099700080B2009014F58E732A00D2B252F4407275
:1099800092B20021200000F00FF88046C0B20028FB
:1099900006D13A0092B2310014F58E7000F036F91B
:1099A0004046C0B2BDE8F6812DE9F04105000E0049
:1099B00090461F00069CA878012814D156F080001C
:1099C000287406206874A5F81280404680B210F40E
:1099D0007F40B0F5407F03D140F20940A88201E00A
:1099E0000020A882EC82220092B23900280000F008
:1099F00038F9BDE8F08138B504000D00A0780128E1
:109A00000AD100202074052060742800C0B2608252
:109A10000020A0820020E08200220021200000F02F
:109A200020F932BD38B504000D00A078012808D116
:109A3000002020740920607465820020A08200202C
:109A4000E08200220021200000F00BF932BD38B581
:109A500004000D00A07801280AD102202074012002
:109A60006074002060822800C0B2A0820020E082E2
:109A700000220021200000F0F4F832BD10B40B7871
:109A800003704B7843708B78CC782402E3184380C2
:109A90000B7903714B7943718B798371CB79C371E6
:109AA00013009BB2092B16DB0B7A4C7A2402E318C5
:109AB00003818B7ACC7A2402E31843810B7B4C7BA5
:109AC0002402E31883818B7B8373CB7BC3730B7C72
:109AD00003744B7C437410BC70472DE9F84F0400AD
:109AE0000D00160028005FF000095FF0000AAB4689
:109AF0002978217069786170A978EA781202511882
:109B000061802979217169796171A979A171E979F6
:109B1000E171297A2172310089B20A2951DB0920C9
:109B2000ADF8000000200700484640B2022848DA9D
:109B3000BDF800006188884243D26946584600F06B
:109B400087F883469BF801000428EDD1484640B2CF
:109B50001A2110FB01F020440A3007005946380052
:109B600000F031F80020824600208046504640B286
:109B7000397900B209B2884220DABDF80000618864
:109B800088421BD26946584600F062F883469BF82B
:109B900001000528EAD1484640B21A2110FB01F025
:109BA0002044514649B200EBC1001430804659466A
:109BB000404600F01BF81AF1010AD7E719F1010934
:109BC000B2E7BDE8F18F0A7802704A7842708A786D
:109BD0008270CA78C2700A7902714A7942718A79B0
:109BE0008271CA79C2710A7A027270470A78027069
:109BF0004A7842708A788270CA78C2700A794B7942
:109C00001B029A1882808A798271704770B44578F5
:109C1000032D1BD11500ADB20678B61EB54202DB8E
:109C20000478A41E00E01400801C00252B001D00F9
:109C30002600ADB2B6B2B54206D21D00ADB2455D4A
:109C40000D70491C9B1CF2E700250D7070BC70471D
:109C500002000888137850FA83F0088010781044C6
:109C60007047F8B504000D0016000127A078012800
:109C700002D0022809D020E0A560A681012020762C
:109C80000220A0700120070017E0200000F018F863
:109C900007003800C0B2002806D10120A0700020C3
:109CA00020760020070007E03800C0B2022803D168
:109CB0000120A07002200700FFE73800C0B2F2BD0B
:109CC000F8B5040001260027207E012816D0C0F038
:109CD0000B81032846D01AD3052868D04ED3072815
:109CE00000F0988071D3092800F0BC80C0F09E80FD
:109CF0000B2800F0E180C0F0C380F5E0627914F138
:109D00001001200001F086FB02202076ECE0617952
:109D10002000FFF722FD07003800C0B201281AD149
:109D2000207C10F080000500E08A002809D028007F
:109D3000C0B2802802D10320207612E005202076D0
:109D40000FE02800C0B2802802D10920207608E068
:109D50000720207605E03800C0B2042801D10B208E
:109D60002076C1E0D4F8B803E0812379A289A16804
:109D7000200001F085FB04202076B5E02179200049
:109D8000FFF7EBFC07003800C0B2012801D1092021
:109D900020763800C0B2052802D10320060005E075
:109DA0003800C0B2042801D10B2020769CE00120AD
:109DB00000906379A289A168200001F040FBD4F8EB
:109DC000B803E081062020768EE061792000FFF75D
:109DD000C4FC07003800C0B2012802D10720207659
:109DE00017E03800C0B2052804D10C2020760320EB
:109DF00006000EE03800C0B2022802D1052020760D
:109E000007E03800C0B2042803D10B2020760220DE
:109E1000060069E0237900220021200001F030FBD8
:109E2000D4F8B803E081082020765DE02179200095
:109E3000FFF793FC07003800C0B2012804D10D20C1
:109E40002076002006000CE03800C0B2042802D1C1
:109E50000B20207605E03800C0B2052801D1032090
:109E6000060041E0012000906379002200212000DB
:109E700001F0E5FAD4F8B803E0810A20207633E057
:109E800061792000FFF769FC07003800C0B20128A3
:109E900004D1002006000D2020760CE03800C0B26E
:109EA000022802D10920207605E03800C0B204283B
:109EB00001D10B20207617E0607E401C6076607E2A
:109EC000032807DA2000FFF75FFB0120207601203E
:109ED000A07008E006212000D4F8C4239047002099
:109EE000607602200600FFE73000C0B2F2BD00003D
:109EF000BBBBE1B1B2F5803F80F07E80022A1ED963
:109F00008C46B1FBF2F102FB11C31B0443EA104380
:109F1000B3FBF2FC02FB1C3380B240EA0343B3FB09
:109F2000F2F002FB103240EA0C4000237047022A94
:109F300005D98446B0FBF2F002FB10C270474AB16B
:109F400005D100F0010249085FEA300070470022A5
:109F50000023704701F0E6BA0B0002000021002048
:109F60007047904271EB030CF6D3B3F5803F2FD2CC
:109F7000F0B5B3FA83F7B1FA81F4A7F10F0E3D1BE8
:109F80005340CEF1200602FA0EF2F3415340B5F1F0
:109F90000F0746D80F3C2C444140C4F12006A04096
:109FA000F1414140B1FBF3F603FB1611A2FB06455C
:109FB000001BA94102D2761E8018594180EA010295
:109FC00021FA0EF362FA0EF200215A403046F0BD3B
:109FD00030B4B1FBF3FC03FB1C11A2FB0C45001BCE
:109FE000A94103D2ACF1010C8018594130BC0246A2
:109FF0000B46604600217047B2F1807F65D3F0B513
:10A00000B2FA82F7B1FA81F4C7F10F063D1B22FACA
:10A0100006F307F1110EF24120355A40B5F10F0752
:10A02000B8D94140C4F12006A040F1414140B1FB04
:10A03000F3FC03FB1C11A2FB0C45001BA94103D23E
:10A04000BCF1010C801859410F2F12D30F3FC903E7
:10A0500041EA5041B1FBF3F603FB1611A2FB0645A2
:10A06000D4EBC030A94102D2761E8018594146EA8D
:10A07000CC3C07B34140C7F12006B840F141414014
:10A08000B1FBF3F603FB1611A2FB0645001BA94129
:10A0900002D2761E8018594180EA010221FA0EF39D
:10A0A000C7F1200462FA0EF20CFA07F05A402CFABB
:10A0B00004F13043F0BD80EA010221FA0EF30021E1
:10A0C00062FA0EF260465A40F0BD8C46B1FBF2F1E6
:10A0D00002FB11C31B0243EA1063B3FBF2FC02FB59
:10A0E0001C331B024CEA002043EA1063B3FBF2FC72
:10A0F00002FB1C331B024CEA002043EA1063B3FB53
:10A10000F2FC02FB1C331B024CEA002043EA106302
:10A11000B3FBF2FC02FB1C324CEA00200023704728
:10A1200010B58AB00400002C01D1012024E00320E6
:10A1300084F891022000FFF783F9206801F032FAD9
:10A14000211D83B068463422FEF7F4FD0EBC206862
:10A1500001F0EAF90121206801F02BFA211D83B0FA
:10A1600068463422FEF7E6FD0EBC206801F0C2FA14
:10A17000012084F8910200200AB010BD2DE9FE4FA5
:10A180000700884691469A460C9C0D9D0E9E5FF0F6
:10A19000000B97F89002012801D1022055E0012020
:10A1A00087F890024146C9B22820414307EB0100DD
:10A1B00080F838A04146C9B22820414307EB01008E
:10A1C000A0F840604146C9B22820414307EB010096
:10A1D00080F839804146C9B22820414307EB01008D
:10A1E00080F83F5019F07F014246D2B22820424306
:10A1F00007EB020080F83A104946C9B2C909424645
:10A20000D2B22820424307EB020080F83B104146BF
:10A21000C9B22820414307EB010080F83C403000E0
:10A2200080B202902800C0B201902000C0B200901D
:10A230005346DBB24A46D2B24146C9B2386801F051
:10A2400044FB002187F89012C0B2BDE8FE8F70B5C4
:10A2500004000D00002694F89002012801D102208C
:10A260000CE0012084F890022900C9B2206801F0B6
:10A2700026FD002084F890023000C0B270BD2DE9A8
:10A28000F84F0700884691469A460A9CDDF82CB0A4
:10A290000C9D0D9E4146C9B22820414307EB0100A9
:10A2A00080F83B904146C9B22820414307EB0100AA
:10A2B00080F83FA02000C0B2002809D10321424607
:10A2C000D2B22820424307EB020080F8421008E097
:10A2D00002214246D2B22820424307EB020080F816
:10A2E00042105046C0B2002807D002284AD0C0F021
:10A2F000DB80032800F09880DFE02000C0B2012856
:10A300003FD14846C0B200283BD1280080B2002887
:10A3100008D101214246D2B22820424307EB020075
:10A3200080F851104146C9B22820414307EB010093
:10A3300090F85100002809D100214246D2B22820CD
:10A34000424307EB020080F8421008E00221424637
:10A35000D2B22820424307EB020080F84210414667
:10A36000C9B22820414307EB010090F85C000228A5
:10A3700007D04146C9B22820414307EB010080F8CD
:10A380003D609AE04846C0B200282FD14146C9B28C
:10A390002820414307EB010090F85100002809D123
:10A3A00000214246D2B22820424307EB020080F847
:10A3B000421008E002214246D2B22820424307EB75
:10A3C000020080F842104146C9B22820414307EB01
:10A3D000010090F85C00022825D04146C9B228202F
:10A3E000414307EB010080F83D601CE04146C9B2E3
:10A3F0002820414307EB010090F85000002809D1C4
:10A4000000214246D2B22820424307EB020080F8E6
:10A41000421008E002214246D2B22820424307EB14
:10A42000020080F8421048E04846C0B200281DD122
:10A430004146C9B22820414307EB010090F8510082
:10A44000002809D100214246D2B22820424307EB1E
:10A45000020080F8421026E002214246D2B22820B3
:10A46000424307EB020080F842101CE04146C9B2AB
:10A470002820414307EB010090F85000002809D143
:10A4800000214246D2B22820424307EB020080F866
:10A49000421008E002214246D2B22820424307EB94
:10A4A000020080F8421008E000214246D2B2282083
:10A4B000424307EB020080F842104146C9B228200F
:10A4C000414307EB0100C0F844B0290089B242467D
:10A4D000D2B22820424307EB0200816400214246A9
:10A4E000D2B22820424307EB020080F85C10002122
:10A4F0004246D2B22820424307EB0200C1644146E3
:10A50000C9B22820414307EB010080F839800021BF
:10A510004246D2B22820424307EB020080F85D1089
:10A520003A69D2B24146C9B22820414307EB010043
:10A5300010F13801386801F0C3FABDE8F28FF8B5C0
:10A540000400256800260027206801F0B1F80128E2
:10A5500040F09280206801F0A5F8002800F08C807F
:10A56000206801F09FF8800203D55FF40010216895
:10A570004861206801F096F8C00203D55FF48010AE
:10A5800021684861206801F08DF8400103D55FF033
:10A59000806021684861206801F084F8800702D556
:10A5A000022021684861206801F07CF8800012D503
:10A5B00015F58860006830F02E0015F58861086098
:10A5C0002000FEF77FFF0121206801F003F95FF012
:10A5D000005021684861206801F064F8C00102D58C
:10A5E000200000F09DFE206801F05CF8000705D512
:10A5F0002000FEF759FF082021684861206801F01B
:10A6000051F8800124D5206801F054FB0700002098
:10A610000600A068864217D23800F040C00711D566
:10A6200015EB461010F5A0600068000405D5310058
:10A63000C9B2200000F06AF804E03100C9B220007D
:10A6400000F033FB761CE4E75FF00070216848619E
:10A65000206801F027F8C0060ED52068806930F028
:10A66000100021688861200000F0D8FD2068806912
:10A6700050F0100021688861F1BD10B5040094F815
:10A680009002012801D102200DE0012084F89002FF
:10A69000206800F080FF0121206801F0DFF8002031
:10A6A00084F89002002010BD10B5040094F89002C8
:10A6B000012801D1022009E0012084F890022068DD
:10A6C00001F0E6FB002084F89002002010BD10B5D8
:10A6D0000400206801F0A7F810BDC9B22822514338
:10A6E000084490F85C007047C9B2282251430844DE
:10A6F000C06C704710B50400206801F0E1F810BD8F
:10A7000010B50400206801F0D0F810BDF8B50400C1
:10A710000D00266800272800C0B216EB401010F587
:10A72000A0608068400718D52800C0B216EB401022
:10A7300010F5A060042181602800C0B216EB401023
:10A7400010F5A0602900C9B216EB411111F5A06106
:10A75000C96851F00201C16081E02800C0B216EB67
:10A76000401010F5A0608068800608D52800C0B2AF
:10A7700016EB401010F5A060202181606FE02800EA
:10A78000C0B216EB401010F5A060806800072ED50F
:10A790002800C0B216EB401010F5A0602900C9B225
:10A7A00016EB411111F5A061C96851F00201C160B9
:10A7B00005212A00D2B22820424304EB020080F88F
:10A7C0005D102800C0B216EB401010F5A0601021FB
:10A7D00081602800C0B216EB401010F5A06008217F
:10A7E00081602900C9B2206801F069FA37E02800C9
:10A7F000C0B216EB401010F5A060806840052ED561
:10A800002800C0B216EB401010F5A0602900C9B2B4
:10A8100016EB411111F5A061C96851F00201C16048
:10A820002900C9B2206801F04AFA2800C0B216EB2C
:10A83000401010F5A0601021816008212A00D2B2DA
:10A840002820424304EB020080F85D102800C0B2CB
:10A8500016EB401010F5A0604FF480618160280075
:10A86000C0B216EB401010F5A060806880051ED5C0
:10A870002800C0B216EB401010F5A0602900C9B244
:10A8800016EB411111F5A061C96851F00201C160D8
:10A890002900C9B2206801F012FA2800C0B216EBF4
:10A8A000401010F5A0604FF400718160FCE12800B9
:10A8B000C0B216EB401010F5A0608068C00740F1F0
:10A8C000A9802069002817D02900C9B22820414357
:10A8D00004EB0100816C2800C0B216EB401010F5AB
:10A8E000A06000694003400B091A2A00D2B2282058
:10A8F000424304EB0200C16401212A00D2B22820A5
:10A90000424304EB020080F85D1000212A00D2B21D
:10A910002820424304EB020081652800C0B216EBF8
:10A92000401010F5A060012181602900C9B22820E3
:10A93000414304EB010090F83F00002809D02900B2
:10A94000C9B22820414304EB010090F83F000228DF
:10A950001DD12800C0B216EB401010F5A0602900F0
:10A96000C9B216EB411111F5A061C96851F002019D
:10A97000C1602900C9B2206801F0A1F92800C0B265
:10A9800016EB401010F5A060102181602FE0290027
:10A99000C9B22820414304EB010090F83F0003288E
:10A9A00025D12800C0B216EB401010F5A060006859
:10A9B00050F000502900C9B216EB411111F5A06109
:10A9C000086001212A00D2B22820424304EB020091
:10A9D00080F85C102900C9B22820414304EB010033
:10A9E00090F85C202900C9B22000FEF772FD290012
:10A9F000C9B22820414304EB010090F8501091F0B7
:10AA000001012A00D2B22820424304EB020080F860
:10AA1000501049E12800C0B216EB401010F5A060BC
:10AA20008068800740F1A1802800C0B216EB40107A
:10AA300010F5A0602900C9B216EB411111F5A06113
:10AA4000C96831F00201C1602900C9B22820414320
:10AA500004EB010090F85D00012809D101212A00D2
:10AA6000D2B22820424304EB020080F85C1066E07A
:10AA70002900C9B22820414304EB010090F85D0091
:10AA8000052809D105212A00D2B22820424304EB2F
:10AA9000020080F85C1052E02900C9B2282041432E
:10AAA00004EB010090F85D00062809D02900C9B226
:10AAB0002820414304EB010090F85D0008283ED1B6
:10AAC0002900C9B22820414304EB0100816D4A1CD2
:10AAD0002B00DBB22820434304EB030082650429EA
:10AAE00011D300212A00D2B22820424304EB0200F5
:10AAF000816504212A00D2B22820424304EB0200DF
:10AB000080F85C1008E002212A00D2B228204243DB
:10AB100004EB020080F85C102800C0B216EB401075
:10AB200010F5A060006830F0804050F00040070051
:10AB30002800C0B216EB401010F5A0600760280096
:10AB4000C0B216EB401010F5A06002218160290010
:10AB5000C9B22820414304EB010090F85C20290091
:10AB6000C9B22000FEF7B5FC9EE02800C0B216EB8B
:10AB7000401010F5A0608068000635D52800C0B2EE
:10AB800016EB401010F5A0602900C9B216EB411178
:10AB900011F5A061C96851F00201C1602900C9B274
:10ABA0002820414304EB0100816D491C2A00D2B2E8
:10ABB0002820424304EB0200816506212A00D2B21C
:10ABC0002820424304EB020080F85D102900C9B23E
:10ABD000206801F074F82800C0B216EB401010F5A0
:10ABE000A060802181605FE02800C0B216EB4010B9
:10ABF00010F5A0608068C00656D52900C9B228208B
:10AC0000414304EB010090F83F00032814D12800D1
:10AC1000C0B216EB401010F5A0602900C9B216EBC7
:10AC2000411111F5A061C96851F00201C16029000C
:10AC3000C9B2206801F043F803212A00D2B22820CB
:10AC4000424304EB020080F85D102800C0B216EB0E
:10AC5000401010F5A060102181602900C9B22820A1
:10AC6000414304EB010090F83F00002809D029007F
:10AC7000C9B22820414304EB010090F83F000228AC
:10AC800012D12800C0B216EB401010F5A060006889
:10AC900030F0804050F0004007002800C0B216EBB2
:10ACA000401010F5A0600760F1BD70B504000D0004
:10ACB00026682800C0B216EB401010F5A06080682E
:10ACC000400718D52800C0B216EB401010F5A06060
:10ACD000042181602800C0B216EB401010F5A0607E
:10ACE0002900C9B216EB411111F5A061C96851F0F4
:10ACF0000201C16091E22800C0B216EB401010F5CD
:10AD0000A060806880063AD52800C0B216EB4010DB
:10AD100010F5A060202181602900C9B2282041439C
:10AD200004EB010090F83D00012840F076820421F8
:10AD30002A00D2B22820424304EB020080F85D10C2
:10AD40002800C0B216EB401010F5A0602900C9B26F
:10AD500016EB411111F5A061C96851F00201C16003
:10AD60002900C9B2206800F0AAFF02212A00D2B24D
:10AD70002820424304EB020080F85C104DE22800DA
:10AD8000C0B216EB401010F5A060806840062ED5CA
:10AD900004212A00D2B22820424304EB020080F8AA
:10ADA0005D1000212A00D2B22820424304EB0200A9
:10ADB00081652800C0B216EB401010F5A060290094
:10ADC000C9B216EB411111F5A061C96851F0020139
:10ADD000C1602900C9B2206800F071FF2800C0B22C
:10ADE00016EB401010F5A0604021816015E22800AC
:10ADF000C0B216EB401010F5A060806880051ED52B
:10AE00002800C0B216EB401010F5A0602900C9B2AE
:10AE100016EB411111F5A061C96851F00201C16042
:10AE20002900C9B2206800F04AFF2800C0B216EB22
:10AE3000401010F5A0604FF400718160EDE1280032
:10AE4000C0B216EB401010F5A0608068C0072ED588
:10AE500000212A00D2B22820424304EB020081657F
:10AE60002800C0B216EB401010F5A0602900C9B24E
:10AE700016EB411111F5A061C96851F00201C160E2
:10AE80002900C9B2206800F01AFF2800C0B216EBF2
:10AE9000401010F5A0600121816001212A00D2B28A
:10AEA0002820424304EB020080F85D10B5E1280041
:10AEB000C0B216EB401010F5A0608068000726D5E0
:10AEC0002800C0B216EB401010F5A0600821816088
:10AED0002800C0B216EB401010F5A0602900C9B2DE
:10AEE00016EB411111F5A061C96851F00201C16072
:10AEF0002900C9B2206800F0E2FE05212A00D2B282
:10AF00002820424304EB020080F85D1085E1280010
:10AF1000C0B216EB401010F5A0608068C0062ED5B8
:10AF200000212A00D2B22820424304EB02008165AE
:10AF30002800C0B216EB401010F5A0602900C9B27D
:10AF400016EB411111F5A061C96851F00201C16011
:10AF50002900C9B2206800F0B2FE03212A00D2B253
:10AF60002820424304EB020080F85D102800C0B2A4
:10AF700016EB401010F5A060102181604DE1280013
:10AF8000C0B216EB401010F5A0608068000626D510
:10AF90002800C0B216EB401010F5A0602900C9B21D
:10AFA00016EB411111F5A061C96851F00201C160B1
:10AFB0002900C9B2206800F082FE06212A00D2B220
:10AFC0002820424304EB020080F85D102800C0B244
:10AFD00016EB401010F5A060802181601DE1280073
:10AFE000C0B216EB401010F5A060806840052FD568
:10AFF0002800C0B216EB401010F5A0602900C9B2BD
:10B0000016EB411111F5A061C96851F00201C16050
:10B010002900C9B2206800F052FE2800C0B216EB29
:10B02000401010F5A060102181602800C0B216EB1E
:10B03000401010F5A0604FF48061816008212A0063
:10B04000D2B22820424304EB020080F85D10E4E015
:10B050002800C0B216EB401010F5A0608068800791
:10B0600040F1DB802800C0B216EB401010F5A06064
:10B070002900C9B216EB411111F5A061C96831F080
:10B080000201C1602900C9B22820414304EB01003C
:10B0900090F85D00012826D101212A00D2B2282093
:10B0A000424304EB020080F85C102900C9B228205A
:10B0B000414304EB010090F83F00022840F09880E3
:10B0C0002900C9B22820414304EB010090F8511037
:10B0D00091F001012A00D2B22820424304EB020081
:10B0E00080F8511084E02900C9B22820414304EBC4
:10B0F000010090F85D00032809D102212A00D2B294
:10B100002820424304EB020080F85C1070E0290024
:10B11000C9B22820414304EB010090F85D000428E7
:10B1200012D102212A00D2B22820424304EB0200AD
:10B1300080F85C1000212A00D2B22820424304EBA0
:10B14000020080F83D1053E02900C9B22820414395
:10B1500004EB010090F85D00052809D105212A00C3
:10B16000D2B22820424304EB020080F85C103FE09A
:10B170002900C9B22820414304EB010090F85D008A
:10B18000062809D02900C9B22820414304EB010058
:10B1900090F85D0008282BD12900C9B2282041432E
:10B1A00004EB0100816D4A1C2B00DBB228204343D5
:10B1B00004EB03008265042911D300212A00D2B2D6
:10B1C0002820424304EB0200816504212A00D2B208
:10B1D0002820424304EB020080F85C1008E00221C2
:10B1E0002A00D2B22820424304EB020080F85C100F
:10B1F0002800C0B216EB401010F5A060022181605B
:10B200002900C9B22820414304EB010090F85C20DA
:10B210002900C9B22000FEF75CF970BD2DE9F047A6
:10B2200005002E680020002100272A68D2F820801F
:10B2300018F00F09C8F3434AC8F30A145246022A09
:10B2400002D0052A66D066E0002C62D04946C9B219
:10B250002820414305EB0100406C002859D0220012
:10B2600092B24946C9B22820414305EB0100416C26
:10B27000286800F003FA4946C9B22820414305EB8B
:10B280000100406C00EB04014A46D2B22820424340
:10B2900005EB020041644946C9B22820414305EB51
:10B2A0000100C16C61184A46D2B22820424305EB26
:10B2B0000200C1644846C0B216EB401010F5A06011
:10B2C00000691649084224D04846C0B216EB401027
:10B2D00010F5A060006830F0804050F0004007009A
:10B2E0004846C0B216EB401010F5A0600760494612
:10B2F000C9B22820414305EB010090F8501091F0AD
:10B3000001014A46D2B22820424305EB020080F8F0
:10B31000501000E0FFE7BDE8F08700000000F81FD4
:10B320003EB50400256815F588600068019015F5A4
:10B33000886000680090009830F02E00009001981E
:10B3400080070FD50198C00708D52068806930F0C4
:10B350000050216888612000FEF7ADF8009850F099
:10B36000020000900198000733D5009850F00800C3
:10B370000090019840071ED5A06902280FD10198BE
:10B3800010F4C020B0F5802F04D10221206800F015
:10B3900021FA0CE00121206800F01CFA07E0E068C7
:10B3A000032804D14EF6602015F580614860200026
:10B3B000FEF781F80DE015F58860006830F02E008A
:10B3C00015F5886108602068806950F00050216898
:10B3D00088610198800603D5009850F02000009005
:10B3E000009815F58861086037BD000070B504004D
:10B3F000FDF7E4FC0500260016F1010F02D0044819
:10B4000000783618FDF7DAFC401BB042FAD370BD65
:10B41000280000207FB504000D00160000200390D6
:10B4200008200290019500200090002300223100A6
:10B43000C9B22000FEF759F9002004B070BD2DE913
:10B44000FF4105000E0090461F000A9C95F81D0361
:10B45000002801D0002004002000C0B20390404624
:10B4600080B2029001960120009000230022390052
:10B47000C9B22800FEF739F9002004B0BDE8F08118
:10B48000F8B584B004000D0016001F0000200390E2
:10B49000300080B20290019501200090002301222B
:10B4A0003900C9B22000FEF720F9002005B0F0BD38
:10B4B0002DE9FF4105000E0090461F000A9C95F8FB
:10B4C0001D03002801D0002004002000C0B203901A
:10B4D000404680B202900196012000900223002293
:10B4E0003900C9B22800FEF700F9002004B0BDE819
:10B4F000F081F8B584B004000D0016001F00002094
:10B500000390300080B20290019501200090022348
:10B5100001223900C9B22000FEF7E7F8002005B08B
:10B52000F0BD0000704700000EB418B50400089884
:10B53000012817D1A06B30F48030A063E168DFF8F8
:10B54000F0000140E160E06830F44010E0600F98E6
:10B55000012803D1E06850F48010E060200000F082
:10B56000ABF809E0E06850F04000E060200000F037
:10B57000A3F85FF48030A0630698012807D1A06883
:10B5800050F00600A060A06850F02000A0600020ED
:10B5900012BC5DF810FB0100886850F00100886063
:10B5A0000020704701008868400840008860002043
:10B5B000704738B504000D00E06830F0C040E0602E
:10B5C0002800C0B2012804D1E06850F00050E060CB
:10B5D00007E02800C0B2002803D1E06850F08040A6
:10B5E000E0603220FFF702FF002032BD020000239E
:10B5F000880150F0200010615B1CDFF8F4008342EA
:10B6000001D3032003E010698006F5D400207047C1
:10B610000100002210200861521CDFF8D400824291
:10B6200001D3032003E00869C006F5D40020704769
:10B63000BFFFBDFFF0B50500059C002600272000D8
:10B64000C0B2002818D1180080B2C01C80080600C3
:10B6500000200700B7420FD2D1F800C096465FFA2B
:10B660008EFE4FF4805000FB0E5E1EF5805ECEF81D
:10B6700000C07F1C091DEDE70020F0BD30B40300C1
:10B6800000201500ADB2ED1CAD080024AC4206D27E
:10B6900013F5805000680860641C091DF6E7080077
:10B6A00030BC704702000023506991690840704720
:10B6B000406910F00100704701000022521C0C4844
:10B6C000824201D3032011E008690028F6D5002347
:10B6D000086950F0010008615B1C0548834201D3F2
:10B6E000032003E00869C007F6D40020704700007B
:10B6F000410D03000EB430B50400002014F5606164
:10B700000860A06B50F40010A063059803280BD1CB
:10B71000B4F1A04F08D014F58060006850F0040028
:10B7200014F58061086007E014F58060006830F06F
:10B73000040014F58061086010212000FFF756FF17
:10B740002000FFF765FF0025049885420ED214EB18
:10B75000451010F5A0605FF0FF31816014EB4510DB
:10B7600010F5A0600021C1606D1CEDE701212000F3
:10B7700000F074F8C820FFF739FE0020A0615FF0E8
:10B78000FF306061B4F1A04F09D180206062DFF822
:10B790000C05A062DFF80805C4F8000109E04FF4C9
:10B7A00000706062DFF8FC04A062DFF8FC04C4F8FB
:10B7B00000010698002803D1A06950F01000A06194
:10B7C000A169DFF8E8040143A161002030BC5DF805
:10B7D00010FB0000020012F5806000688008800005
:10B7E00012F58063186012F5806000680B00DBB210
:10B7F00013F00303184312F5806318600800C0B209
:10B80000012805D14BF6803012F58063586008E0BE
:10B810000800C0B2022804D141F2707012F58063B2
:10B820005860002070471CB5040014F5886000685B
:10B830000090009830F02E000090009850F4807036
:10B8400014F5886108600A20FFF7D0FD009830F4F5
:10B85000807014F588610860002016BD81B0020078
:10B8600012F5886000680090009830F02E0000907B
:10B870000098C00409D40800C0B2012805D100987E
:10B8800050F4805012F5886318600098C00409D500
:10B890000800C0B2002805D1009830F4805012F59D
:10B8A00088631860002001B0704781B0010011F575
:10B8B0008860006800900098C0F3414001B0704774
:10B8C00010F58060806880B270472DE9F041070074
:10B8D000069C079E089D0800C0B217EB401010F5AB
:10B8E000A0605FF0FF3CC0F808C03000C0B2002884
:10B8F00005D0022803D059D3032837D075E00800BB
:10B90000C0B217EB401010F5A06040F29D4CC0F89B
:10B910000CC0100613D50800C0B217EB401010F58C
:10B92000A0608C465FFA8CFC17EB4C1C1CF5A06CDD
:10B93000DCF80CC05CF4807CC0F80CC015E0B7F1FA
:10B94000A04F12D00800C0B217EB401010F5A06055
:10B950008C465FFA8CFC17EB4C1C1CF5A06CDCF8D9
:10B960000CC05CF0600CC0F80CC03EE00800C0B237
:10B9700017EB401010F5A06040F29D6CC0F80CC0B1
:10B98000100612D50800C0B217EB401010F5A060E9
:10B990008C465FFA8CFC17EB4C1C1CF5A06CDCF899
:10B9A0000CC05CF4807CC0F80CC01EE00800C0B283
:10B9B00017EB401010F5A06040F2252CC0F80CC029
:10B9C000100612D50800C0B217EB401010F5A060A9
:10B9D0008C465FFA8CFC17EB4C1C1CF5A06CDCF859
:10B9E0000CC05CF4C07CC0F80CC017F580608069A6
:10B9F0005FF0010C1CFA01FC5CEA000017F5806C9A
:10BA0000CCF81800B86950F00070B86194465FFA3D
:10BA10008CFC5FEADC1C1CF0010C2000C0B2022888
:10BA200002D15FF0010E01E05FF0000E1800C0B21D
:10BA3000800510F0FE5090465FFA88F85FEAC8284B
:10BA400018F4F04858EA00005FFA8CFC50EACC3059
:10BA50005FFA8EFE50EA4E40B4465FFA8CFC5FEA15
:10BA60008C4C1CF4402C5CEA0000AC461FFA8CFCA9
:10BA70005FEA4C5C5FEA5C5C5CEA00008C465FFA63
:10BA80008CFC17EB4C1C1CF5A06CCCF800003000B3
:10BA9000C0B2032811D10800C0B217EB401010F556
:10BAA000A060006850F000508C465FFA8CFC17EBE9
:10BAB0004C1C1CF5A06CCCF800000020BDE8F08107
:10BAC0002DE9FE4F04000D00160000208DF8000047
:10BAD00000275FF0000A4FF480785FF0000BB4F1AC
:10BAE000A04F23D02879002820D13000C0B20028F0
:10BAF00008D16879012805D16978200000F0A3F900
:10BB00000020C8E03000C0B201280FD1687814EBE3
:10BB1000401010F5A060697814EB411111F5A06197
:10BB2000C96831F06001C16000206871286900288F
:10BB300013D0286929894018401E2989B0FBF1F9E2
:10BB40004046494680B289B2884208D2C146494639
:10BB500089B228894143296101E05FF00109E87851
:10BB6000002804D0494689B2288941432961687870
:10BB700014EB401010F5A06029694903490B4A46AF
:10BB800092B24B4B13EAC2431943AA7A520712F0FE
:10BB9000C042114301613000C0B2002806D068786D
:10BBA00014EB401010F5A060E968416114F5806065
:10BBB000D0F808A01AF0010A9AF0010A687814EB8C
:10BBC000401010F5A060697814EB411111F5A061E7
:10BBD000096831F000510160687814EB401010F5ED
:10BBE000A060697814EB411111F5A0610968524613
:10BBF000D2B251EA42710160687814EB401010F53E
:10BC0000A060006830F0804050F0004001906878FB
:10BC100014EB401010F5A060019901603000C0B233
:10BC2000002837D1E878002834D12869002831D09D
:10BC3000E879002805D0022803D011D303280FD0BB
:10BC40001FE02869C01C80080700E06A80B2390044
:10BC500089B2884203D2A06950F02000A06110E0B0
:10BC60002869C01C8008070014F58060006980B254
:10BC7000390089B2884203D2A06950F08060A06187
:10BC8000FFE7002000902B699BB26A78E9682000EA
:10BC9000FFF7D0FC0020BDE8FE8F000080006000B0
:10BCA000E0004000000200010003E000080020A3C3
:10BCB0000000F81F10F58060406980B2704710B432
:10BCC000020000230800C0B212EB401010F5A06083
:10BCD0000068C0F3814000280AD00800C0B212EB0F
:10BCE000401010F5A0600068C0F38140022853D1D5
:10BCF0000800C0B212EB401010F5A060006850F0D0
:10BD000080400C00E4B212EB441414F5A0642060EF
:10BD1000D06A10F47F0F2ED10800C0B212EB401091
:10BD200010F5A060006820F000400C00E4B212EBB7
:10BD3000441414F5A06420600800C0B212EB401057
:10BD400010F5A060006850F000400C00E4B212EB67
:10BD5000441414F5A06420605B1C40F2E930834277
:10BD60006ED20800C0B212EB401010F5A06000685F
:10BD70000028F1D464E00800C0B212EB401010F5C6
:10BD8000A060006850F000400C00E4B212EB4414D4
:10BD900014F5A064206053E00800C0B212EB40101C
:10BDA00010F5A060006850F080400C00E4B212EB87
:10BDB000441414F5A064206012F58060006900044A
:10BDC0002ED10800C0B212EB401010F5A060006840
:10BDD00020F000400C00E4B212EB441414F5A0640F
:10BDE00020600800C0B212EB401010F5A06000689F
:10BDF00050F000400C00E4B212EB441414F5A064BF
:10BE000020605B1C40F2E930834219D20800C0B2C6
:10BE100012EB401010F5A06000680028F1D40FE08C
:10BE20000800C0B212EB401010F5A060006850F09E
:10BE300000400C00E4B212EB441414F5A06420603E
:10BE4000002010BC704730B4020001230024080019
:10BE5000C0B212EB401010F5A0601D00EDB2ED0471
:10BE600055F0004505610800C0B212EB401010F516
:10BE7000A060056835F0804555F000450800C0B267
:10BE800012EB401010F5A0600560002030BC704738
:10BE9000F8B5050000262800FFF784FB10212800D4
:10BEA000FFF7A4FB2800FFF7B3FB00200100C9B295
:10BEB000102916DA0100C9B215EB411111F5A06184
:10BEC000096851F0804121F0004131F400410C003B
:10BED0000100C9B215EB411111F5A0610C60401CC5
:10BEE000E4E700273800C0B2102824DA3800C0B2D6
:10BEF00015EB401010F5A060006850F0804050F045
:10BF0000004030F4004004003800C0B215EB40108F
:10BF100010F5A0600460761C40F2E930864208D239
:10BF20003800C0B215EB401010F5A0600068002882
:10BF3000F1D47F1CD6E75FF0FF3015F580614861D2
:10BF40005FF0FF3068612800FFF725FB0020F2BD9D
:10BF500000F5E0700268914203D280680028F9D1B0
:10BF6000704743681A449142F7D270471B49D1F891
:10BF7000D801A8B94FF48050C1F8DC014FF48032E9
:10BF80004FF0FF30C1F8E401C1F8E801C1F8E02149
:10BF90000420C1F8EC01C1F8BC011148C1F8D80176
:10BFA0000120704701F1080313F0070F0EBF0023B3
:10BFB000C3F1080303F007031944D21A8161C26078
:10BFC00042F001034B60091D4FF0280C41F802C0FC
:10BFD000024AD2F8E831C36170470000A061002036
:10BFE0006859883C2DE9F04F83B00646AFF30080D6
:10BFF000F52E1E4D80F01D820B2E31BF10260B3604
:10C00000F608F6002868F408E04010F0030F4CD062
:10C01000C04300F00100041905F1280000EBC4073B
:10C020004FEAC408BE687068C008C000404518BF29
:10C0300001F0FCF9D6F80890BE4208BF01F0F6F90D
:10C040004E4508BF01F0F2F97068C008C0004045D5
:10C0500018BF01F0EBF94F450AD12868012101FA18
:10C0600004F420EA04042C6010E000BFA06100206A
:10C070002869814508D3D9F80C10B14204D1C7F81A
:10C080000890C9F80C7001E001F0D0F948F0030005
:10C09000311D7060301D51F8082042F0010240F857
:10C0A000082006F1080800F022BFA968B14280F01C
:10C0B000B783002800F0A580012707FA04F14900A2
:10C0C00000FA04F4484201430C4060420440641EFC
:10C0D000200B00F01000C440610901F00801CC40C1
:10C0E000A20802F00402D440630803F00203081817
:10C0F000DC401018C4F340081818404424FA08F42F
:10C10000241805F1280000EBC40A4FEAC408DAF845
:10C110000890D9F80400C008C000404518BF01F0DD
:10C1200085F9D9F808B0D14508BF01F07FF9D945A4
:10C1300008BF01F07BF9D9F80400C008C0004045F1
:10C1400018BF01F073F9DA4506D1286807FA04F43C
:10C1500020EA04042C600DE029698B4508D3DBF844
:10C160000C00484504D1CAF808B0CBF80CA001E097
:10C1700001F05CF9A8EB060846F0030009F104029F
:10C18000C9F8040048F00101915109EB060201923F
:10C1900042F80880AC684FEAD40ABAF11F0F88BF92
:10C1A00001F044F92CB3CDF800A005F128006E6928
:10C1B00000EBCA0AD346102C38BF01F037F92968C2
:10C1C000009821FA00F2D30703D487400F432F6071
:10C1D00007E0DAF80800296988422CBF834601F09D
:10C1E00025F9CAF80860CBF80C60C6F808B0C6F8A4
:10C1F0000CA0C5F8088009F108080198686100F0F2
:10C2000076BE6868002800F02D8341420840401E39
:10C21000010B01F01001C840420902F00802D040B1
:10C22000830803F00403D840440804F002045118C2
:10C23000E0405918C0F34007611805F5987C39446F
:10C24000F84040185CF820104868C008C0008946D3
:10C25000A0EB060A08E001464868C008C000801B41
:10C2600050453CBF8246894608690028F3D1496998
:10C270000029F1D128698145C0F0D880D9F804108F
:10C28000C90806EB0A07C900B94218BF01F0CEF889
:10C2900009EB06008145019080F0C880D9F80C4078
:10C2A000D9F818804C450DD0D9F808002969884282
:10C2B00023D3C2684A4504BFA16849451DD1C46063
:10C2C000A0601CE009F114010C6834B909F11001F7
:10C2D0000C68A4B101E011460C6804F11402106866
:10C2E000002802BF04F1100210680028F3D1286969
:10C2F000814202D300220A6001E001F097F8B8F110
:10C30000000F3ED0D9F81C0005F5987101EB8001B3
:10C310000A6891450AD13CBB6A68012303FA00F020
:10C3200022EA00006860002008602AE02969884548
:10C3300017D3D8F81000484514BFC8F81440C8F8FF
:10C340001040F4B129698C4219D3C4F81880D9F887
:10C35000100058B1884226BF2061846101F066F860
:10C3600004E001F063F8ECE70C60EBE7D9F81400A7
:10C3700038B12969884202D36061846101E001F02B
:10C3800055F8BAF1100F0CD247F0030009F104017F
:10C39000C9F8040009F10400CA5942F00102C2516F
:10C3A0003EE046F0030109F10402C9F804104AF026
:10C3B00001009051019941F80AA0A8680090C408B2
:10C3C0001F2C88BF01F032F8009828B305F128002F
:10C3D0000099D5F8148000EBC407BB46102938BF7C
:10C3E00001F024F8286820FA04F1CA0705D40121D5
:10C3F00001FA04F404432C6006E0B8682969884215
:10C400002CBF834601F012F8C7F80880CBF80C80E7
:10C41000C8F808B0C8F80C70C5F808A001986861A1
:10C4200019F1080800F0FC8100F061BD00F0FEFF8A
:10C43000F6E116F1400F28BF4FF0FF3680F0F08193
:10C440000B36F6086B68F600002B00F0E981002738
:10C45000300AC6F1000808BF002423D0B0F5803FA1
:10C4600028BF1F241ED2A0F58071090C01F008011D
:10C470008840A0F58052120C02F004029040A0F512
:10C480008044240CC1F10E0104F00204891A091B36
:10C49000A04001EBD031C81D26FA00F404F00104DD
:10C4A00004EB410405F5987151F8240040B31F2CAA
:10C4B0000FBFB4464FEA540CCCF1190C06FA0CFC31
:10C4C000BE46414601E04FEA4C0C4268D208D20019
:10C4D000921B8A4207D3426910304FEADC7850F849
:10C4E00028003AB103E011000746F4D105E082428A
:10C4F00018BF96460028E6D170468846B8BBC7BB31
:10C50000012101FA04F4640060420443234000F076
:10C510008781584203405B1E180B00F01000C34097
:10C52000590901F00801CB409A0802F00402D340F7
:10C530005C0804F002040818E3401018C3F3400C30
:10C54000201805F5987E604423FA0CF31B185EF85A
:10C5500023000CE008464168C908C900891B414511
:10C560003CBF8846074601690029F3D1406900288D
:10C57000F1D1002F00F05481A868801B804580F025
:10C580004F8129698F42FFF451AF7868C00806EBEC
:10C59000080AC000504518BF00F048FF07EB060B23
:10C5A0005F45BFF443AFFC68D7F81890BC420CD08D
:10C5B000B8682969884223D3C268BA4204BFA16817
:10C5C000B9421DD1C460A0601CE007F114010C68E1
:10C5D00034B907F110010C68A4B101E011460C68F0
:10C5E00004F114021068002802BF04F11002106860
:10C5F0000028F3D12869814202D300220A6001E0B9
:10C6000000F014FFB9F1000F3BD0F86905F59871FF
:10C6100001EB80010A6897420AD134BB6A680123A2
:10C6200003FA00F022EA000068600020086028E0B9
:10C630002969894516D3D9F81000B84214BFC9F842
:10C640001440C9F81040E4B129698C4217D3C4F8EA
:10C650001890386958B1884226BF2061846100F083
:10C66000E5FE04E000F0E2FEEDE70C60ECE778693F
:10C6700038B12969884202D36061846101E000F029
:10C68000D5FEB8F1100F0BD24AF00300391D7860C7
:10C69000381D51F80A2042F0010240F80A20BBE0A0
:10C6A00046F003013A1D796048F0010090514FEACD
:10C6B000D8004BF808801F2822D805F1280101EB8B
:10C6C000C004296821FA00F2D307A14605D401224B
:10C6D00002FA00F00843286006E0A0682969884251
:10C6E0002CBF814600F0A2FEC4F808B007F1080094
:10C6F000C9F80CB040F8069007F10C018C518BE0A2
:10C700005FEA182008BF002123D0B0F5803F28BF82
:10C710001F211ED2A0F58072120C02F00802904078
:10C72000A0F58051090C01F004018840A0F5804378
:10C730001B0CC2F10E0203F00203521AD21A9840E7
:10C7400002EBD032D01D28FA00F101F0010101EB1B
:10C75000420105F5987202EB810007F11402CBF853
:10C760001C100023935107F1100293516A6822FABA
:10C7700001F3DC0711D4012303FA01F111436960CD
:10C78000C0F800B0CBF8180007F1080107F10C0061
:10C7900040F806B041F806B03EE002681F291DBF10
:10C7A0004908C1F1190108FA01F1414600E00246C9
:10C7B0005068C008C000404518D002F11003C80FEF
:10C7C00003EB8003490018680028F0D128698342F0
:10C7D00020D3C3F800B007F10C01CBF8182041F8C2
:10C7E00006B007F1080040F806B015E02969906826
:10C7F0008A4228BF88420DD3C0F80CB007F1080167
:10C80000C2F808B0885107F10C0082510022CBF821
:10C81000182001E000F00AFE17F1080840F06783D5
:10C82000A868B0421ED3811B6A6910290AD3141D5F
:10C83000A96041F001009319A051595046F0030638
:10C8400056600BE00021A96040F00304111D546004
:10C85000141D0E5846F00106265000236B6102F1AC
:10C86000080844E3E8688642C0F03183D5F8D8016F
:10C8700008B9FFF77BFBD5F8E01188192F30491E66
:10C8800020EA01018E4280F03083D5F8B80140B132
:10C89000D5F8B02189188A4280F027838842C0F0F9
:10C8A000248300F0C7FD00281CBF076810F1010FAA
:10C8B00000F01B83D5F8B011AC697918C5F8B01138
:10C8C000D5F8B021D5F8B4118A4238BF0A46C5F868
:10C8D000B42114BB296909B1884200D22861002122
:10C8E000C5F8CC114FF0FF31D5F8D8216A62296222
:10C8F000C5F8C001C5F8C471002105F12802926095
:10C90000D26002F1080353611361891C10321F29A0
:10C91000F5D9A7F12802014619E005F5E071804636
:10C9200000E08968B9B108684A6802449045F8D1C6
:10C93000087B02070FD40A6894420CD34B681A4450
:10C94000944208D2FB184B602146E8683A18284602
:10C95000FFF728FBB8E22869804538BFC5F810808A
:10C9600005F5E07008EB070100E08068002800F0A2
:10C97000B08102688A42F8D1017B0A0700F1A981DF
:10C980000168C0F800804268BF18476008F10800DD
:10C9900010F0070F04D0C0F1080000F00700804439
:10C9A00001F1080212F0070F06D001F10800C0F1F2
:10C9B000080000F0070001440F46A7EB080008EB51
:10C9C0000604A0EB060B46F00306C8F80460BC4260
:10C9D00028BF00F02BFD3879C10758BF00F026FDB5
:10C9E000BBF1100F38BF00F021FDA869874208D1C4
:10C9F000E9688B44C5F80CB0AC614BF00100606095
:10CA000064E1686987420AD1A9686C618B44C5F802
:10CA100008B04BF00100606044F80BB056E1786854
:10CA200000F00301012940F0B380C008C000C10834
:10CA30001F2902903DD8BA680092FE680191B74262
:10CA400008BF00F0F3FC0098874208BF00F0EEFC3E
:10CA500078680199C008C000B0EBC10F18BF00F0A2
:10CA6000E5FC0199009A05F1280000EBC100824223
:10CA700008D011462A699142C0F08580CA68BA423E
:10CA800040F0818000998E4206D101982A680123E6
:10CA900083409A432A6078E0864205D029698E4215
:10CAA00071D3B068B8426ED10098C6600099B16089
:10CAB0006BE0B8690090FE68BE420CD0B868296986
:10CAC000884223D3C268BA4204BFB168B9421DD1BB
:10CAD000C660B0601CE007F114010E6836B907F1BA
:10CAE00010010E68A6B101E011460E6806F11402AD
:10CAF0001068002802BF06F1100210680028F3D168
:10CB00002869814202D300220A6001E000F08EFC15
:10CB10000098002839D0F86905F5987101EB80017B
:10CB20000A6897420AD126BB6A68012303FA00F01B
:10CB300022EA000068600020086026E00099286969
:10CB4000814213D30869B84214BF4E610E61E6B149
:10CB500029698E4217D30098B061386958B188426C
:10CB600026BF3061866100F061FC04E000F05EFCED
:10CB7000EDE70E60ECE7786938B12969884202D3A5
:10CB80007061866101E000F051FC02997F188B44CE
:10CB900079684908490079604BF0010060604FEA0C
:10CBA000DB0644F80BB01F2E22D805F1280000EB5D
:10CBB000C607B946BBF1100F38BF00F037FC286834
:10CBC00020FA06F1CA0705D4012101FA06F6064348
:10CBD0002E6006E0B868296988422CBF814600F0C3
:10CBE00025FCBC60C9F80C40C4F80890E7606DE013
:10CBF0005FEA1B2008BF002123D0B0F5803F28BF8B
:10CC00001F211ED2A0F58072120C02F00802904083
:10CC1000A0F58051090C01F004018840A0F5804383
:10CC20001B0CC2F10E0203F00203521AD21A9840F2
:10CC300002EBD032D01D2BFA00F101F0010101EB23
:10CC40004201E161002305F59872636102EB810006
:10CC500023616A6822FA01F3DE0707D4012303FA8D
:10CC600001F1114369600460A0611DE002681F29A1
:10CC70001DBF4908C1F119010BFA01F1594600E045
:10CC800002465068C008C000584510D002F1100399
:10CC9000C80F03EB8003490018680028F0D1286909
:10CCA000834211D31C60A261E460A4600EE0296994
:10CCB00090688A4228BF884206D3C4609460A0600E
:10CCC000E2600020A06101E000F0B0FB08F108087C
:10CCD0000DE121462846FFF73BF90168426801EB68
:10CCE000020AAAF1270111F007000EBF0021C1F1CD
:10CCF000080101F007010AEB0100A0F12F0B04F17C
:10CD000010018B4538BFA3460BF118020021019298
:10CD10000091A7F1280241462846FFF743F90BF19D
:10CD2000080010F0070F18BF00F080FB1B20CBF8A5
:10CD3000040005F5E07292E809500BF108010722A2
:10CD400081E8095000210BF10800C5F8CC11C5F8A5
:10CD5000C801C5F8C08101980099C5F8C47100E008
:10CD6000001D491C00F1080353454260F8D3012916
:10CD7000D8BF00F05BFBA34500F0A680ABEB040B33
:10CD8000201D221D50F80B104908490042F80B10D5
:10CD90004BF0010060604FEADB0A44F80BB0BAF1D7
:10CDA0001F0F23D805F1280000EBCA084746BBF146
:10CDB000100F38BF00F03AFB286820FA0AF1CA07C2
:10CDC00005D4012101FA0AF10843286007E0D8F8E8
:10CDD0000800296988422CBF074600F027FBC8F8E5
:10CDE0000840FC60A760C4F80C806DE05FEA1B207F
:10CDF00008BF002123D0B0F5803F28BF1F211ED2DD
:10CE0000A0F58072120C02F008029040A0F580514B
:10CE1000090C01F004018840A0F580431B0CC2F10D
:10CE20000E0203F00203521AD21A984002EBD032DB
:10CE3000D01D2BFA00F101F0010101EB420105F5D3
:10CE40009872002302EB8100E161636123616A68EB
:10CE500022FA01F3DB0707D4012303FA01F111439E
:10CE600069600460A0611DE002681F291DBF4908B8
:10CE7000C1F119010BFA01F1594600E00246506870
:10CE8000C008C000584510D002F11003C80F03EBD2
:10CE90008003490018680028F0D12869834211D323
:10CEA0001C60A261E460A4600EE0296990688A4277
:10CEB00028BF884206D3C4609460A060E26000206E
:10CEC000A06101E000F0B2FAE86886420DD2801B52
:10CED000A969E8608A19AA6140F00100506046F033
:10CEE00003064E6001F1080801E04FF00008AFF3BF
:10CEF0000080404600F095BA002800D170472DE927
:10CF0000F047A0F10805AFF30080DFF81C65316938
:10CF10008D42C0F08382686800F00302012A00F0AD
:10CF20007D82C2084FEAC209C20705EB090839D45D
:10CF30002C6810F0030F00F06D82604205448D42B2
:10CF4000A144C0F06B827069854200F0DD80E40886
:10CF5000202C71D2D5F80CA0AF68554508BF00F061
:10CF600065FABD4208BF00F061FA6868C008C000F9
:10CF7000B0EBC40F18BF00F059FA06F1280000EB1F
:10CF8000C400874205D031698F4252D3FA68AA4261
:10CF90004FD1BA453FD13068012101FA04F420EAAB
:10CFA00004043460454580F03982D8F80440E00735
:10CFB00040F13482A10700F18281B069804540F0E0
:10CFC000B680F168B5618944C6F80C9049F001005B
:10CFD000686071698D4202D100207061B060F169B2
:10CFE000494580F01782D6F8D80108B9FEF7BEFF90
:10CFF000B169002900F00E82F068292824BF30466C
:10D00000FEF7A6FFF069F168884280F003824FF0D6
:10D01000FF30F061FEE1824506D03069824508D3D9
:10D02000DAF80810A94204D1C7F80CA0CAF80870B1
:10D03000B8E700F0FBF9B5E7EC68AF69AC420BD09C
:10D04000A868884222D3C168A94204BFA268AA4244
:10D050001CD1C460A0601BE005F11402146834B94F
:10D0600005F1100214689CB101E01A46146804F13D
:10D0700014031868002802BF04F110031868002880
:10D08000F3D18A4202D30021116001E000F0CEF911
:10D09000002F87D0E86906F5987101EB80010A68D6
:10D0A00095420AD124BB7268012303FA00F022EAF8
:10D0B000000070600020086074E731698F4214D36B
:10D0C0003869A84214BF7C613C61002C3FF46AAF10
:10D0D00031698C42ADD3A761286958B1884226BF17
:10D0E0002061846100F0A2F904E000F09FF9ECE710
:10D0F0000C60EDE7686900283FF454AF316988425D
:10D1000097D3606184614DE798F8040000F0030054
:10D1100003287FF447AFC6F8089049F00101D8F81A
:10D12000040040084000C8F8040069600AE0706923
:10D1300080450AD1B16875618944C6F8089049F004
:10D140000100686045F8099064E1E408E400A14446
:10D15000E408202C3AD2D8F80CA0D8F80870D045B2
:10D1600008BF00F063F9B84508BF00F05FF9D8F8D0
:10D170000400C008C000B0EBC40F18BF00F056F99F
:10D1800006F1280000EBC400874207D031698F42C6
:10D19000C0F08880FA68424540F08480BA4507D1E3
:10D1A0003068012101FA04F420EA040434607BE0D1
:10D1B000824506D03069824574D3DAF808104145BB
:10D1C00070D1C7F80CA0CAF808706DE0D8F80C4010
:10D1D000D8F8187044450DD0D8F808003169884255
:10D1E00023D3C268424504BFA16841451DD1C46034
:10D1F000A0601CE008F114010C6834B908F11001BA
:10D200000C68A4B101E011460C6804F11402106826
:10D21000002802BF04F1100210680028F3D1306921
:10D22000814202D300220A6001E000F0FFF8002FE3
:10D230003AD0D8F81C0006F5987101EB80010A6815
:10D2400090450AD11CBB7268012303FA00F022EA60
:10D25000000070600020086026E031698F4213D31F
:10D260003869404514BF7C613C61ECB131698C4246
:10D2700018D3A761D8F8100058B1884226BF2061A2
:10D28000846100F0D3F804E000F0D0F8EDE70C6022
:10D29000ECE7D8F8140038B13169884202D36061F4
:10D2A000846101E000F0C2F849F00100686045F8CF
:10D2B000099071698D420BD1C6F80890AAE0640804
:10D2C0006400C8F8044049F00100686045F809901E
:10D2D0004FEAD907202F22D206F1280000EBC7041D
:10D2E000A046B9F1100F38BF00F0A0F8306820FA5E
:10D2F00007F1CA0705D4012101FA07F70743376090
:10D3000006E0A068316988422CBF804600F08EF8A4
:10D31000A560C8F80C50C5F80880EC607AE05FEAB8
:10D32000192008BF002123D0B0F5803F28BF1F215E
:10D330001ED2A0F58072120C02F008029040A0F5F7
:10D340008051090C01F004018840A0F580431B0CBA
:10D35000C2F10E0203F00203521AD21A984002EBF5
:10D36000D032D01D29FA00F101F0010101EB420198
:10D3700006F59872002302EB8100E9616B612B6175
:10D38000726822FA01F3DC0707D4012303FA01F1E2
:10D39000114371600560A8611DE002681F291DBF6F
:10D3A0004908C1F1190109FA01F1494600E00246B4
:10D3B0005068C008C000484510D002F11003C80FE3
:10D3C00003EB8003490018680028F0D130698342DC
:10D3D00011D31D60AA61ED60AD600EE03169906807
:10D3E0008A4228BF884206D3C5609560A860EA607B
:10D3F0000020A86101E000F019F8306A401E08D151
:10D400003062D6F8C80100E080680028FCD14FF0F7
:10D41000FF303062AFF30080BDE8F08700F006F81F
:10D42000F8E703B0BDE8F08FA0610020012000F014
:10D4300017B800000749086808B10020704706487F
:10D44000C008C00008600549C908C900091A016080
:10D45000704700BF286C0020377C0020308C0020F3
:10D4600080B5AFF30080024A11001820ABBEFBE785
:10D47000260002002DE9FF4705005FF000080226A4
:10D4800050230622D5F8740301792800FBF737FDF5
:10D4900007003800C0B2FF2801D10220B8E03900EF
:10D4A000C9B22800FBF71AFD4FF48070FEF79AFD11
:10D4B000D5F87413C861D5F87403C069040095F8F1
:10D4C0001F131A20414305EB010090F848030006A2
:10D4D00012D595F81F131A20414305EB010090F86F
:10D4E0004803E07195F81F131A20414305EB010032
:10D4F000B0F84A03608111E095F81F131A204143E8
:10D5000005EB010090F84803A07195F81F131A204D
:10D51000414305EB0100B0F84A03208195F81F1341
:10D520001A20414305EB010090F85003000612D584
:10D5300095F81F131A20414305EB010090F85003A2
:10D54000E07195F81F131A20414305EB0100B0F874
:10D550005203608111E095F81F131A20414305EB37
:10D56000010090F85003A07195F81F131A20414351
:10D5700005EB0100B0F8520320810020A4F8F80068
:10D580000020A4F8FA00002020730020607300201F
:10D59000A073A1792800FCF763F96071E179280094
:10D5A000FCF75EF92071280000F0CBFA5FF0680804
:10D5B0005FF0000914F1900A4A4641465046FBF7D5
:10D5C00075FB208902900220019095F81D030090C0
:10D5D00095F81C33A27961792800FCF71EF960895F
:10D5E00002900220019095F81D03009095F81C33DD
:10D5F000E27921792800FCF710F90022217928002E
:10D60000FCF7C0F8002261792800FCF7BBF8002085
:10D61000C0B204B0BDE8F08738B50400D4F8740394
:10D62000C5696879002809D069792000FCF70EF9EE
:10D6300069792000FCF72CF900206871287900280E
:10D6400009D029792000FCF701F929792000FCF79D
:10D650001FF900202871D4F87403C069002808D08D
:10D66000D4F87403C06900F065FC0020D4F874138A
:10D67000C861002032BDF8B50500D5F87403C6694D
:10D680000127B07B002804D0022802D0032830D024
:10D6900038E03100280000F041FA07003800C0B23D
:10D6A000032803D100203060002007003800C0B2FA
:10D6B00000281DD13078401C30600020040020007C
:10D6C000C0B23168884213D202212200D2B2342083
:10D6D000424306EB020080F8921000212200D2B2F1
:10D6E0003420424306EB020080F8C110641CE6E7D8
:10D6F00008E000212800FCF7AAF9002801D1F07BFE
:10D70000B073FFE73800C0B2F2BD2DE9F04104006C
:10D71000D4F87403C569012601275FF00108287B4E
:10D72000002803D0012800F0DC81DDE1B5F8F80025
:10D730002968884280F0CA81B5F8F8103420414346
:10D7400005EB0100012180F89110B5F8F8103420A4
:10D75000414305EB010090F8900000280DD002280D
:10D7600059D0032800F0EE80042813D0052800F0DB
:10D770003981082800F0A381A7E1B5F8F81034201A
:10D78000414305EB0100042180F89010D4F8B80360
:10D79000C5F8FC00B5F8F8103420414305EB010052
:10D7A00010F19F02B5F8F810C9B2200000F05DFC3E
:10D7B00007003800C0B2002808D1B5F8F8103420AE
:10D7C000414305EB0100022180F890103800C0B2FF
:10D7D000022809D1B5F8F8103420414305EB0100C7
:10D7E000052180F8901015E03800C0B2042811D14E
:10D7F000B5F8F8103420414305EB0100012180F811
:10D800009010B5F8F8103420414305EB01000221D7
:10D8100080F8911064E1B5F8F810C9B2200000F06A
:10D820008BFB80464046C0B2002837D1B5F8F810CF
:10D830003420414305EB010090F89200002809D004
:10D84000B5F8F8103420414305EB0100012180F8C0
:10D85000C11008E0B5F8F8103420414305EB010091
:10D86000002180F8C110B5F8F8103420414305EBD1
:10D870000100032180F89010B5F8F81034204143DE
:10D8800005EB0100002180F89110B5F8F810342064
:10D89000414305EB0100002180F892104046C0B2E0
:10D8A000022838D1B5F8F8103420414305EB0100C7
:10D8B00090F89200022809D0B5F8F81034204143BE
:10D8C00005EB0100012180F8C11008E0B5F8F8105F
:10D8D0003420414305EB0100002180F8C110B5F868
:10D8E000F8103420414305EB0100052180F8901029
:10D8F000B5F8F8103420414305EB0100012180F810
:10D900009110B5F8F8103420414305EB01000221D5
:10D9100080F8921015E04046C0B2042811D1B5F845
:10D92000F8103420414305EB0100012180F89010EC
:10D93000B5F8F8103420414305EB0100022180F8CE
:10D940009110CDE0B5F8F8103420414305EB01000B
:10D9500010F19402B5F8F810C9B2200000F025FBD0
:10D9600007003800C0B2002817D1B5F8F8103420ED
:10D97000414305EB0100012180F89010B5F8F81043
:10D980003420414305EB0100002180F89110B5F8E7
:10D99000F800401CA5F8F80023E03800C0B20228C7
:10D9A00009D1B5F8F8103420414305EB01000521F9
:10D9B00080F8901015E03800C0B2042811D1B5F8F5
:10D9C000F8103420414305EB0100012180F890104C
:10D9D000B5F8F8103420414305EB0100022180F82E
:10D9E00091107DE0B5F8F8103420414305EB0100BB
:10D9F00010F19C02B5F8F810C9B2200000F0CDFB80
:10DA000007003800C0B2002834D1B5F8F81034202F
:10DA1000414305EB010090F89C00062809D0B5F8B9
:10DA2000F8103420414305EB010090F89C000228D7
:10DA300012D1D4F8B813D5F8FC00091A42F21070CC
:10DA4000814209D2B5F8F8103420414305EB0100BA
:10DA5000022180F8901043E0B5F8F81034204143DB
:10DA600005EB0100012180F89010B5F8F800401C8A
:10DA7000A5F8F8003800C0B2022809D1B5F8F810AE
:10DA80003420414305EB0100082180F8901015E097
:10DA90003800C0B2042811D1B5F8F8103420414341
:10DAA00005EB0100012180F89010B5F8F810342042
:10DAB000414305EB0100022180F8911010E0B5F818
:10DAC000F800401CA5F8F8000AE009E00020A5F8DD
:10DAD000F8000120287302212000D4F8C4239047C5
:10DAE00002E000200600FFE73000C0B2BDE8F08190
:10DAF000010000207047000010B5040021202074B0
:10DB0000FF206074002060820020A0820020E0825C
:10DB1000002200212000FCF7A4F810BD38B5040055
:10DB20000D00A1202074FE2060740020608200207F
:10DB3000A0820120E082012229002000FCF791F858
:10DB400032BD0100D1F87403C269DFF8DC0350650F
:10DB5000DFF8D8039065012082F85000012082F898
:10DB60005200002070472DE9F84F04000D000126F7
:10DB700001275FF001085FF00009D4F87403D0F8C2
:10DB80001CA05FF0000B9AF85000012818D0C0F0DC
:10DB90007381032852D023D3052800F098805AD3EC
:10DBA000072800F0E980C0F0A180092800F0168164
:10DBB000C0F0EE800B2800F05381C0F026815BE1BD
:10DBC0008AF8615002208AF85000012000909AF8EB
:10DBD00005301F221AF154012000FDF769FC4BE1CA
:10DBE0009AF805102000FBF7B8FD81464846C0B200
:10DBF000012813D1DAF85C0000280BD09AF86000F5
:10DC0000000603D503208AF8500016E005208AF8A4
:10DC1000500012E007208AF850000EE04846C0B2DB
:10DC2000022803D101208AF8500006E04846C0B21D
:10DC3000052802D10A208AF850001DE19AF8043024
:10DC4000BAF80A20DAF88C102000FDF752FC042004
:10DC50008AF8500010E19AF804102000FBF77DFDCF
:10DC600081464846C0B2012829D1BAF80A00DAF83C
:10DC70005C1088420ED2DAF88C00BAF80A10084418
:10DC8000CAF88C00DAF85C10BAF80A00091ACAF867
:10DC90005C1002E00020CAF85C00DAF85C000028A2
:10DCA00009D09AF80430BAF80A20DAF88C1020006B
:10DCB000FDF71FFC0AE007208AF8500006E04846FE
:10DCC000C0B2052802D109208AF85000D4E0012012
:10DCD00000909AF80530BAF80820DAF88C10200085
:10DCE000FDF7E6FB06208AF85000C5E09AF805101B
:10DCF0002000FBF732FD81464846C0B201282BD1F7
:10DD0000BAF80800DAF85C1088420ED2DAF88C0013
:10DD1000BAF808100844CAF88C00DAF85C10BAF8AF
:10DD20000800091ACAF85C1002E00020CAF85C007A
:10DD3000DAF85C0000280BD0012000909AF805303A
:10DD4000BAF80820DAF88C102000FDF7B1FB12E0D9
:10DD500007208AF850000EE04846C0B2022803D1DE
:10DD600005208AF8500006E04846C0B2052802D1D6
:10DD70000A208AF850007FE09AF804300D221AF148
:10DD800078012000FDF7B5FB08208AF8500073E009
:10DD90009AF804102000FBF7E0FC81464846C0B228
:10DDA000012813D101208AF8500001208AF852007E
:10DDB000200000F088F880464046C0B2002802D11A
:10DDC0000020060009E00220060006E04846C0B236
:10DDD000052802D109208AF850004DE000222900D0
:10DDE000C9B2200000F04CF807003800C0B200288B
:10DDF00003D107208AF8500006E03800C0B204289A
:10DE000002D10B208AF8500036E001222900C9B265
:10DE1000200000F035F807003800C0B2002817D104
:10DE20009AF805102000FBF7CFFC8346DBF10102D6
:10DE3000D2B29AF805102000FBF7A4FC00229AF851
:10DE400004102000FBF79EFC09208AF8500006E031
:10DE50003800C0B2042802D10B208AF850000BE031
:10DE60002000FFF749FE06003000C0B2002802D1B2
:10DE700001208AF85000FFE73000C0B2BDE8F28F01
:10DE80002DE9F04104000D0016000227D4F87403B8
:10DE9000D0F81C803000C0B2002802D0012807D082
:10DEA0000DE098F807102000FBF7D1FD070006E011
:10DEB00098F806102000FBF7CAFD0700FFE73800BE
:10DEC000C0B2BDE8F08170B50400D4F87403C56930
:10DED000012629792000FBF7A9FB0D2802D002209A
:10DEE00006001EE0A86F1249884218D1E86FA96D9C
:10DEF000884216D195F88400002802D1002006003F
:10DF00000FE095F88400012802D10120060008E006
:10DF100095F88400022804D10220060001E00220C6
:10DF200006003000C0B270BD55534243504030200F
:10DF300055534253FEF7E0BF2DE9F04704000D00B2
:10DF40000226D4F87403C76997F85200012802D05A
:10DF500002281FD025E00020F865002087F8600027
:10DF60000A2087F862005FF010085FF0000917F1DF
:10DF7000630A4A4641465046FAF798FE002087F861
:10DF80006300012087F85000022087F8520001202A
:10DF9000060006E02900C9B22000FFF7E4FD0600F4
:10DFA000FFE73000C0B2BDE8F0872DE9F84F04006C
:10DFB0000D0016000127D4F87403D0F81C8098F8DF
:10DFC0005200012802D0022824D04AE00820C8F8D4
:10DFD0005C00802088F860000A2088F862005FF00A
:10DFE00010095FF0000A18F1630B52464946584683
:10DFF000FAF75CFE252088F86300012088F85000BD
:10E00000022088F8520018F11000C8F88C00012096
:10E01000070026E02900C9B22000FFF7A4FD070091
:10E020003800C0B200281BD1D8F88C00C078D8F8CE
:10E030008C10897850EA0120D8F88C10497850EA81
:10E040000140D8F88C10097850EA01603060D8F8A7
:10E050008C00C079D8F88C10897950EA0120B08002
:10E06000FFE73800C0B2BDE8F28F2DE9F84F86B067
:10E0700004000D0016000227D4F87403D0F81C80A9
:10E0800098F85200012802D0022833D080E02420E2
:10E09000C8F85C00802088F860000A2088F86200D8
:10E0A0005FF00A095FF0000A18F1630B5246494617
:10E0B0005846FAF7FBFD122088F86300680188F8DB
:10E0C0006400002088F86500002088F8660024209D
:10E0D00088F86700002088F86800012088F8500060
:10E0E000022088F8520018F11000C8F88C000120B6
:10E0F00007004DE02900C9B22000FFF734FD0700FA
:10E100003800C0B2002842D122200590002004909F
:10E11000B146049A05994846FAF7C8FDD8F88C002C
:10E12000007810F01F007070D8F88C000078C0B232
:10E1300040093070D8F88C004078C0B2C009B07087
:10E1400008200390D8F88C000830029016F10309DB
:10E15000039A02994846FAF7DDFD5FF01009D8F8F6
:10E160008C001030019016F10C0A4A460199504675
:10E17000FAF7D0FD5FF0040AD8F88C002030009048
:10E1800016F11D0B524600995846FAF7C3FDFFE7FA
:10E190003800C0B207B0BDE8F08F2DE9F84F040099
:10E1A0000D0016000227D4F87403D0F81C8098F8EC
:10E1B0005200012802D0022833D04BE00E20C8F8CC
:10E1C0005C00802088F860000A2088F862005FF018
:10E1D00010095FF0000A18F1630B52464946584691
:10E1E000FAF764FD032088F86300680188F864008A
:10E1F000002088F86500002088F866000E2088F866
:10E200006700002088F86800012088F8500002208C
:10E2100088F8520018F11000C8F88C00012007009F
:10E2200018E02900C9B22000FFF79DFC0700380064
:10E23000C0B200280DD1D8F88C00807810F00F0003
:10E240003070D8F88C00007B7070D8F88C00407B60
:10E25000B070FFE73800C0B2BDE8F28FDFF8B0035E
:10E26000B0F88209002804D10020DFF8A423A2F826
:10E270008C09DFF89C03B0F88C09B0F58A7F04DBC9
:10E280000020DFF88C23A2F88C09DFF888030268ED
:10E29000DFF87C03B0F88C09002816D11000C0B25A
:10E2A000652812D1DFF86803DFF86433B3F88C39DE
:10E2B000184480F85628DFF85803B0F88C09401C41
:10E2C000DFF84C33A3F88C099CE1DFF84403B0F885
:10E2D0008C09012822D11000C0B213280BD01000E5
:10E2E000C0B2152807D01000C0B2032803D0100018
:10E2F000C0B2102812D1DFF81803DFF81433B3F8D6
:10E300008C39184480F85628DFF80403B0F88C09DB
:10E31000401CDFF8FC32A3F88C0973E1DFF8F0024F
:10E32000B0F88C090228C0F26881DFF8E40290F8A6
:10E330005708132840F09D80DFF8D402B0F88C090C
:10E34000022812D1DFF8C802DFF8C432B3F88C39E2
:10E35000184480F85628DFF8B802B0F88C09401C41
:10E36000DFF8AC32A3F88C094CE1DFF8A402B0F876
:10E370008C09032812D1DFF89802DFF89432B3F841
:10E380008C39184480F85628DFF88402B0F88C09DC
:10E39000401CDFF87C32A3F88C0933E1DFF870020F
:10E3A000B0F88C09042812D1DFF86402DFF860327B
:10E3B000B3F88C39184480F85628DFF85402B0F8C6
:10E3C0008C09401CDFF84832A3F88C091AE1DFF809
:10E3D0004002B0F88C09052812D1DFF83402DFF8CA
:10E3E0003032B3F88C39184480F85628DFF8200210
:10E3F000B0F88C09401CDFF81832A3F88C0901E151
:10E40000DFF80C02B0F88C0906282CDBDFF80002DC
:10E4100090F85A08DFF8F83193F85B3853EA002394
:10E420001900DFF8EC01DFF8E831B3F88C39184453
:10E4300080F85628DFF8D801B0F88C09401CDFF8C6
:10E44000D031A3F88C09DFF8C801B0F88C090B00B3
:10E450009BB20833984240F0D5800120DFF8B031FC
:10E4600083F89609CEE00020DFF8A431A3F88C09E8
:10E47000C8E0DFF89C0190F85708152869D1DFF84B
:10E480009001B0F88C09022812D1DFF88401DFF87E
:10E490008031B3F88C39184480F85628DFF87001C1
:10E4A000B0F88C09401CDFF86831A3F88C09A9E0AA
:10E4B000DFF85C01B0F88C09032812D1DFF85001B5
:10E4C000DFF84C31B3F88C39184480F85628DFF85F
:10E4D0004001B0F88C09401CDFF83431A3F88C09F6
:10E4E00090E0DFF82C01B0F88C0904282BDBDFF872
:10E4F000200190F85808DFF8183193F8593853EA9A
:10E5000000231900DFF80801DFF80431B3F88C3973
:10E51000184480F85628DFF8F800B0F88C09401C41
:10E52000DFF8EC30A3F88C09DFF8E400B0F88C09D0
:10E530000B009BB29B1D984264D10120DFF8D030C4
:10E5400083F896095EE00020DFF8C430A3F88C0958
:10E5500058E0DFF8BC0090F85708032847D1DFF8EF
:10E56000B000B0F88C09022818D1DFF8A400DFF859
:10E57000A030B3F88C39184480F85628DFF89000A2
:10E58000B0F88C09401CDFF88830A3F88C09100023
:10E59000C0B2DFF87C30A3F88A0933E0DFF87000FE
:10E5A000B0F88C0903282DDBDFF86400DFF8603059
:10E5B000B3F88C39184480F85628DFF85400B0F8C6
:10E5C0008C09401CDFF84830A3F88C09DFF84000C4
:10E5D000B0F88C09DFF83830B3F88A395B1D9842FF
:10E5E00010D10120DFF8283083F896090AE00020D6
:10E5F000DFF81C30A3F88C0904E00020DFF81030AD
:10E60000A3F88C090A20DFF80830A3F882097047C4
:10E610002C000020044400407047FEE7FEE7FEE7C0
:10E62000FEE770477047704780B500F08DF8F5F74A
:10E6300063F901BD80B52F480068800601D5F1F768
:10E64000CBFD2D48F6F730FF01BD80B52B480068A3
:10E65000800601D5FFF702FE2948F6F725FF01BD28
:10E6600080B528480068800601D5F7F7DBFF26480B
:10E67000F6F71AFF01BD80B524480068800601D571
:10E68000F8F772F92248F6F70FFF01BD80B521486F
:10E690000068800601D5F8F70FFF1F48F6F704FF62
:10E6A00001BD80B51D48FBF74AFF01BD80B51C4880
:10E6B00000681C48F6F7F8FE01BD80B51A480068EE
:10E6C0001A48F6F7F1FE01BD80B5194800681948EF
:10E6D000F6F7EAFE01BD80B5174800681748F6F75F
:10E6E000E3FE01BD80B5164800681648F6F7DCFE6B
:10E6F00001BD000000100140B0690020004400404E
:10E70000F069002000480040306A0020004C0040C2
:10E71000306800200050004070680020E851002060
:10E7200000140140706A002000780040B0680020AA
:10E73000007C0040F0680020001801403069002093
:10E74000001C0140706900200348006803490978F3
:10E750004018014908607047246C00202800002000
:10E76000463A5C70726F6A6563745C323031385C53
:10E77000472D4C696E6B50435C4669726D776172D0
:10E78000655C546F74616C5C323031395F56657210
:10E7900073696F6E5CEC97B0EC84B8EC9AB0EC9C4B
:10E7A000A05FEC9584EC82B05C4669726D77617213
:10E7B000655C474C3930325C474C3930325F4D41F3
:10E7C000494E5F5231325C5372635C757362685FAD
:10E7D000636F6E662E630000463A5C70726F6A6506
:10E7E00063745C323031385C472D4C696E6B50433A
:10E7F0005C4669726D776172655C546F74616C5CC4
:10E80000323031395F56657273696F6E5CEC97B068
:10E81000EC84B8EC9AB0EC9CA05FEC9584EC82B0F0
:10E820005C4669726D776172655C474C3930325C69
:10E83000474C3930325F4D41494E5F5231325C5363
:10E8400072635C6D61696E2E63000000124800689F
:10E8500050F47000104908601048006850F0010042
:10E860000E49086000200E4908600C4801680D48F8
:10E8700001400A4801600C480C49086007480068DC
:10E8800030F48020054908600020094908600948E3
:10E89000094908607047000088ED00E00038024038
:10E8A00008380240FFFFF6FE103000240438024012
:10E8B0000C3802400000020808ED00E030B40025EA
:10E8C00012E050F8042BD30744BF4A44521E091FDC
:10E8D000042942F8045BFAD213468C0744BF158022
:10E8E0009B1CC90748BF1D7050F8041B0029E8D1C4
:10E8F00030BC7047100000000024F40020EA020839
:10E900000800000075D4020819D6020877D602085C
:10E910000BD70208F1DA0208000000000100000035
:10E9200010B5074979441831064C7C44163404E08C
:10E930000A68081D114488470146A142F8D110BD5C
:10E940002C0000004C0000004EF68851CEF2000171
:10E95000086840F470000860BFF34F8FBFF36F8FFB
:10E960004FF00070E1EE100A7047000051FFFFFF0A
:10E97000046C00002C00002000000000D367FFFFA3
:10E980002C00000070FFFFFF0000002000000000CE
:10E9900000F00DF8002801D0FFF7C2FFAFF30080B0
:10E9A0000020AFF30080F5F7F9FC00F002F8012039
:10E9B000704700F001B8000007463846FEF750FDEA
:10E9C000FBE700000548014603B4684680F3098868
:10E9D000AFF30080FFF7B8FFFFF7DAFFA5EDF5FE14
:10E9E00000000000000000000102030406070809FF
:10E9F00001488047014800474DE80208C5E9020880
:10EA00003031303337383234393537003031303106
:10EA10003131313030303500000000000102030494
:10EA20004D534300FFF7FEBFFFF7FEBFFFF7FEBFEA
:10EA3000FFF7FEBFFFF7FEBFFFF7FEBFFFF7FEBF0A
:10EA4000FFF7FEBFFFF7FEBFFFF7FEBFFFF7FEBFFA
:10EA5000FFF7FEBFFFF7FEBFFFF7FEBFFFF7FEBFEA
:10EA6000FFF7FEBFFFF7FEBFFFF7FEBFFFF7FEBFDA
:10EA7000FFF7FEBFFFF7FEBFFFF7FEBFFFF7FEBFCA
:10EA8000FFF7FEBFFFF7FEBFFFF7FEBFFFF7FEBFBA
:10EA9000FFF7FEBFFFF7FEBFFFF7FEBFFFF7FEBFAA
:10EAA000FFF7FEBFFFF7FEBFFFF7FEBFFFF7FEBF9A
:10EAB000FFF7FEBFFFF7FEBFFFF7FEBFFFF7FEBF8A
:10EAC000FFF7FEBFFFF7FEBFFFF7FEBFFFF7FEBF7A
:10EAD000FFF7FEBFFFF7FEBFFFF7FEBFFFF7FEBF6A
:10EAE000FFF7FEBFFFF7FEBFFFF7FEBFFFF7FEBF5A
:10EAF000FFF7FEBFFFF7FEBFFFF7FEBFFFF7FEBF4A
:10EB0000FFF7FEBFFFF7FEBFFFF7FEBFFFF7FEBF39
:10EB1000FFF7FEBFFFF7FEBFFFF7FEBFFFF7FEBF29
:10EB2000FFF7FEBFFFF7FEBFFFF7FEBFFFF7FEBF19
:10EB3000FFF7FEBFFFF7FEBFFFF7FEBFFFF7FEBF09
:10EB4000FFF7FEBFFFF7FEBFFFF7FEBFFFF7FEBFF9
:10EB5000FFF7FEBFFFF7FEBFFFF7FEBFFFF7FEBFE9
:10EB6000FFF7FEBFFFF7FEBFFFF7FEBFFFF7FEBFD9
:04EB7000FFF7FEBFEE
:040000050802E9C53F
:00000001FF
