:020000040802F0
:10000000D09000205D090308C1030308C30303085F
:10001000C5030308C7030308C90303080000000061
:10002000000000000000000000000000CB030308F7
:10003000CD03030800000000CF030308D103030829
:10004000AD090308B1090308B5090308B909030894
:10005000BD090308C1090308C5090308C909030844
:10006000CD090308D1090308D5090308D9090308F4
:10007000DD090308E1090308E5090308E9090308A4
:10008000ED090308F1090308F5090308F909030854
:10009000FD090308010A0308050A0308090A030801
:1000A0000D0A0308110A0308150A0308190A0308B0
:1000B0001D0A0308210A0308250A0308290A030860
:1000C0002D0A0308310A0308350A0308390A030810
:1000D0003D0A0308DD030308F303030809040308CA
:1000E000410A0308450A0308490A03084D0A0308A0
:1000F000510A0308550A0308590A03085D0A030850
:10010000610A0308650A0308690A03086D0A0308FF
:100110001F04030835040308710A0308750A03085D
:10012000790A03087D0A0308810A0308850A03087F
:10013000890A03088D0A0308910A0308950A03082F
:10014000990A03089D0A0308A10A03084B0403083F
:10015000A50A0308A90A0308AD0A03085504030801
:10016000B10A0308B50A0308B90A0308BD0A03085F
:10017000C10A0308C50A03080000000000000000CF
:10018000C90A0308CD0A03086304030871040308BD
:10019000D10A0308D50A030800000000D90A0308A1
:1001A0007F0403088D040308000000000000000025
:1001B000DD0A03080000000000000000E10A030857
:1001C000E50A0308E90A0308ED0A0308F10A03082F
:1001D000F50A0308F90A0308DFF8BC04B0F8B00414
:1001E000002804D10020DFF8B014A1F8BA04DFF829
:1001F000A804B0F8BA04212804DB0020DFF8981422
:10020000A1F8BA04DFF894040168DFF88C04B0F8B0
:10021000BA04002816D10800C0B2C92812D1DFF8EC
:100220007804DFF87424B2F8BA24104480F88413F8
:10023000DFF86404B0F8BA04401CDFF85C24A2F8CC
:10024000BA0423E2DFF85004B0F8BA0401281ED142
:100250000800C0B2202807D00800C0B2132803D07D
:100260000800C0B2152812D1DFF82C04DFF82824CA
:10027000B2F8BA24104480F88413DFF81C04B0F8F4
:10028000BA04401CDFF81024A2F8BA04FEE1DFF83B
:10029000080490F88503132840F0F580DFF8F80390
:1002A00090F88403C92840F08F80DFF8EC03B0F8A1
:1002B000BA04022812D1DFF8E003DFF8DC23B2F839
:1002C000BA24104480F88413DFF8CC03B0F8BA04E1
:1002D000401CDFF8C423A2F8BA04D7E1DFF8B80362
:1002E000B0F8BA04032812D1DFF8AC03DFF8A82372
:1002F000B2F8BA24104480F88413DFF89C03B0F8F5
:10030000BA04401CDFF89023A2F8BA04BEE1DFF87B
:100310008803B0F8BA04042812D1DFF87C03DFF8B0
:100320007823B2F8BA24104480F88413DFF8680305
:10033000B0F8BA04401CDFF86023A2F8BA04A5E1C3
:10034000DFF85403B0F8BA04052812D1DFF84803E7
:10035000DFF84423B2F8BA24104480F88413DFF89D
:100360003803B0F8BA04401CDFF82C23A2F8BA0412
:100370008CE1DFF82403B0F8BA0406281EDBDFF8AE
:100380001803DFF81423B2F8BA24104480F8841359
:10039000DFF80403B0F8BA04401CDFF8FC22A2F82E
:1003A000BA04DFF8F402B0F8BA04082840F06E810D
:1003B0000120DFF8E42282F8C40467E10020DFF8BE
:1003C000D822A2F8BA0461E1B348B0F8BA0402280E
:1003D0000ED1B148B04AB2F8BA24104480F8841360
:1003E000AD48B0F8BA04401CAB4AA2F8BA044DE1DB
:1003F000A948B0F8BA0403280ED1A748A64AB2F813
:10040000BA24104480F88413A348B0F8BA04401CFE
:10041000A14AA2F8BA0439E19F48B0F8BA04042806
:100420000ED19D489C4AB2F8BA24104480F8841337
:100430009948B0F8BA04401C974AA2F8BA0425E1DA
:100440009548B0F8BA04052818D19348924AB2F8F2
:10045000BA24104480F884138F48B0F8BA04401CC2
:100460008D4AA2F8BA048C48B0F8BA04062840F0C5
:100470000D810120884A82F8C40407E10020864AE1
:10048000A2F8BA0402E1844890F88503152872D1D5
:100490008148B0F8BA0402280ED17F487E4AB2F8EB
:1004A000BA24104480F884137B48B0F8BA04401C86
:1004B000794AA2F8BA04E9E07748B0F8BA04032808
:1004C0000ED17548744AB2F8BA24104480F88413E7
:1004D0007148B0F8BA04401C6F4AA2F8BA04D5E0DB
:1004E0006D48B0F8BA0404280ED16B486A4AB2F8D5
:1004F000BA24104480F884136748B0F8BA04401C4A
:10050000654AA2F8BA04C1E06348B0F8BA04052805
:100510000ED16148604AB2F8BA24104480F88413BE
:100520005D48B0F8BA04401C5B4AA2F8BA04ADE0DA
:100530005948B0F8BA04062818DB5748564AB2F8AA
:10054000BA24104480F884135348B0F8BA04401C0D
:10055000514AA2F8BA045048B0F8BA04082840F04A
:10056000958001204C4A82F8C4048FE000204A4A5A
:10057000A2F8BA048AE0484890F88503202840F0A1
:1005800081804548B0F8BA0402280ED14248424A58
:10059000B2F8BA24104480F884133F48B0F8BA0483
:1005A000401C3D4AA2F8BA0470E03B48B0F8BA04D7
:1005B00003280ED13848384AB2F8BA24104480F8DB
:1005C00084133548B0F8BA04401C334AA2F8BA0480
:1005D0005CE03148B0F8BA0404280ED12E482E4A07
:1005E000B2F8BA24104480F884132B48B0F8BA0447
:1005F000401C294AA2F8BA0448E02748B0F8BA04D7
:1006000005280ED12448244AB2F8BA24104480F8B0
:1006100084132148B0F8BA04401C1F4AA2F8BA0457
:1006200034E01D48B0F8BA04062826DB1A4890F8D2
:100630008803194A92F8892352EA00221648A0F842
:10064000B8241548144AB2F8BA24104480F8841328
:100650001148B0F8BA04401C0F4AA2F8BA040E4878
:10066000B0F8BA040C4AB2F8B824083290420DD15E
:100670000120094A82F8C40408E00020064AA2F8D2
:10068000BA0403E00020044AA2F8BA040520024A92
:10069000A2F8B004704700002C00002004100140B4
:1006A0002DE9FE4F0400A2781202E1780A43ADF86A
:1006B0000820A1788DF80010E6789DF80010002938
:1006C00060D1DFF8701C0F00DFF86C1C88466421D5
:1006D0000D006521DFF8642C82F82C111321DFF85E
:1006E0005C2C82F82D11A178DFF8502C82F82E11A5
:1006F000E178DFF8482C82F82F11290089B2090A25
:10070000DFF8382C82F83011DFF8301C81F83151D5
:10071000DFF82CAC002189464846290080B289B216
:10072000884213D2388880B2000A8AF800001AF191
:1007300001003988017010F1010A3888A8F800001A
:10074000BF1C18F1020819F10209E5E7A91D89B2D9
:10075000DFF8F00B02F046FDADF80200BDF8020034
:1007600080B2000A8AF800001AF10100BDF80210F8
:100770000170401C15F10801DFF8C02BA2F8B61477
:1007800000F0D6BD9DF80010012940F01E846521BF
:10079000DFF8A82B82F82C111321DFF8A02B82F8A8
:1007A0002D11A178DFF8942B82F82E11E178DFF873
:1007B0008C2B82F82F110021DFF8802B82F830116A
:1007C0006221DFF8782B82F83111DFF874AB062153
:1007D000DFF8682BA2F8B6143000C0B2622880F2AD
:1007E000D4833000C0B200284AD006286CD00A2832
:1007F00000F08F800C2800F0AD80122800F0CF8030
:10080000222800F0F180322800F01481362800F010
:100810003781382800F05581392800F06C813A285A
:1008200000F083813E2800F0A681422800F0C981B3
:10083000462800F0EC814A2800F00F824E2800F094
:100840003282502800F05282522800F072825428DE
:1008500000F09282562800F0B282582800F0D2822E
:100860005A2800F0F2825C2800F012835E2800F023
:1008700032835F2800F04983602800F0608381E3C1
:1008800000208146484680B206280BDADFF8B80A15
:10089000494689B2405C8AF800001AF1010A19F150
:1008A0000109EFE7DFF8940AB0F8B604801DDFF81D
:1008B0008C1AA1F8B604B61D0622DFF8901ADFF8EC
:1008C000880A02F0EEFC87E700208146484680B2A5
:1008D00004280CDADFF8700A494689B208448079A6
:1008E0008AF800001AF1010A19F10109EEE7DFF8B0
:1008F0004C0AB0F8B604001DDFF8401AA1F8B6049F
:10090000361D0422DFF8481ADFF8480A02F0C9FC55
:1009100062E7DFF8340A408980B2000A8AF80000F2
:100920001AF10100DFF8201A4989017010F1010A5B
:10093000DFF8080AB0F8B604801CDFF8001AA1F846
:10094000B604B61C0222DFF8101ADFF8100A02F013
:10095000A8FC41E700208146484680B206280CDA10
:10096000DFF8E409494689B20844007B8AF80000B0
:100970001AF1010A19F10109EEE7DFF8C009B0F830
:10098000B604801DDFF8B419A1F8B604B61D06221E
:10099000DFF8CC19DFF8CC0902F083FC1CE700205B
:1009A0008146484680B210280CDADFF89C09494697
:1009B00089B20844807C8AF800001AF1010A19F112
:1009C0000109EEE7DFF87409B0F8B6041030DFF87B
:1009D0006C19A1F8B60410361022DFF88C19DFF874
:1009E0008C0902F05EFCF7E600208146484680B2A2
:1009F00010280DDADFF85009494689B2084490F80A
:100A000022008AF800001AF1010A19F10109EDE744
:100A1000DFF82809B0F8B6041030DFF82019A1F883
:100A2000B60410361022DFF84819DFF8480902F042
:100A300038FCD1E600208146484680B204280DDA11
:100A4000DFF80409494689B2084490F832008AF870
:100A500000001AF1010A19F10109EDE7DFF8DC08DD
:100A6000B0F8B604001DDFF8D418A1F8B604361D9E
:100A70000422DFF80419DFF8040902F012FCABE6E7
:100A8000DFF8C408C08E80B2000A8AF800001AF1AC
:100A90000100DFF8B418C98E017010F1010ADFF807
:100AA0009C08B0F8B604801CDFF89018A1F8B604D2
:100AB000B61C0222DFF8C818DFF8C80802F0F1FB04
:100AC0008AE6DFF8840890F838008AF800001AF106
:100AD000010ADFF86808B0F8B604401CDFF85C18BB
:100AE000A1F8B604761C0122DFF89C18DFF89C08F8
:100AF00002F0D7FB70E6DFF8500890F839008AF86A
:100B000000001AF1010ADFF83408B0F8B604401CFE
:100B1000DFF82818A1F8B604761C0122DFF8701857
:100B2000DFF8700802F0BDFB56E60020814648461B
:100B300080B204280DDADFF81008494689B208446B
:100B400090F83A008AF800001AF1010A19F1010937
:100B5000EDE7DFF8E807B0F8B604001DDFF8DC17B2
:100B6000A1F8B604361D0422DFF82C18DFF82C0893
:100B700002F097FB30E600208146484680B2042808
:100B80000DDADFF8C407494689B2084490F83E0000
:100B90008AF800001AF1010A19F10109EDE7DFF8FE
:100BA0009C07B0F8B604001DDFF89017A1F8B60452
:100BB000361D0422DFF8E817DFF8E80702F071FBC2
:100BC0000AE600208146484680B204280DDADFF8A4
:100BD0007807494689B2084490F842008AF8000034
:100BE0001AF1010A19F10109EDE7DFF85007B0F831
:100BF000B604001DDFF84417A1F8B604361D042220
:100C0000DFF8A417DFF8A40702F04BFBE4E50020AF
:100C10008146484680B204280DDADFF82C074946A1
:100C200089B2084490F846008AF800001AF1010AD7
:100C300019F10109EDE7DFF80407B0F8B604001D6B
:100C4000DFF8F816A1F8B604361D0422DFF86017A5
:100C5000DFF8600702F025FBBEE50020814648462C
:100C600080B204280DDADFF8E006494689B208446C
:100C700090F84A008AF800001AF1010A19F10109F6
:100C8000EDE7DFF8B806B0F8B604001DDFF8AC16E3
:100C9000A1F8B604361D0422DFF81C17DFF81C0784
:100CA00002F0FFFA98E5DFF8A006B0F84E0080B237
:100CB000000A8AF800001AF10100DFF88C16B1F87A
:100CC0004E10017010F1010ADFF87006B0F8B6049A
:100CD000801CDFF86816A1F8B604B61C0222DFF803
:100CE000E016DFF8E00602F0DCFA75E5DFF85806FA
:100CF000B0F8500080B2000A8AF800001AF1010032
:100D0000DFF84416B1F85010017010F1010ADFF855
:100D10002C06B0F8B604801CDFF82016A1F8B60443
:100D2000B61C0222DFF8A016DFF8A00602F0B9FA1E
:100D300052E5DFF81406B0F8520080B2000A8AF8D3
:100D400000001AF10100DFF80016B1F8521001702E
:100D500010F1010ADFF8E405B0F8B604801CDFF8F2
:100D6000DC15A1F8B604B61C0222DFF86416DFF821
:100D7000640602F096FA2FE5DFF8CC05B0F85400CF
:100D800080B2000A8AF800001AF10100DFF8B815F5
:100D9000B1F85410017010F1010ADFF8A005B0F8A5
:100DA000B604801CDFF89415A1F8B604B61C022224
:100DB000DFF82416DFF8240602F073FA0CE5DFF8FA
:100DC0008805B0F8560080B2000A8AF800001AF1CF
:100DD0000100DFF87415B1F85610017010F1010A26
:100DE000DFF85805B0F8B604801CDFF85015A1F8FC
:100DF000B604B61C0222DFF8E815DFF8E80502F0B9
:100E000050FAE9E4DFF84005B0F8580080B2000A73
:100E10008AF800001AF10100DFF82C15B1F858101B
:100E2000017010F1010ADFF81405B0F8B604801C57
:100E3000DFF80815A1F8B604B61C0222DFF8A815E1
:100E4000DFF8A80502F02DFAC6E4DFF8FC04B0F8DC
:100E50005A0080B2000A8AF800001AF10100DFF897
:100E6000E814B1F85A10017010F1010ADFF8CC044F
:100E7000B0F8B604801CDFF8C414A1F8B604B61CA0
:100E80000222DFF86C15DFF86C0502F00AFAA3E421
:100E9000DFF8B404B0F85C0080B2000A8AF8000001
:100EA0001AF10100DFF8A014B1F85C10017010F124
:100EB000010ADFF88804B0F8B604801CDFF87C145F
:100EC000A1F8B604B61C0222DFF82C15DFF82C05B9
:100ED00002F0E7F980E4DFF8700490F85E008AF829
:100EE00000001AF1010ADFF85404B0F8B604401CFF
:100EF000DFF84814A1F8B604761C0122DFF80015CB
:100F0000DFF8000502F0CDF966E4DFF83C0490F864
:100F10005F008AF800001AF1010ADFF82004B0F837
:100F2000B604401CDFF81414A1F8B604761C0122A4
:100F3000DFF8D414DFF8D40402F0B3F94CE4DFF89E
:100F40000804B0F8600080B2000A8AF800001AF1C4
:100F50000100DFF8F413B1F86010017010F1010A1C
:100F6000DFF8D803B0F8B604801CDFF8D013A1F87E
:100F7000B604B61C0222DFF89814DFF8980402F0D9
:100F800090F929E46220060026E4DFF8B003B0F807
:100F9000B614DFF8B00302F025F9ADF80200BDF891
:100FA000020080B2000A8AF800001AF10100BDF8C0
:100FB00002100170401CDFF88413B1F8B614891CCC
:100FC000DFF87823A2F8B614B2E19DF800101129D9
:100FD0006BDB9DF800101D2967DADFF83C249DF8D3
:100FE0000030A6214B4302EB0301A1F606310F00AE
:100FF000DFF828249DF80030A6214B4302EB0301C3
:10100000A1F606318846A6210D006521CB4A82F85B
:101010002C111321C94A82F82D11A178C74A82F8F0
:101020002E11E178C54A82F82F11290089B2090AE8
:10103000C24A82F83011C14981F83151DFF800A36A
:10104000002189464846290080B289B2884213D2DD
:10105000388880B2000A8AF800001AF10100398845
:10106000017010F1010A3888A8F80000BF1C18F1BF
:10107000020819F10209E5E7A91D89B2B14802F099
:10108000B1F8ADF80200BDF8020080B2000A8AF89B
:1010900000001AF10100BDF802100170401C15F1AA
:1010A0000801A64AA2F8B61442E19DF800103129C1
:1010B00067DB9DF800103D2963DAD94A9DF80030BE
:1010C00048214B4302EB0301A1F6C8518B46D54A98
:1010D0009DF8003048214B4302EB0301A1F6C851B3
:1010E000019148210D006521944A82F82C111321A9
:1010F000924A82F82D11A178904A82F82E11E17857
:101100008E4A82F82F11290089B2090A8B4A82F887
:1011100030118A4981F83151DFF824A20021894633
:101120004846290080B289B2884211D29BF800005B
:101130008AF800001AF1010A9BF800000199087072
:101140001BF1010B0198401C019019F10109E7E71F
:10115000A91D89B27B4802F045F8ADF80200BDF840
:10116000020080B2000A8AF800001AF10100BDF8FE
:1011700002100170401C15F10801704AA2F8B61463
:10118000D6E09DF80010E02969DB9DF80010F029F9
:1011900065DAA54A9DF8003006214B4302EB0301B6
:1011A000B1F5A8610F00A14A9DF8003006214B431C
:1011B00002EB0301B1F5A861884606210D00652107
:1011C0005E4A82F82C1113215C4A82F82D11A17815
:1011D0005A4A82F82E11E178584A82F82F112900D4
:1011E00089B2090A554A82F83011544981F83151BF
:1011F000DFF84CA1002189464846290080B289B217
:10120000884213D2388880B2000A8AF800001AF1A6
:1012100001003988017010F1010A3888A8F800002F
:10122000BF1C18F1020819F10209E5E7A91D89B2EE
:10123000444801F0D7FFADF80200BDF8020080B2CB
:10124000000A8AF800001AF10100BDF802100170CE
:10125000401C15F10801394AA2F8B61468E09DF85F
:101260000010F02964DB724A9DF8003022214B43C4
:1012700002EB0301B1F5FF510F006E4A9DF80030FB
:1012800022214B4302EB0301B1F5FF518846222195
:101290000D006521294A82F82C111321274A82F872
:1012A0002D11A178254A82F82E11E178234A82F87F
:1012B0002F11290089B2090A204A82F830111F49EA
:1012C00081F83151DFF878A000218946484629008D
:1012D00080B289B2884213D2388880B2000A8AF874
:1012E00000001AF101003988017010F1010A3888F4
:1012F000A8F80000BF1C18F1020819F10209E5E77F
:10130000A91D89B20F4801F06DFFADF80200BDF8CC
:10131000020080B2000A8AF800001AF10100BDF84C
:1013200002100170401C15F10801044AA2F8B6141D
:10133000BDE8F78F2C780020907800202C0000204A
:101340005E0100205801002058790020BC7900205F
:10135000C27900205E790020C679002062790020E1
:10136000C879002064790020CE7900206A790020B5
:10137000DE7900207A790020EE7900208A79002039
:10138000F27900208E790020F479002090790020F5
:10139000F579002091790020F679002092790020DB
:1013A000FA79002096790020FE7900209A790020B1
:1013B000027A00209E790020067A0020A27900207F
:1013C0000A7A0020A67900200C7A0020A879002053
:1013D0000E7A0020AA790020107A0020AC79002033
:1013E000127A0020AE790020147A0020B079002013
:1013F000167A0020B2790020187A0020B4790020F3
:101400001A7A0020B67900201B7A0020B7790020D4
:101410001C7A0020B879002060300020C03A0020FB
:10142000804F002000540020847A0020E47A0020BD
:10143000546C0020746E00202DE9F14F82B00299A7
:1014400091F802905FEA09290299C97851EA0909DD
:1014500002998D78029991F803A02900C9B2002958
:1014600040F0B180DFF8881D0F00DFF8881D884646
:101470006421ADF802106521DFF87C2D82F82C1173
:101480001521DFF8742D82F82D11DFF8706D002121
:10149000DFF8642DA2F8B6140021894600218A469F
:1014A00000218B465846BDF8021080B2884231D2E6
:1014B0005046C0B2BDF8021080B288422AD23888A5
:1014C000B8F80010884218D0484680B2000A307040
:1014D000701C80F80090401C398889B2090A01709C
:1014E000401C39880170461CDFF80C0DB0F8B604BA
:1014F000001DDFF8041DA1F8B6043888A8F8000024
:10150000BF1C18F1020819F102091AF1020A1BF1B5
:10151000020BC7E7DFF8E00CB0F8B604002818D1DA
:10152000DFF8CC0C07003570701C00210170401CE6
:10153000398889B2090A0170401C39880170461C3B
:10154000DFF8B40CB0F8B604001DDFF8AC1CA1F84D
:10155000B604DFF8A40CB0F8B60480B2000ADFF8D5
:10156000981C81F82E01DFF8900CB0F8B604DFF873
:10157000881C81F82F01DFF8800CB0F8B604001D3C
:10158000DFF8741CA1F8B604DFF86C0CB0F8B614E0
:10159000DFF8480D01F026FEADF80000BDF80000B0
:1015A00080B2000A3070701CBDF800100170401C41
:1015B000DFF8441CB1F8B614891CDFF83C2CA2F803
:1015C000B61401F094B92900C9B2012940F040874E
:1015D0006221ADF802106521DFF81C2C82F82C1175
:1015E0001521DFF8142C82F82D11DFF8106C002182
:1015F000DFF8042CA2F8B6144FF48071894600215C
:101600008A465046C0B2622880F2B4865046C0B2C4
:1016100000284CD0062800F08A800A2800F0C880F4
:101620000C2800F00181122800F03F81222800F0F0
:101630007D81322800F0BC81362800F0FB813828FB
:1016400000F03482392800F067823A2800F09A824C
:101650003E2800F0D982422800F01883462800F086
:1016600057834A2800F096834E2800F0D6835028EE
:1016700000F01284522800F04B84542800F0848437
:10168000562800F0BB84582800F0F2845A2800F055
:1016900029855C2800F060855E2800F097855F282A
:1016A00000F0D385602800F0078600F05FBE0622B8
:1016B000DFF82C1CDFF82C0C01F0FEFD04002000EC
:1016C000C0B2002804D119F106091AF1060A98E7F8
:1016D000484680B2000A3070701C80F80090461CAA
:1016E000DFF8140BB0F8B604801CDFF80C1BA1F86F
:1016F000B60400208346584680B2062809DADFF88F
:10170000E40B594689B2405C3070761C1BF1010B2A
:10171000F1E7DFF8E40AB0F8B604801DDFF8D81A64
:10172000A1F8B60419F106091AF1060A69E70422BC
:10173000DFF8B41BDFF8B40B01F0BEFD040020009D
:10174000C0B2002804D119F104091AF1040A58E7BB
:10175000484680B2000A3070701C80F80090461C29
:10176000DFF8940AB0F8B604801CDFF88C1AA1F8F0
:10177000B60400208346584680B204280ADADFF80F
:10178000640B594689B2084480793070761C1BF18D
:10179000010BF0E7DFF8600AB0F8B604001DDFF8CF
:1017A000581AA1F8B60419F104091AF1040A28E735
:1017B0000222DFF83C1BDFF83C0B01F07DFD04004A
:1017C0002000C0B2002804D119F102091AF1020A5E
:1017D00017E7484680B2000A3070701C80F800900D
:1017E000401CDFF8141AB1F8B614891CDFF8082A77
:1017F000A2F8B614DFF8EC1A498989B2090A017017
:10180000401CDFF8E01A49890170461CDFF8E8093E
:10181000B0F8B604801CDFF8E019A1F8B60419F19D
:1018200002091AF1020AECE60622DFF8CC1ADFF808
:10183000CC0A01F041FD04002000C0B2002804D110
:1018400019F106091AF1060ADBE6484680B2000AD9
:101850003070701C80F80090461CDFF89C09B0F8CE
:10186000B604801CDFF89019A1F8B6040020834666
:10187000584680B206280ADADFF8680A594689B263
:101880000844007B3070761C1BF1010BF0E7DFF899
:101890006809B0F8B604801DDFF85C19A1F8B60439
:1018A00019F106091AF1060AABE61022DFF8501A00
:1018B000DFF8500A01F000FD04002000C0B200284B
:1018C00004D119F110091AF1100A9AE6484680B2BB
:1018D000000A3070701C80F80090461CDFF8180970
:1018E000B0F8B604801CDFF81019A1F8B604002087
:1018F0008346584680B210280ADADFF8E8095946CC
:1019000089B20844807C3070761C1BF1010BF0E733
:10191000DFF8E408B0F8B6041030DFF8DC18A1F8FE
:10192000B60419F110091AF1100A6AE61022DFF85C
:10193000D819DFF8D80901F0BFFC04002000C0B2BC
:10194000002804D119F110091AF1100A59E6484685
:1019500080B2000A3070701C80F80090461CDFF8DE
:101960009808B0F8B604801CDFF88C18A1F8B6040B
:1019700000208346584680B210280BDADFF864094D
:10198000594689B2084490F822003070761C1BF149
:10199000010BEFE7DFF86008B0F8B6041030DFF8AD
:1019A0005818A1F8B60419F110091AF1100A28E61E
:1019B0000422DFF8B41DDFF8B40D01F07DFC040053
:1019C0002000C0B2002804D119F104091AF1040A58
:1019D00017E6484680B2000A3070701C80F800900C
:1019E000461CDFF81408B0F8B604801CDFF80818AD
:1019F000A1F8B60400208346584680B204280BDACA
:101A0000DFF8E008594689B2084490F83200307097
:101A1000761C1BF1010BEFE7DFF8DC07B0F8B6042A
:101A2000001DDFF8D417A1F8B60419F104091AF162
:101A3000040AE6E50222DFF8381DDFF8380D01F070
:101A40003BFC04002000C0B2002804D119F10209B7
:101A50001AF1020AD5E5484680B2000A3070701CBF
:101A600080F80090401CDFF89017B1F8B614891C7C
:101A7000DFF88427A2F8B614DFF86818C98E89B297
:101A8000090A0170401CDFF85C18C98E0170461C01
:101A9000DFF86407B0F8B604801CDFF85C17A1F823
:101AA000B60419F102091AF1020AAAE50122DFF8C7
:101AB000C81CDFF8C80C01F0FFFB04002000C0B216
:101AC000002804D119F101091AF1010A99E54846E3
:101AD00080B2000A3070701C80F80090401CDFF863
:101AE0001817B1F8B614891CDFF80C27A2F8B61441
:101AF000DFF8F01791F838100170461CDFF8F8068F
:101B0000B0F8B604401CDFF8F016A1F8B60419F1DD
:101B100001091AF1010A74E50122DFF8D81DDFF886
:101B2000D80D01F0C9FB04002000C0B2002804D188
:101B300019F101091AF1010A63E5484680B2000A69
:101B40003070701C80F80090401CDFF8AC16B1F8C3
:101B5000B614891CDFF8A026A2F8B614DFF88417A3
:101B600091F839100170461CDFF88C06B0F8B60405
:101B7000401CDFF88416A1F8B60419F101091AF126
:101B8000010A3EE50422DFF8741DDFF8740D01F050
:101B900093FB04002000C0B2002804D119F104090D
:101BA0001AF1040A2DE5484680B2000A3070701C14
:101BB00080F80090461CDFF84006B0F8B604801CA0
:101BC000DFF83416A1F8B60400208346584680B2E8
:101BD00004280BDADFF80C07594689B2084490F85C
:101BE0003A003070761C1BF1010BEFE7DFF80806B6
:101BF000B0F8B604001DDFF80016A1F8B60419F11C
:101C000004091AF1040AFCE40422DFF8F81CDFF8E6
:101C1000F80C01F051FB04002000C0B2002804D1F0
:101C200019F104091AF1040AEBE4484680B2000AEB
:101C30003070701C80F80090461CDFF8BC05B0F8CE
:101C4000B604801CDFF8B015A1F8B6040020834666
:101C5000584680B204280BDADFF88806594689B264
:101C6000084490F83E003070761C1BF1010BEFE742
:101C7000DFF88405B0F8B604001DDFF87C15A1F884
:101C8000B60419F104091AF1040ABAE40422DFF8CF
:101C90007C1CDFF87C0C01F00FFB04002000C0B2BC
:101CA000002804D119F104091AF1040AA9E44846EC
:101CB00080B2000A3070701C80F80090461CDFF87B
:101CC0003805B0F8B604801CDFF82C15A1F8B6046E
:101CD00000208346584680B204280BDADFF8040659
:101CE000594689B2084490F842003070761C1BF1C6
:101CF000010BEFE7DFF80005B0F8B604001DDFF8D0
:101D0000F814A1F8B60419F104091AF1040A78E4E8
:101D10000422DFF8001CDFF8000C01F0CDFA04000B
:101D20002000C0B2002804D119F104091AF1040AF4
:101D300067E4484680B2000A3070701C80F800905A
:101D4000461CDFF8B404B0F8B604801CDFF8A81411
:101D5000A1F8B60400208346584680B204280BDA66
:101D6000DFF88005594689B2084490F84600307083
:101D7000761C1BF1010BEFE7DFF87C04B0F8B6042A
:101D8000001DDFF87414A1F8B60419F104091AF162
:101D9000040A36E40422DFF8841BDFF8840B01F028
:101DA0008BFA04002000C0B2002804D119F1040904
:101DB0001AF1040A25E4484680B2000A3070701C0B
:101DC00080F80090461CDFF83004B0F8B604801CA0
:101DD000DFF82414A1F8B60400208346584680B2E8
:101DE00004280BDADFF8FC04594689B2084490F85D
:101DF0004A003070761C1BF1010BEFE7DFF8F803A7
:101E0000B0F8B604001DDFF8F013A1F8B60419F11C
:101E100004091AF1040AFFF7F4BB0222DFF8041BDD
:101E2000DFF8040B01F048FA04002000C0B20028DB
:101E300005D119F102091AF1020AFFF7E2BB48467F
:101E400080B2000A3070701C80F80090401CDFF8EF
:101E5000A813B1F8B614891CDFF89C23A2F8B614B5
:101E6000DFF88014B1F84E1089B2090A0170401CE5
:101E7000DFF87014B1F84E100170461CDFF87803DB
:101E8000B0F8B604801CDC49A1F8B60419F10209C7
:101E90001AF1020AFFF7B5BB0222DFF8901ADFF849
:101EA000900A01F009FA04002000C0B2002805D110
:101EB00019F102091AF1020AFFF7A3BB484680B2E2
:101EC000000A3070701C80F80090401CCA49B1F8BC
:101ED000B614891CC84AA2F8B614DFF80814B1F881
:101EE000501089B2090A0170401CDFF8F813B1F8EC
:101EF00050100170461CC048B0F8B604801CBE49A2
:101F0000A1F8B60419F102091AF1020AFFF779BB28
:101F10000222DFF8201ADFF8200A01F0CDF90400D0
:101F20002000C0B2002805D119F102091AF1020AF5
:101F3000FFF767BB484680B2000A3070701C80F81B
:101F40000090401CAC49B1F8B614891CAA4AA2F80A
:101F5000B614DFF89013B1F8521089B2090A017073
:101F6000401CDFF88013B1F852100170461CA248E3
:101F7000B0F8B604801CA049A1F8B60419F1020912
:101F80001AF1020AFFF73DBB0222DFF8B019DFF8B1
:101F9000B00901F091F904002000C0B2002805D179
:101FA00019F102091AF1020AFFF72BBB484680B269
:101FB000000A3070701C80F80090401C8E49B1F807
:101FC000B614891C8C4AA2F8B614C649B1F854104C
:101FD00089B2090A0170401CC249B1F8541001705D
:101FE000461C8548B0F8B604801C8349A1F8B604A5
:101FF00019F102091AF1020AFFF703BB0222DFF806
:102000004419DFF8440901F057F904002000C0B278
:10201000002805D119F102091AF1020AFFF7F1BAF5
:10202000484680B2000A3070701C80F80090401C56
:102030007149B1F8B614891C6F4AA2F8B614A949BF
:10204000B1F8561089B2090A0170401CA549B1F8CF
:1020500056100170461C6848B0F8B604801C6649EA
:10206000A1F8B60419F102091AF1020AFFF7C9BA78
:102070000222DFF8D818DFF8D80801F01DF90400B3
:102080002000C0B2002805D119F102091AF1020A94
:10209000FFF7B7BA484680B2000A3070701C80F86B
:1020A0000090401C5449B1F8B614891C524AA2F859
:1020B000B6148C49B1F8581089B2090A0170401C55
:1020C0008849B1F858100170461C4B48B0F8B60466
:1020D000801C4949A1F8B60419F102091AF1020A53
:1020E000FFF78FBA0222DFF86C18DFF86C0801F0F6
:1020F000E3F804002000C0B2002805D119F102095C
:102100001AF1020AFFF77DBA484680B2000A307021
:10211000701C80F80090401C3749B1F8B614891C37
:10212000354AA2F8B6146F49B1F85A1089B2090AB3
:102130000170401C6B49B1F85A100170461C2E48C2
:10214000B0F8B604801C2C49A1F8B60419F10209B4
:102150001AF1020AFFF755BA0222DFF80018DFF879
:10216000000801F0A9F804002000C0B2002805D141
:1021700019F102091AF1020AFFF743BA484680B280
:10218000000A3070701C80F80090401C1A49B1F8A9
:10219000B614891C184AA2F8B6145249B1F85C105A
:1021A00089B2090A0170401C4E49B1F85C100170F7
:1021B000461C1148B0F8B604801C0F49A1F8B604BB
:1021C00019F102091AF1020AFFF71BBA0122DFF81E
:1021D0009417DFF8940701F06FF804002000C0B2F4
:1021E00000280DD119F101091AF1010AFFF709BA06
:1021F0002C780020907800202C0000205C0100202A
:10220000484680B2000A3070701C80F80090401C74
:10221000DFF85817B1F8B614891CDFF85027A2F878
:10222000B614304991F85E100170461CDFF83C0787
:10223000B0F8B604401CDFF83417A1F8B60419F161
:1022400001091AF1010AFFF7DCB90122DFF82017B2
:10225000DFF8200701F030F804002000C0B20028A9
:1022600005D119F101091AF1010AFFF7CAB9484667
:1022700080B2000A3070701C80F80090401CDFF8BB
:10228000EC16B1F8B614891CDFF8E026A2F8B614F3
:10229000144991F85F100170461CDFF8D006B0F8C1
:1022A000B604401CDFF8C416A1F8B60419F1010900
:1022B0001AF1010AFFF7A5B90222DFF8BC16DFF810
:1022C000BC0600F0F9FF04002000C0B200281FD1B6
:1022D00019F102091AF1020AFFF793B95801002017
:1022E000BC79002058790020C27900205E79002056
:1022F000C679002062790020C87900206479002026
:10230000CE7900206A790020DE7900207A790020D9
:10231000484680B2000A3070701C80F80090401C63
:10232000DFF84816B1F8B614891CDFF84026A2F889
:10233000B614DFF84C16B1F8601089B2090A0170C2
:10234000401CDFF83C16B1F860100170461CDFF845
:102350001C06B0F8B604801CDFF81016A1F8B6040D
:1023600019F102091AF1020AFFF74BB962208246FD
:10237000FFF747B9DFF8F405B0F8B60400282ED10E
:10238000DFF8FC0507003570701C00210170401C4F
:10239000DFF8EC1509780170401CDFF8E415497886
:1023A0000170401CDFF8D81589780170401CDFF8F7
:1023B000D015C9780170401CDFF8C4150979017087
:1023C000401CDFF8BC1549790170461CDFF89C05FC
:1023D000B0F8B6040830DFF89415A1F8B604DFF8B9
:1023E0008C05B0F8B60480B2000ADFF8801581F8D9
:1023F0002E01DFF87805B0F8B604DFF8701581F823
:102400002F01DFF86805B0F8B604001DDFF85C1591
:10241000A1F8B604DFF85405B0F8B614DFF8940C50
:1024200000F0E0FEADF80000BDF8000080B2000A48
:102430003070701CBDF800100170401CDFF82C15C6
:10244000B1F8B614891CDFF82425A2F8B6144EE2C0
:102450002900C9B21129C0F2C9802900C9B21D29B9
:1024600080F2C480DFF8502C2B00DBB2A6214B4356
:1024700002EB0301A1F606310F00DFF8402C2B0020
:10248000DBB2A6214B4302EB0301A1F606318846DD
:10249000A621ADF802106521DFF8D02482F82C11B6
:1024A0001521DFF8C82482F82D11DFF8146C002103
:1024B000DFF8B824A2F8B61400218B465846BDF8C0
:1024C000021080B2884231D25046C0B2BDF802102C
:1024D00080B288422AD23888B8F80010884218D0D2
:1024E000484680B2000A3070701C80F80090401C92
:1024F000398889B2090A0170401C39880170461C6C
:10250000DFF86804B0F8B604001DDFF86014A1F825
:10251000B6043888A8F80000BF1C18F1020819F1A9
:1025200002091AF1020A1BF1020BC7E7DFF83C04AB
:10253000B0F8B604002820D1DFF87C1B2A00D2B204
:10254000A620424301EB0200A0F6063007003570DA
:10255000701C00210170401C398889B2090A017081
:10256000401C39880170461CDFF80004B0F8B6043E
:10257000001DDFF8F813A1F8B604DFF8F003B0F897
:10258000B60480B2000ADFF8E41381F82E01DFF808
:10259000DC03B0F8B604DFF8D41381F82F01DFF8BC
:1025A000CC03B0F8B604001DDFF8C013A1F8B604E0
:1025B000DFF8B803B0F8B614DFF8F80A00F012FE3E
:1025C000ADF80000BDF8000080B2000A3070701C49
:1025D000BDF800100170401CDFF89013B1F8B6147C
:1025E000891CDFF88823A2F8B61480E12900C9B25B
:1025F000E029C0F2C5802900C9B2F02980F2C0806C
:10260000DFF8942B2B00DBB206214B4302EB0301D6
:10261000B1F5A8610F00DFF8842B2B00DBB2062197
:102620004B4302EB0301B1F5A86188460621ADF8E2
:1026300002106521CD4A82F82C111521CB4A82F86F
:102640002D11DFF87C6A0021C84AA2F8B6140021D7
:102650008B465846BDF8021080B288422FD25046B1
:10266000C0B2BDF8021080B2884228D23888B8F8CB
:102670000010884216D0484680B2000A3070701CA4
:1026800080F80090401C398889B2090A0170401C0A
:1026900039880170461CB548B0F8B604001DB3492E
:1026A000A1F8B6043888A8F80000BF1C18F1020889
:1026B00019F102091AF1020A1BF1020BC9E7AB4832
:1026C000B0F8B60400281ED1DFF8CC1A2A00D2B226
:1026D0000620424301EB0200B0F5A8600700357008
:1026E000701C00210170401C398889B2090A0170F0
:1026F000401C39880170461C9C48B0F8B604001D87
:102700009A49A1F8B6049948B0F8B60480B2000A14
:10271000964981F82E019548B0F8B604934981F89E
:102720002F019248B0F8B604001D9049A1F8B604F4
:102730008E48B0F8B614DFF87C0900F053FDADF810
:102740000000BDF8000080B2000A3070701CBDF8B7
:1027500000100170401C8549B1F8B614891C834AE9
:10276000A2F8B614C3E000BFEE7900208A790020F9
:10277000F27900208E790020F479002090790020F1
:102780002900C9B2F029C0F2B280DFF8142A2B0068
:10279000DBB222214B4302EB0301B1F5FF510F00E5
:1027A000DFF8002A2B00DBB222214B4302EB0301AE
:1027B000B1F5FF5188462221ADF8021065216B4A20
:1027C00082F82C111521694A82F82D11DFF8F06882
:1027D0000021664AA2F8B61400218B465846BDF87F
:1027E000021080B288422FD25046C0B2BDF802100B
:1027F00080B2884228D23888B8F80010884216D0B3
:10280000484680B2000A3070701C80F80090401C6E
:10281000398889B2090A0170401C39880170461C48
:102820005248B0F8B604001D5049A1F8B6043888E3
:10283000A8F80000BF1C18F1020819F102091AF1EA
:10284000020A1BF1020BC9E74848B0F8B604002899
:102850001ED1DFF84C192A00D2B22220424301EBEC
:102860000200B0F5FF5007003570701C00210170A8
:10287000401C398889B2090A0170401C39880170EE
:10288000461C3A48B0F8B604001D3849A1F8B60411
:102890003648B0F8B60480B2000A344981F82E01F7
:1028A0003248B0F8B604314981F82F012F48B0F80A
:1028B000B604001D2D49A1F8B6042C48B0F8B61492
:1028C000DFF8F00700F08EFCADF80000BDF8000066
:1028D00080B2000A3070701CBDF800100170401CFE
:1028E0002249B1F8B614891C204AA2F8B614BDE8F2
:1028F000F78F00BFF579002091790020F67900204C
:1029000092790020FA79002096790020FE79002043
:102910009A790020027A00209E790020067A002011
:10292000A27900200A7A0020A67900200C7A0020E3
:10293000A87900200E7A0020AA790020107A0020C1
:10294000AC790020127A0020AE790020147A0020A1
:10295000B0790020167A0020B2790020187A002081
:10296000B47900201A7A0020B67900202C000020CB
:102970001B7A0020B77900201C7A0020B87900204B
:10298000587900202DE9F84F84B00400002594F810
:1029900002B05FEA0B2BE07850EA0B0BA0788DF8C1
:1029A000000094F803809DF80000002840F08A8021
:1029B0002179090260790143ADF80610BDF80600DF
:1029C000022190FBF1F0ADF80C00DFF8DC07642188
:1029D000ADF808104146C9B2022291FBF2F100EBBA
:1029E0004100070006200600002082465046BDF840
:1029F0000C1080B288425DD24046C0B2BDF80810CB
:102A000080B2884256D2300080B2205CADF802001D
:102A1000761CBDF802000002ADF80200BDF80210FD
:102A2000300080B2205C0143ADF80210761C4046B5
:102A3000C0B25C2802DB0120050032E04046C0B293
:102A40005A280FD1BDF80200642804D100F04AFCD6
:102A500000F013FF25E0BDF80200652821D100F049
:102A60000CFF1EE04046C0B25A281ADA4046C0B2F7
:102A700042280FD10020DFF83017A1F846000020CF
:102A8000DFF82417A1F848000422DFF820174620B9
:102A900000F04DFF02220DF102014046C0B200F0ED
:102AA00046FFBDF802003880BF1C18F102081AF179
:102AB000010A9BE72800C0B2002800F0DB8201F089
:102AC00052FAD7E29DF80000012840F038822179BF
:102AD000090260790143ADF80610BDF8060050FA0E
:102AE00088F0ADF80A00A01D81464046C0B2BDF88E
:102AF0000A1080B2884280F01B824046C0B2002893
:102B000048D006285BD00A286FD00C2879D012282C
:102B100000F08D80222800F0A980322800F0BD80CE
:102B2000362800F0D180382800F0DA80392800F00B
:102B3000E2803A2800F0EA803E2800F0FE80422839
:102B400000F01281462800F026814A2800F03A81E0
:102B50004E2800F05881502800F06281522800F081
:102B60006C81542800F07681562800F08081582826
:102B700000F097815A2800F0A0815C2800F0A9811C
:102B80005E2800F0B2815F2800F0B981602800F073
:102B9000C081CAE100208246504680B206280BDA86
:102BA00099F80000DFF80816524692B2885419F1DD
:102BB00001091AF1010AEFE718F1060895E700206C
:102BC0008246504680B204280CDA99F80000DFF8FB
:102BD000E015524692B21144887119F101091AF1B7
:102BE000010AEEE718F104087FE70221484600F0E9
:102BF00035FBDFF8BC15488119F1020918F102080C
:102C000073E700208246504680B206280CDA99F815
:102C10000000DFF89C15524692B21144087319F176
:102C200001091AF1010AEEE718F106085DE7002034
:102C30008246504680B2102815DA99F80000DFF875
:102C40007015524692B21144887419F10100DFF8F0
:102C50006015524692B21144897C017010F101094D
:102C60001AF1010AE5E718F110083EE70020824654
:102C7000504680B210280DDA99F80000DFF83015C0
:102C8000524692B2114481F8220019F101091AF159
:102C9000010AEDE718F1100827E7002082465046A8
:102CA00080B204280DDA99F80000DFF804155246C6
:102CB00092B2114481F8320019F101091AF1010AA6
:102CC000EDE718F1040810E70221484600F0C6FAC3
:102CD000DFF8DC14C88619F1020918F1020804E7CC
:102CE00099F80000DFF8C81481F8380019F10109DB
:102CF00018F10108F9E699F80000DFF8B41481F83A
:102D0000390019F1010918F10108EEE600208246A8
:102D1000504680B204280DDA99F80000DFF89014CC
:102D2000524692B2114481F83A0019F101091AF1A0
:102D3000010AEDE718F10408D7E600208246504664
:102D400080B204280DDA99F80000DFF864145246C6
:102D500092B2114481F83E0019F101091AF1010AF9
:102D6000EDE718F10408C0E600208246504680B224
:102D700004280DDA99F80000DFF83414524692B2B4
:102D8000114481F8420019F101091AF1010AEDE735
:102D900018F10408A9E600208246504680B20428B3
:102DA0000DDA99F80000DFF80814524692B2114487
:102DB00081F8460019F101091AF1010AEDE718F14D
:102DC000040892E600208246504680B2042817DAB2
:102DD00099F80000DFF8D813524692B2114481F8F6
:102DE0004A0019F10100DFF8C813524692B21144AB
:102DF00091F84A10017010F101091AF1010AE3E794
:102E000018F1040871E60221484600F027FADFF8BD
:102E1000A013A1F84E0019F1020918F1020864E6A6
:102E20000221484600F01AFADFF88413A1F8500096
:102E300019F1020918F1020857E60221484600F08C
:102E40000DFADFF86C13A1F8520019F1020918F11C
:102E500002084AE60221484600F000FADFF8501363
:102E6000A1F8540019F1020918F102083DE6022107
:102E7000484600F0F3F9DFF83813A1F8560019F1CD
:102E8000020918F10208DFF82803B0F85600DFF84D
:102E90001813A1F84E006422C349002000F047FD3A
:102EA00023E60221484600F0D9F9C149A1F85800AB
:102EB00019F1020918F1020817E60221484600F04C
:102EC000CDF9BB49A1F85A0019F1020918F102081D
:102ED0000BE60221484600F0C1F9B549A1F85C00B3
:102EE00019F1020918F10208FFE599F80000B0494C
:102EF00081F85E0019F1010918F10108F5E599F86A
:102F00000000AB4981F85F0019F1010918F10108CF
:102F1000EBE50221484600F0A1F9A549A1F86000BF
:102F200019F102091BF1020BDFE562208046DCE5A6
:102F300062229F494FF4807000F0F9FC9AE09DF8FE
:102F4000000011284DDB9DF80000192849DA994846
:102F50000078002840F08E80002082465046964936
:102F6000B1F8BA1480B288420ED29348514689B261
:102F7000084490F884039049524692B2114481F873
:102F8000A20F1AF1010AE9E79DF8000010388A49FA
:102F900081F8A20F8848B0F8BA0488490880012057
:102FA0008449087003208649087084480088811E7F
:102FB00089B2844800F016F9ADF80400BDF80400A9
:102FC00080B2000A7C497D4A1288114481F8A00F22
:102FD000BDF804007849794A1288114481F8A10F9C
:102FE00048E079480078002844D1002082465046C5
:102FF0007149B1F8BA1480B288420FD26E48514676
:1030000089B2084490F884036B49524692B2114445
:1030100041F2744288541AF1010AE8E79DF8000071
:103020006A4908706448B0F8BA0469490880012008
:103030006549087003206749087065480088811E4B
:1030400089B2624800F0CEF8ADF80400BDF8040083
:1030500080B2000A58495E4A1288114441F2724215
:103060008854BDF804005449594A1288114441F269
:103070007342885405B0BDE8F08F80B54E48B0F873
:10308000B204022815DA4C48B0F8B204012810D175
:1030900000204949A1F8B20401224FF480714E4842
:1030A00002F013FB4448B0F8B62402494B4802F042
:1030B0006EFB01BD5801002060300020C03A0020A6
:1030C0005C01002038B53C4890F8C404012861D167
:1030D0000020394981F8C4043748B0F8BA04811E89
:1030E00089B23F4800F07EF8040033483249B1F815
:1030F000BA14084490F8821309022F482E4AB2F8F5
:10310000BA24104490F8830301430D0020002900E5
:1031100080B289B288423DD140F6B8302649A1F844
:10312000BC04254890F88503132807D12C48FDF7E7
:10313000B7FA05202049A1F8B20427E01E4890F80C
:103140008503152807D12648FEF776F905201A4988
:10315000A1F8B2041AE0184890F88503202815D188
:103160001F48FFF70FFC0020134981F88703002058
:10317000114981F8880300200F4981F88903184814
:10318000FEF75AF905200C49A1F8B20400200A49BB
:10319000A1F8B00431BD0000847A0020E47A002058
:1031A000546C0020746E00202C780020727800206F
:1031B00058790020681300202C00002058130020AC
:1031C00069130020CE0F00203A180020A014002020
:1031D0002A1800203B18002000000240DC7D00205F
:1031E000B003002070B403004FF6FF700A0092B2E3
:1031F000002A03D180B2C04380B22DE00022140027
:103200001A7815005B1C220092B2082A17DA020015
:1032100092B212F001022E00B6B216F0010696EA42
:10322000020F06D080B202004AF2010090EA52007A
:1032300001E080B24008641CADB26D08E3E7491EAE
:103240000A0092B2002AD9D10600320092B2120AC4
:1032500052EA0022100080B270BC704710B4020025
:103260000B00DBB2022B07D11478531C24021A780E
:10327000144320005A1C12E00B00DBB2042B0ED1C9
:103280001478531C24021A7814435B1C24021A7805
:1032900014435B1C24021A78144320005A1C10BCEF
:1032A000704713005A1EDBB2002B04D003780B705A
:1032B000401C491CF5E7704730B40400002013009F
:1032C0005A1EDBB2002B0AD023780D78AB4201D016
:1032D0000123180023780B70641C491CEFE7C0B26F
:1032E00030BC70471CB502226946FE2000F0F6FA99
:1032F000BDF8000041F25E3188420FD16422DFF850
:103300000C14002000F0EAFADFF8000440890028DD
:1033100003D10320DFF8F413488193E064220021F5
:10332000DFF8E80302F03EFD41F25E30ADF8000048
:1033300002226946FE2000F0FAFA0320DFF8CC13DF
:10334000A1F84E0040F20110DFF8C013A1F84C00C4
:103350005020DFF8B813C8824620DFF8B013088386
:103360000320DFF8A81348833220DFF8A0138883F6
:103370000320DFF8981348810520DFF89013888137
:103380000120DFF8881348840020DFF88013888448
:103390000220DFF87813C8840020010089B20929CF
:1033A00009DA411CDFF8642303009BB202EB4302FD
:1033B0001185401CF1E70024200080B204280ADABD
:1033C00014F10900DFF84413220092B201EB42012C
:1033D000C881641CF0E70020CC4948870A20CB490B
:1033E00088870020C949C8870520C849A1F840003E
:1033F0004820C649A1F842000020C449A1F846006F
:103400000020C249A1F848004FF4E260BF49A1F88A
:103410004A000020BD49A1F850000020BB49A1F896
:1034200052000020B949A1F854000120B749A1F881
:1034300056000020B549A1F85A006422B349002083
:1034400000F075FA13BD80B5022269464FF4F070A2
:1034500000F044FABDF8000041F25D3188421CD111
:103460006222AB494FF4807000F038FA0120A8497D
:1034700081F85F001520A64981F85E0040F2863091
:10348000A349A1F858001620A149A1F85A0040F21A
:103490009F309F49A1F85C00BAE0622200219C485D
:1034A00002F080FC41F25D30ADF800000222694676
:1034B0004FF4F07000F03BFA752095498871342084
:1034C0009349C8715B2092490872D3209049487291
:1034D00041F661608E49488170208D490870C7208F
:1034E0008B4948706F208A49887084208849C87049
:1034F0000020874908710220854948717520844958
:1035000081F832003420824981F833005B20804901
:1035100081F83400D3207E4981F8350041F661609E
:103520007B49C88670207A490873C7207849487358
:103530006F207749887384207549C87300207449C7
:103540000874022072494874C020714981F83A0019
:10355000A8206F4981F83B0000206D4981F83C00AC
:103560000A206B4981F83D00FF20694981F83E003F
:10357000FF20674981F83F00FE20654981F840003F
:103580000020634981F84100C020614981F8420070
:10359000A8205F4981F8430000205D4981F844007C
:1035A00001205B4981F845000120594981F8380024
:1035B0000120574981F8390001205549A1F84E00F2
:1035C00001205349A1F8500001205149A1F85400AD
:1035D00003204F49A1F8560001204D4981F85F00B2
:1035E00015204B4981F85E0040F286304849A1F829
:1035F000580016204649A1F85A0040F29F3044492D
:10360000A1F85C00622242494FF4807000F08FF90B
:1036100001BD80B50222694640F2FE6000F05EF90D
:10362000BDF8000041F25D31884207D14FF41072BD
:1036300038494FF4806000F051F92CE04FF41072DB
:103640000021344802F0AEFB0B223349314802F02E
:10365000B3FB0B223149324802F0AEFB01202D4969
:10366000A1F8300204202B49A1F832020120294997
:10367000A1F834024FF4107226494FF4806000F034
:1036800056F941F25D30ADF800000222694640F281
:10369000FE6000F04CF901BD80B5242200212148D4
:1036A00002F080FB702200211F4802F07BFB43F2F6
:1036B000340200211D4802F075FB642200211348EA
:1036C00002F070FB62220021114802F06BFB4FF404
:1036D00026620021164802F065FB4FF408720021B3
:1036E000144802F05FFB60220021134802F05AFBED
:1036F000FFF7F8FDFFF7A7FEFFF78BFF4FF4A0726F
:1037000000210E4802F04EFB01BD00002C78002085
:1037100058790020606300207809030884090308B1
:10372000B0630020947F0020BC7700202C00002094
:1037300060300020546C0020847A00205064002007
:1037400010F007035A490A684FF6FF010A4052EA8F
:10375000032258490A4356490A6070475448006892
:10376000C0F302207047012210F01F018A40524925
:1037700003005BB25B0941F82320704710B40200DC
:1037800052B2002A09D50A014C4B040064B214F06D
:103790000F04234403F8042C04E00A01484B0400FE
:1037A00064B21A5510BC704770B4030013F00704DC
:1037B000D4F10700052801D3042001E0D4F107006B
:1037C000251D072D01D2002500E0E51E012616FA71
:1037D00000F0401E0140A940012010FA05F56D1EC1
:1037E0002A401143080070BC7047BFF34F8F304828
:1037F000016811F4E061334801432D480160BFF3D3
:103800004F8F00BFFDE710B50400601EB0F1807F50
:1038100001D301200EE0601E2B4908600F215FF0EC
:10382000FF30FFF7ABFF0020284908600720284938
:103830000860002010BD10B504002000FFF780FFD5
:1038400010BD2DE9F04104000D0016000027FFF720
:1038500085FF8046320029004046FFF7A5FF0100A2
:10386000200040B2FFF78AFFBDE8F08110B50400E8
:10387000200040B2FFF777FF10BD80B5FFF7B5FF1E
:1038800001BD10B504002000FFF7BDFF10BD0428E6
:1038900006D10F49096851F004010D4A116005E095
:1038A0000B49096831F00401094A116070470000B2
:1038B0000CED00E00000FA0500E100E018ED00E08A
:1038C00000E400E00400FA0514E000E018E000E085
:1038D00010E000E080B500F07CF801BD7CB506008A
:1038E0000C001500002201212F4801F0EEFE0320FC
:1038F0008DF80000300080B2000A8DF80100300021
:103900008DF802004FF47A7303226946274802F0CB
:10391000A0FA4FF47A732A0092B22100234802F0F1
:1039200070FB01220121204801F0CFFE73BD7CB560
:1039300004000D001600002201211B4801F0C5FE05
:1039400006208DF800004FF47A730122694617486B
:1039500002F07FFA01220121134801F0B6FE002295
:103960000121114801F0B1FE02208DF80000200075
:1039700080B2000A8DF8010020008DF802004FF49B
:103980007A7303226946094802F063FA4FF47A73A6
:10399000320092B22900054802F05BFA01220121AF
:1039A000014801F092FE73BD00040240047C002037
:1039B000BFF34F8FDFF8EC0A016811F4E061DFF824
:1039C000E80A0143DFF8DC0A0160BFF34F8F00BF54
:1039D000FDE710B5DFF8D40A90F82100012800F0C7
:1039E0006D820120DFF8C41A81F82100DFF8BC0ADB
:1039F0000089002806D0DFF8B40A0089401EDFF8ED
:103A0000AC1A0881DFF8A40A4089002806D0DFF844
:103A10009C0A4089401EDFF8941A4881DFF88C0A1E
:103A20008089002806D0DFF8840A8089401EDFF8EC
:103A30007C1A8881DFF8740AC089002806D0DFF874
:103A40006C0AC089401EDFF8641AC881DFF85C0A7E
:103A5000008A002806D0DFF8540A008A401EDFF8EA
:103A60004C1A0882DFF8440A408A002806D0DFF8A2
:103A70003C0A408A401EDFF8341A4882DFF82C0ADC
:103A80000089002808D14EF66020DFF8201A08814E
:103A90000120DFF8181A8875DFF8100A408900281D
:103AA00008D14FF47A70DFF8041A48810120DFF85A
:103AB000FC19C875DFF8F4098089002808D14FF493
:103AC000FA70DFF8E81988810120DFF8E01908763C
:103AD000DFF8D809C089002807D16420DFF8CC19A5
:103AE000C8810120DFF8C4194876DFF8C009008AD0
:103AF000002807D13220DFF8B41908820120DFF84E
:103B0000AC198876DFF8A409408A002807D10A207A
:103B1000DFF8981948820120DFF89019C876012053
:103B2000DFF888190877DFF884094068022806D38F
:103B3000DFF878094068401EDFF870194860DFF848
:103B40007809B0F84A00C00527D5DFF86C0990F86D
:103B50005000C00721D5DFF86009B0F90010DFF888
:103B60005809808BDFF85029528912180A204243E5
:103B700091421BDADFF84009B0F85400022815DA48
:103B8000DFF83809806E002810D0DFF83009806E29
:103B9000401EDFF82819886608E0DFF81C098189D3
:103BA0004EF660204143DFF8140981660020DFF8FB
:103BB000FC1881F82100DFF8F4080068401CDFF8E9
:103BC000EC1808600024200080B20A2880F292805D
:103BD000DFF8EC18220092B240F2D240424301EBEF
:103BE0000200B0F8B004002816D0DFF8D418220084
:103BF00092B240F2D240424301EB0200B0F8B0046E
:103C0000411EDFF8BC2823009BB240F2D240434360
:103C100002EB0300A0F8B014DFF8A418220092B25F
:103C200040F2D240424301EB0200B0F8BC0400284D
:103C300016D0DFF88C18220092B240F2D2404243F4
:103C400001EB0200B0F8BC04411EDFF87428230029
:103C50009BB240F2D240434302EB0300A0F8BC14F5
:103C6000DFF85C18220092B240F2D240424301EBEE
:103C70000200B0F8B204022816DBDFF84418220074
:103C800092B240F2D240424301EB0200B0F8B204DB
:103C9000411EDFF82C2823009BB240F2D240434360
:103CA00002EB0300A0F8B214DFF81418220092B25D
:103CB00040F2D240424301EB0200B0F8C2040228B5
:103CC00016DBDFF8FC17220092B240F2D2404243EA
:103CD00001EB0200B0F8C204411EDFF8E427230024
:103CE0009BB240F2D240434302EB0300A0F8C2145F
:103CF000641C68E7DFF8C807B0F8BC04002817D0D8
:103D0000DFF8A80700686421B0FBF1F201FB1200A4
:103D1000332806D300224021DFF8A80701F0D5FCA4
:103D20001EE001224021DFF89C0701F0CEFC17E0E5
:103D3000DFF8780700684FF4FA71B0FBF1F201FB8D
:103D40001200FB2806D300224021DFF8780701F09B
:103D5000BCFC05E001224021DFF8680701F0B5FC5A
:103D6000DFF85C07B0F8600E002817D0DFF83C07DA
:103D700000686421B0FBF1F201FB1200332806D386
:103D800000221021DFF8400701F09FFC22E0012211
:103D90001021DFF8340701F098FC1BE0DFF8200762
:103DA00090F86D0E00280FD0DFF8140790F86D0E14
:103DB000401EDFF80C1781F86D0E00221021DFF88D
:103DC000080701F082FC05E001221021DFF8F80667
:103DD00001F07BFCDFF8F4060088002819D0DFF83A
:103DE000CC0600686421B0FBF1F201FB120033281D
:103DF00007D300224FF48061DFF8D40601F065FCA0
:103E000022E001224FF48061DFF8C40601F05DFC7E
:103E10001AE0DFF8C006007800280ED0DFF8B406FC
:103E20000078401EDFF8AC16087000224FF4806165
:103E3000DFF89C0601F049FC06E001224FF48061A6
:103E4000DFF88C0601F041FCDFF88C0600880028C2
:103E500019D0DFF8580600686421B0FBF1F201FBCD
:103E60001200332807D300224FF40071DFF86006F8
:103E700001F02BFC22E001224FF40071DFF8500624
:103E800001F023FC1AE0DFF85406007800280ED079
:103E9000DFF848060078401EDFF840160870002260
:103EA0004FF40071DFF8280601F00FFC06E0012254
:103EB0004FF40071DFF8180601F007FC10BD10B5D3
:103EC00004002068DFF81816884206D100224FF45B
:103ED0008071DFF8F00501F0F8FB2068DFF80416C8
:103EE000884205D100220821DFF8DC0501F0EDFB56
:103EF0002068DFF8F41588420DD100228021DFF818
:103F0000C80501F0E2FBDFF8E405007810F0FE00E0
:103F1000DFF8D81508702068DFF8D415884206D17C
:103F200000224FF48071DFF8A80501F0CEFB206875
:103F3000DFF8C015884205D100220821DFF884058A
:103F400001F0C3FB10BD80B50022DFF8AC15DFF82F
:103F5000AC0502F032FC0022DFF8A415DFF89C0566
:103F600002F079FB01BD80B5DFF84C05B0F85C00CC
:103F700080B2000ADFF88015C870DFF83C05B0F8A1
:103F80005C00DFF874150870DFF82C05B0F85E00EF
:103F900080B2000ADFF860154870DFF81C05B0F841
:103FA0005E00DFF854158870DFF80C05B0F860008B
:103FB00080B2000ADFF848150870DFF8FC04B0F89A
:103FC0006000DFF83C154870DFF8EC04B0F86200E0
:103FD000DFF82C1588700022DFF81C15DFF81C05AF
:103FE00002F06DFB0022DFF81815DFF8100502F073
:103FF000A5FA01BDDFF8C004C08F002819D002283F
:104000002DD025D3042838D030D3062844D03BD334
:10401000082851D048D30A285ED055D30C286BD03D
:1040200062D30E2878D06FD3102800F085807BD320
:104030008AE0DFF8D014DFF88004028DA620424326
:1040400001EB020030F8A60CDFF86C14088081E068
:10405000DFF8B4040088DFF8601408807AE0DFF845
:10406000A8044088DFF85014088073E0DFF8980453
:10407000408CDFF8441408806CE0DFF88C04808CFE
:10408000DFF83414088065E0DFF87C04B0F8440001
:10409000DFF8241408805DE0DFF86C04B0F8460017
:1040A000DFF81414088055E0DFF85C04B0F866000F
:1040B000DFF8041408804DE0DFF84C04B0F8680025
:1040C000DFF8F413088045E0DFF83C04B0F888001E
:1040D000DFF8E41308803DE0DFF82C04B0F88A0034
:1040E000DFF8D413088035E0DFF81C04B0F8AA002C
:1040F000DFF8C41308802DE0DFF80C04B0F8AC0042
:10410000DFF8B413088025E0DFF8FC03B0F8CC003A
:10411000DFF8A41308801DE0DFF8EC03B0F8CE0050
:10412000DFF89413088015E0DFF8DC03B0F8EE0048
:10413000DFF8841308800DE0DFF8CC03B0F8F0005E
:10414000DFF87413088005E0DFF8B8030088DFF8B3
:1041500068130880704780B5DFF85C03B0F9000091
:1041600047F6FF71884200F09480DFF84C03B0F905
:1041700000004FF6FF71884200F08B80DFF83803B3
:10418000B0F84A00C00540F18080DFF82C0390F8B9
:104190005000C00779D5DFF82003B0F8540000289C
:1041A00008D0022829D013D3042853D048D3052897
:1041B00061D06EE00120C049A1F85400BE48B0F8BB
:1041C00052104FF6FE700140BB48A0F8521060E05C
:1041D000B948B0F90010B848808BB74A5289121814
:1041E0000A204243914207DBB448806E002803D185
:1041F0000220B149A1F854004BE0AF48B0F90010DB
:10420000AD48828B0A204243914218DAAA48B0F89E
:10421000520050F00100A849A1F85200A648B0F899
:104220004A00800507D5A448B0F8520050F00200BB
:10423000A149A1F8520003209F49A1F8540028E0A9
:104240009D4890F85200800703D404209A49A1F8B1
:1042500054001EE09848B0F900109748808B964AA9
:10426000528912180A204243914203DB05209249E9
:10427000A1F854000DE0904890F85200C00703D414
:1042800002208D49A1F8540003E000208A49A1F8DA
:104290005400894890F84A00C00631D48648B0F8E6
:1042A0004800002809D000208349A1F848000222D4
:1042B000DFF8FC1B4820FFF73AFB7F48B0F84600C8
:1042C000002809D000207C49A1F846000222DFF82E
:1042D000E41B4620FFF72BFB774890F8520040077D
:1042E0000ED57548B0F852104FF6FB700140724879
:1042F000A0F852100222DFF8AC1D5220FFF717FB86
:1043000001BDDFF8FC0D007A01283AD00120DFF86A
:10431000F01D0872DFF8D80B0068C04310F470403D
:10432000DFF8DC1DC880DFF8D81DC988DFF8D02D84
:104330009288914217D1DFF8C81D0988322916DA10
:10434000DFF8BC1D0988491CDFF8B42D1180DFF8A7
:10435000B01D098832290AD1DFF8A41DC988DFF809
:10436000A02D518003E00021DFF8942D1180DFF8AB
:10437000901DC988DFF8882D91800021DFF8802DFD
:1043800011727047F8B5040000262100DFF8BC0B5D
:1043900003F0DCFC07003800C0B2002838D1DFF899
:1043A000B01BDFF8A80B03F046FD07003800C0B2D1
:1043B000002804D1DFF8980B807D002804D1DFF8B5
:1043C0008C0B03F01DFD23E0DFF8880D0500DFF8FE
:1043D000800B007AC006E2D4032235A1DFF8F80B87
:1043E00003F05EFD002807D0032232A1DFF8E80BBE
:1043F00003F056FD0028D2D10622DFF8401CDFF87A
:10440000540D03F04DFD0028C9D1FFF7D1FAC6E7DE
:104410003800C0B2F2BD70B588B0DFF8240C007867
:104420000A2838D1DFF8180C90F81E03012832D181
:10443000DFF8780D808A4FF6FF71884206D0DFF8EA
:104440006C0D808A401CDFF8641D8882DFF85C0DEB
:10445000808AB0F57A7F22D1002003F046FD002249
:10446000DFF8441CDFF8440C03F029FC202400256D
:104470006E462A002100300003F090FD30208DF8B8
:1044800000003A208DF8010000208DF802006846F7
:10449000FFF778FF03E00020DFF8101D888208B0E6
:1044A00070BD00000CED00E00400FA05947F0020D0
:1044B00048455800686578002C780020BC770020BB
:1044C0002C00002000000240000C024030180020A8
:1044D000000802403D1800205E1300206B130020EE
:1044E000001001400044004000480040CA80002005
:1044F000004C004000500040BC800020D87F0020CD
:10450000F87F002060300020546C00202DE9F04F2F
:1045100099B003F077FD24250026DFF8904C320097
:104520002900200003F03AFD00240A2C0BD240F2AF
:10453000D2450026DFF8CC7B32002900380003F09A
:104540002DFD641CF1E770200C9000200B90DFF82B
:10455000605C0B9A0C99280003F020FD0A200A9059
:1045600000200990DFF8985B099A0A99280003F067
:1045700015FD0A20089000200790DFF8DC5B079A01
:104580000899280003F00AFD642006900020059099
:10459000DFF8205C059A0699280003F0FFFC6420F0
:1045A000049000200390DFF8B45B039A049928007C
:1045B00003F0F4FC6420029000200190DFF8F85B27
:1045C000019A0299280003F0E9FC62260027DFF82F
:1045D000EC5B3A003100280003F0E0FC5FF0620879
:1045E0005FF00009DFF8D85B4A464146280003F037
:1045F000D5FC5FF0620A5FF0000BDFF8C85B5A463B
:104600005146280003F0CAFC0025102D0AD2A6242A
:104610000026DFF8B47B32002100380003F0BEFC36
:104620006D1CF2E70024102C0AD2A6250026DFF824
:104630009C7B32002900380003F0B0FC641CF2E7D8
:104640000025102D0AD2A6240026DFF8847B320034
:104650002100380003F0A2FC6D1CF2E70024102CAE
:104660000AD248250026DFF86C7B3200290038008A
:1046700003F094FC641CF2E70025102D0AD24824B4
:104680000026DFF8547B32002100380003F086FC5E
:104690006D1CF2E70024102C0AD248250026DFF812
:1046A0003C7B32002900380003F078FC641CF2E700
:1046B0000025102D0AD206240026DFF8247B3200C4
:1046C0002100380003F06AFC6D1CF2E70024102C76
:1046D0000AD206250026DFF80C7B320029003800BC
:1046E00003F05CFC641CF2E70025102D0AD20624BE
:1046F0000026DFF8F47A32002100380003F04EFC87
:104700006D1CF2E70024102C0AD222250026DFF8C7
:10471000DC7A32002900380003F040FC641CF2E728
:104720000025102D0AD222240026DFF8C47A320098
:104730002100380003F032FC6D1CF2E70024102C3D
:104740000AD222250026DFF8AC7A32002900380090
:1047500003F024FC641CF2E72A2018900020179034
:10476000DFF8945A179A1899280003F017FC2A20AA
:10477000169000201590DFF8845A159A1699280093
:1047800003F00CFC2A20149000201390DFF8585CF2
:10479000139A1499280003F001FC0A2012900020BB
:1047A0001190DFF8485C119A1299280003F0F6FB8B
:1047B0000A20109000200F90DFF8345C0F9A1099B7
:1047C000280003F0EBFB0A200E9000200D90DFF88C
:1047D000245C0D9A0E99280003F0E0FB14200C9045
:1047E00000200B90DFF8105C0B9A0C99280003F066
:1047F000D5FB14200A9000200990DFF8005C099A8C
:104800000A99280003F0CAFB1420089000200790A2
:10481000DFF8EC5B079A0899280003F0BFFB06203D
:10482000069000200590DFF8DC5B059A06992800C9
:1048300003F0B4FB0620049000200390DFF8C85B6F
:10484000039A0499280003F0A9FB06200290002097
:104850000190DFF8B85B019A0299280003F09EFBF3
:104860004FF410750026DFF8A87B320029003800CD
:1048700003F094FB4FF410775FF00008DFF8949B8F
:1048800042463900484603F089FB4FF410795FF047
:10489000000ADFF884BB52464946584603F07EFBC7
:1048A00000F084FA00F0ACFC00F002FC03F0CAFB5C
:1048B00000F02AFC00F054FC00F090FB00F0C2FB7A
:1048C00000F048FB00F016FB00F0F6FA00224FF46F
:1048D0008071DFF8480B00F0F8FE00220821DFF8B5
:1048E000400B00F0F2FE00228021DFF8340B00F0D4
:1048F000ECFE00224FF48071DFF8280B00F0E5FE9B
:1049000000220821DFF8140B00F0DFFEFEF7C4FEE2
:10491000DFF8140B0068C06850F02000DFF8081BB7
:104920000968C860DFF8040B0068C06850F0200018
:10493000DFF8F81A0968C860DFF8F40A0068C06890
:1049400050F02000DFF8E81A0968C860DFF8E40AD0
:104950000068C06850F02000DFF8D81A0968C86005
:10496000DFF8D40A0068C06850F02000DFF8C81AE9
:104970000968C8606420DFF8341848604FF6FF709B
:10498000DFF82C1888804FF49670DFF87817A1F8BC
:10499000560E4FF49670DFF8A41A08804FF4967004
:1049A000DFF89C1A0880FF20DFF8981A08700020B2
:1049B000DFF8001848800020DFF8F817C8830020CF
:1049C000DFF8F017088403F04CFBFEF77BFBFEF7E3
:1049D00054FB03F038FC03F0B0FC04F0F1F804F0F1
:1049E00036FA04F097FD04F0ACFEDFF8C007007F54
:1049F000012807D10020DFF8B4170877FFF781FC02
:104A0000FFF709FDDFF8A407C07E012840F0C4804D
:104A10000020DFF89817C876FFF7ECFAFFF79BFB4A
:104A2000DFF89007B0F84E008DF80200DFF8840739
:104A3000B0F84C008DF80100DFF87807B0F84C00B2
:104A400080B2000A8DF8000000219DF8020081422A
:104A50001BD2DFF85C0700EB4100C088002809D0BA
:104A6000DFF85007408801228A401043DFF84427CE
:104A7000508008E0DFF83C07408801228A409043DC
:104A8000DFF830275080491CDFE700229DF8010045
:104A900082421BD2DFF8180700EB4200C08C0028CE
:104AA00009D0DFF81007C08B012191400843DFF8DF
:104AB0000417C88308E0DFF8FC06C08B0121914091
:104AC0008843DFF8F016C883521CDFE700249DF806
:104AD000000084421CD2DFF8D80600EB4400B0F896
:104AE0004600002809D0DFF8CC06008C0121A14047
:104AF0000843DFF8C016088408E0DFF8B806008C29
:104B00000121A1408843DFF8AC160884641CDEE76D
:104B1000DFF8A00690F82000C00709D447F6FF7020
:104B2000DFF8C816088047F6FF70DFF8C016488027
:104B3000DFF8800690F82000800709D447F6FF7060
:104B4000DFF8A816488447F6FF70DFF8A0168884BF
:104B5000DFF8600690F8200040070BD447F6FF709E
:104B6000DFF88816A1F8440047F6FF70DFF87C16DE
:104B7000A1F84600DFF83C0690F8200000070BD4AF
:104B800047F6FF70DFF86416A1F8660047F6FF707D
:104B9000DFF85816A1F86800DFF81006807E0128BB
:104BA00005D10020DFF804168876FFF7CCF9DFF88E
:104BB000FC05407E012809D10020DFF8F015487679
:104BC0004AF6AA20DFF8801809680860DFF8DC05DB
:104BD000007E012814D10020DFF8D0150876DFF818
:104BE000CC0590F82200002805D10120DFF8BC1583
:104BF00081F8220004E00020DFF8B01581F82200DF
:104C0000DFF8B005B0F84A00000467D5DFF89C056E
:104C1000C07D01287FF4D7AE0020DFF89015C8755D
:104C2000DFF89005B0F8420000283FF4CCAEDFF882
:104C3000840590F84A00C0067FF5C5AEDFF874051C
:104C400090F85000C0077FF5BEAEDFF8680590F819
:104C5000520010F00C0F7FF4B6AEDFF85805B0F834
:104C60004800401CDFF84C15A1F84800DFF8440567
:104C7000B0F848003C282BDB0020DFF83815A1F8FD
:104C80004800DFF83005B0F84600401CDFF8241576
:104C9000A1F84600DFF81C05B0F84600DFF814154F
:104CA000B1F8421088420ED30020DFF80815A1F8B1
:104CB0004600DFF80005B0F8520050F00400DFF8BD
:104CC000F414A1F8520002227A494620FEF72FFE82
:104CD000022277494820FEF72AFE74E6DFF8CC046A
:104CE000807D01287FF46FAE0020DFF8C014887546
:104CF000DFF8C004B0F8420000283FF464AEDFF8EB
:104D0000B40490F84A00C0067FF55DAEDFF8A40455
:104D100090F85000C0077FF556AEDFF8980490F881
:104D2000520010F00C0F7FF44EAEDFF88804B0F89C
:104D30004800401CDFF87C14A1F84800DFF8740438
:104D4000B0F848003C282BDB0020DFF86814A1F8FD
:104D50004800DFF86004B0F84600401CDFF8541447
:104D6000A1F84600DFF84C04B0F84600DFF8441420
:104D7000B1F8421088420ED30020DFF83814A1F8B1
:104D80004600DFF83004B0F8520050F00400DFF8BD
:104D90002414A1F85200022246494620FEF7C7FD1E
:104DA000022243494820FEF7C2FD0CE600B5A9B037
:104DB00000200090DFF89406006850F08050DFF883
:104DC0008C160860DFF88406006810F080500090B0
:104DD000009800200090DFF87806006850F440400A
:104DE000DFF86C160860DFF86806006810F44040D1
:104DF00000900098092006905FF480300790012011
:104E00000B9002200C905FF480000D9019200E9002
:104E1000C0200F90022010900420119002201290C8
:104E200006A804F02BFF002805D04FF46071DFF8CE
:104E3000240600F02BFB0F2001900220029000209E
:104E400003904FF48050049000200590032101A8A6
:104E500005F00EF9002805D040F28E31DFF8F40598
:104E600000F014FB282013904FF400701C900020D9
:104E70001F9013A804F0EEFC002805D040F29631F4
:104E8000DFF8D00500F002FB05F097F94FF47A71D6
:104E9000B0FBF1F0FEF7F5FC0420FEF7F8FC002271
:104EA00000215FF0FF30FEF7CCFC29B000BD000010
:104EB000747800207278002080B5DFF89C05DFF858
:104EC000881508600620DFF88015486040F27120E0
:104ED000DFF874158860DFF8700505F093F9002895
:104EE00005D040F2C531DFF86C0500F0CFFA01BD06
:104EF0001010024080B5DFF86405DFF86415086023
:104F00000020DFF85C1548607F20DFF854158860CA
:104F1000FF20DFF84C15C8600020DFF84415086159
:104F20000020DFF83C1548610020DFF83415886167
:104F3000DFF82C0501F09CFA002805D040F2E131A1
:104F4000DFF8100500F0A2FA01BD0000DC7E0020B1
:104F5000A476002080B5DFF80C05DFF80C1508609A
:104F60004FF48270DFF8001548600020DFF8F81475
:104F700088600020DFF8F014C8600020DFF8E81433
:104F800008610020DFF8E01448614FF40070DFF89A
:104F9000D81488611020DFF8D014C8610020DFF831
:104FA000C81408620020DFF8C01448620020DFF84F
:104FB000B81488620A20DFF8B014C862DFF8A804C9
:104FC00000F000FF002805D04FF47F71DFF8840463
:104FD00000F05CFA01BD0000B676002080B5DFF875
:104FE0008C04DFF8501408604FF41650DFF84414B6
:104FF00048600020DFF83C1488600020DFF834149B
:10500000C8600020DFF82C1408610C20DFF824149D
:1050100048610020DFF81C1488610020DFF81414B8
:10502000C861DFF8100400F077FB002805D040F2DB
:105030000F41DFF8200400F029FA01BD98090308A8
:10504000005D002080B5DFF82804DFF8EC1308606D
:105050004FF41650DFF8E01348600020DFF8D81353
:1050600088600020DFF8D013C8600020DFF8C81384
:1050700008610C20DFF8C01348610020DFF8B81386
:1050800088610020DFF8B013C861DFF8AC0300F0DE
:1050900043FB002805D040F22241DFF8B80300F0BE
:1050A000F5F901BD7E780020B4800020206A002040
:1050B00080B5DFF8C003DFF8701308604FF41640C6
:1050C000DFF8641348600020D74988600020D64983
:1050D000C8600020D44908610C20D34948610020F1
:1050E000D14988610020D049C861CF4800F014FB45
:1050F000002804D040F28141D64800F0C7F901BD34
:10510000608000202C00002080B5DB48C749086083
:105110004FF41650C54948600020C44988600020FB
:10512000C249C8600020C14908610C20BF494861DC
:105130000020BE4988610020BC49C861BB4800F01E
:10514000EBFA002804D040F29441C24800F09EF9E6
:1051500001BD0000BA7600206C800020907800200D
:1051600080B5C648B24908604FF49640B0494860DF
:105170000020AF4988600020AD49C8600020AC49DC
:1051800008610C20AA4948610020A94988610020D3
:10519000A749C861A64800F0BFFA002804D040F231
:1051A000A741AC4800F072F901BD0000947F0020D7
:1051B000BC7700202C780020F4780020587900205B
:1051C000BC790020207A002060300020C03A002006
:1051D00020450020804F00200054002080580020EF
:1051E000847A0020E47A0020447B0020546C002064
:1051F000746E002094700020107F00203C7F0020FF
:1052000080B586B0002005909D48006850F01000E1
:105210009B4908609A48006810F0100005900598B6
:10522000002005909648006850F08000944908607E
:105230009348006810F080000590059800200590C4
:105240008F48006850F001008D4908608C48006864
:1052500010F001000590059800200590884800682E
:1052600050F00400864908608548006810F004008A
:1052700005900598002005908148006850F00200D4
:105280007F4908607E48006810F00200059005988C
:10529000002005907A48006850F0080078490860BE
:1052A0007748006810F008000590059800224FF438
:1052B0004361744800F009FA002248F20811574887
:1052C00000F003FA01224021544800F0FEF90022C8
:1052D00001216D4800F0F9F900224FF48071514826
:1052E00000F0F3F901224FF4C0614E4800F0EDF9EF
:1052F000002288214A4800F0E8F90122102148489C
:1053000000F0E3F94FF44360009001200190002089
:1053100002900020039069465A4800F0CDF848F208
:1053200008100090012001900020029000200390BE
:1053300069463A4800F0C0F84020009011200190E2
:1053400000200290002003906946344800F0B4F831
:105350000120009001200190002002900020039085
:105360006946494800F0A8F84FF4704000900020CA
:105370000190012002906946424800F09DF84FF4E8
:105380008070009001200190002002900020039086
:105390006946244800F090F84FF4C0600090112056
:1053A0000190002002900020039069461D4800F003
:1053B00083F88820009001200190002002900020B6
:1053C00003906946164800F077F8102000901120ED
:1053D000019000200290002003906946104800F0E0
:1053E0006BF807B000BD0000687F002078800020C7
:1053F00084800020908000200C80002020800020ED
:10540000348000209C800020A4800020AC800020FC
:1054100060630020A0650020E067002000000240DB
:10542000000C024000080240DC7D00201C7E0020B1
:105430005C7E00205C7C00209C7C002054130020BB
:1054400026180020391800205480002040380240DF
:105450000070004020080308003000400028004091
:10546000D87F0020003C0040047C0020004C00401D
:10547000005000400010014000440040004800403F
:10548000303802400010024000040240FEE70EE007
:1054900002684368024408305FEAC37C44BF4B445F
:1054A0005B1E52F804CB43F804CB091FF9D150F826
:1054B000041B0029ECD17047F8B400230024002518
:1054C0000026102E80F0FF800122B24013000A68EF
:1054D0001A4014009C4240F0F4804A68022A02D02C
:1054E0004A68122A1ED13200D20800EB8202176AE3
:1054F0005FF00F0C16F00702D2B292001CFA02FC09
:1055000037EA0C07D1F810C016F00702D2B29200A9
:105510001CFA02FC5CEA07073D003200D20800EBEF
:105520008202156207685FF0030C3200D2B25200AB
:105530001CFA02FC37EA0C0791F804C01CF0030CBB
:105540003200D2B252001CFA02FC5CEA0707076084
:105550004A68012A08D04A68022A05D04A68112AF6
:1055600002D04A68122A24D185685FF0030C320009
:10557000D2B252001CFA02FC35EA0C05D1F80CC07C
:105580003200D2B252001CFA02FC5CEA05058560CA
:1055900042685FF0010C1CFA06FC32EA0C02D1F8FA
:1055A00004C0CCF3001C1CFA06FC5CEA02021700E3
:1055B0004760C5685FF0030C3200D2B252001CFA9B
:1055C00002FC35EA0C05D1F808C03200D2B2520014
:1055D0001CFA02FC5CEA0505C5604A68D20070D579
:1055E000002200923F4A126852F480423D4F3A60D6
:1055F0003C4A126812F480420092009A3A4A3700FC
:10560000BF0852F827705FF00F0C16F00302D2B2F9
:1056100092001CFA02FC37EA0C07344A904201D18E
:1056200000251EE0324A904201D1012519E0314A9D
:10563000904201D1022514E02F4A904201D1032566
:105640000FE02E4A904201D104250AE02C4A9042F4
:1056500001D1052505E02B4A904201D1062500E045
:105660000725EDB216F00302D2B2920095402F4307
:105670001D4A3500AD0842F82570234A1268A2433E
:105680004D68ED0300D522431F4D2A601F4D2D6844
:10569000A5434F68BF0300D525431C4A15601C4A2B
:1056A0001268A2434F68FF0200D52243184D2A60BA
:1056B000184D2D68A5434F68BF0200D52543154AF4
:1056C0001560761CFDE6F1BC70471300DBB2002BC1
:1056D00003D00B009BB2836103E00B009BB21B0461
:1056E000836170474438024008380140000002409E
:1056F0000004024000080240000C0240001002407A
:105700000014024000180240003C0140043C0140EB
:10571000083C01400C3C014010B50400002C01D1B4
:10572000012033E0A0690028FFD194F83900002857
:1057300005D1002084F83800200004F010FE242059
:1057400084F839002068C06830F400502168C860CF
:10575000200000F09BF92068006930F49040216837
:1057600008612068406930F02A002168486120689B
:10577000C06850F400502168C8600020E063202019
:1057800084F83900202084F83A00002010BD10B4BD
:10579000030093F83900202823D1002903D01000FA
:1057A00080B2002801D101201CE093F838000128C4
:1057B00001D1022016E0012083F8380019629A8492
:1057C000DA840020D863212083F83900002083F890
:1057D00038001868C06850F080001C68E060002045
:1057E00000E0022010BC70472DE9F8430600306845
:1057F00007683068D0F80C803068D0F8149000202A
:10580000002517F00F04002C08D1B80606D55FEA72
:10581000886003D5300000F0E8F880E0002C6CD000
:105820005FEAC97002D418F4907F66D03800C007D0
:1058300006D55FEAC85003D5F06B50F00100F06365
:10584000780706D54846C00703D5F06B50F0020034
:10585000F063B80706D54846C00703D5F06B50F093
:105860000400F063380706D54846C00703D5F06B3F
:1058700050F00800F063F06B00283DD0B80605D565
:105880005FEA886002D5300000F0AFF83068406908
:10589000800910F001000500F06B000701D4002D15
:1058A00025D0300000F03DF83068406940061AD538
:1058B0003068406930F0400031684861706B002802
:1058C0000DD00FF28100716B0865706B04F04EFF14
:1058D000002811D0706B716B096D88470CE03000A7
:1058E00004F058FF08E0300004F054FF04E03000FA
:1058F00004F050FF0020F06311E0380606D55FEA9F
:10590000086003D5300000F029F808E0780606D5D5
:105910005FEA486003D5300000F057F8FFE7BDE8C4
:10592000F1830168C96831F490710268D16001683F
:1059300049694908490002685161202180F83A10FC
:105940007047000038B50400A56B0020E8850020F2
:10595000E884280004F01EFF31BD0000010091F82A
:10596000390021282FD18868B0F5805F11D1086AED
:1059700002001088C005C00D0B6858600869002837
:1059800003D1086A801C086209E0086A401C0862AA
:1059900005E0086A431C0B6200780B685860C88CED
:1059A000401EC88480B200280BD10868C06830F05F
:1059B00080000B68D8600868C06850F040000B6831
:1059C000D860002000E00220704710B50400206875
:1059D000C06830F040002168C860202084F8390099
:1059E0002000FEF76CFA002010BD38B5040094F8D2
:1059F0003A00222848D1A068B0F5805F16D1A06A8D
:105A000005002069002808D120684068C005C00D45
:105A10002880A06A801CA0621AE02068406800F01C
:105A2000FF002880A06A401CA06211E020690028C5
:105A300006D1A06A411CA16221684968017007E093
:105A4000A06A411CA1622168496811F07F010170C0
:105A5000E08D401EE08580B2002813D12068C06828
:105A600030F490702168C8602068406940084000A8
:105A700021684861202084F83A00200004F08BFE61
:105A8000002002E0002000E0022032BD2DE9F843B2
:105A9000040000212068026932F44052E0680243A9
:105AA000206802612068C368BB480340A0680343C4
:105AB0002069034360690343E06903432068C360CE
:105AC0002068456935F44075A06905432068456143
:105AD000E069B0F5004F40F0B0802068AF498842DF
:105AE00003D02068AE49884253D104F074FB81464C
:105AF00004F071FB804604F06EFB070004F06BFBC2
:105B0000060004F068FB192101FB09F961684900EE
:105B1000B9FBF1F16422B1FBF2F2192101FB08F8A3
:105B200061684900B8FBF1F319214F4361684900EE
:105B3000B7FBF1F16427B1FBF7F77FF0630101FBDD
:105B40000733D90032316423B1FBF3F35B0013F464
:105B5000F87313EB021319214E4361684900B6FB39
:105B6000F1F21921484361684900B0FBF1F064216A
:105B7000B0FBF1F17FF0630000FB0122D000323076
:105B80006421B0FBF1F010F00700C31820688360B7
:105B900000E104F015FB814604F012FB804604F09E
:105BA0000FFB070004F00CFB060004F009FB1921B1
:105BB00001FB09F961684900B9FBF1F16422B1FB0D
:105BC000F2F2192101FB08F861684900B8FBF1F312
:105BD00019214F4361684900B7FBF1F16427B1FB1C
:105BE000F7F77FF0630101FB0733D90032316423FB
:105BF000B1FBF3F35B0013F4F87313EB02131921F9
:105C00004E4361684900B6FBF1F2192148436168CF
:105C10004900B0FBF1F06421B0FBF1F17FF06300CB
:105C200000FB0122D00032306421B0FBF1F010F013
:105C30000700C31820688360ACE020685749884299
:105C400003D020685649884252D104F0C4FA8146F4
:105C500004F0C1FA804604F0BEFA070004F0BBFA73
:105C6000060004F0B8FA192101FB09F961688900FE
:105C7000B9FBF1F16422B1FBF2F2192101FB08F842
:105C800061688900B8FBF1F319214F43616889000D
:105C9000B7FBF1F16427B1FBF7F77FF0630101FB7C
:105CA0000733190132316423B1FBF3F313F0F0032E
:105CB00013EB021319214E4361688900B6FBF1F220
:105CC0001921484361688900B0FBF1F06421B0FB01
:105CD000F1F17FF0630000FB0122100132306421FA
:105CE000B0FBF1F010F00F00C3182068836051E0A2
:105CF00004F066FA814604F063FA804604F060FA24
:105D0000070004F05DFA060004F05AFA192101FBBD
:105D100009F961688900B9FBF1F16422B1FBF2F283
:105D2000192101FB08F861688900B8FBF1F319211A
:105D30004F4361688900B7FBF1F16427B1FBF7F7C6
:105D40007FF0630101FB0733190132316423B1FB9A
:105D5000F3F313F0F00313EB021319214E436168C0
:105D60008900B6FBF1F21921484361688900B0FB54
:105D7000F1F06421B0FBF1F17FF0630000FB012240
:105D8000100132306421B0FBF1F010F00F00C318A5
:105D900020688360BDE8F183F369FFFF00100140D4
:105DA0000014014010B5044610460A46014620463C
:105DB00002F0F4F8204610BD10B5044604F0ECFCE7
:105DC000204610BD10B50400002C01D101203FE099
:105DD000606A00280020A06294F85100002805D1D4
:105DE000002084F85000200004F08FFA022084F88C
:105DF00051002068006830F0400021680860616848
:105E0000A0680143E06801432069014360690143E0
:105E1000A06910F400700143E0690143206A014366
:105E2000A06A014320680160A169090C11F0040116
:105E3000606A0143206841602068C06930F40060F6
:105E40002168C86100206065012084F851000020AD
:105E500010BD2DE9FC4706000D0017001C005FF087
:105E6000000A5FF0000896F85000012801D10220D6
:105E7000C5E0012086F8500004F0E2FC814696F867
:105E80005100012802D002208046B0E0002D03D04E
:105E9000380080B2002802D101208046A7E003200C
:105EA00086F85100002070653563B786F7860020BC
:105EB000B0630020B0870020F087002070640020CD
:105EC0003064B068B0F5004F05D13068006850F418
:105ED00080403168086030680068400605D430684A
:105EE000006850F0400031680860F068B0F5006F5D
:105EF00029D17068002802D0F08E012806D12888A8
:105F00003168C860AD1CF08E401EF086F08E00280F
:105F100043D030688068800707D528883168C8601A
:105F2000AD1CF08E401EF086F0E7002C08D014F176
:105F3000010FEBD004F084FCB0EB0900A042E5D3E4
:105F40000320804653E07068002802D0F08E0128BC
:105F500006D12878316808736D1CF08E401EF086DB
:105F6000F08E002819D030688068800707D528781F
:105F7000316808736D1CF08E401EF086F0E7002C2F
:105F800008D014F1010FEBD004F05AFCB0EB09007B
:105F9000A042E5D30320804629E0CDF800902300FD
:105FA00001220221300000F0FCF9002802D0032079
:105FB00080461CE04A462100300000F043FA0028E9
:105FC00004D0012080462020706510E0B0680028D1
:105FD00008D1002000903068C06800903068806868
:105FE00000900098706D002801D0012080460120AB
:105FF00086F85100002086F850004046C0B2BDE847
:10600000F6872DE9FC4706000D0017001C005FF025
:10601000000A5FF000087068B0F5827F0ED1B068AA
:1060200000280BD1042086F8510000943B009BB25D
:106030002A002900300000F0A1F89DE096F85000F9
:10604000012801D1022097E0012086F8500004F0D9
:10605000F7FB814696F85100012802D002208046C5
:1060600082E0002D03D0380080B2002802D1012048
:10607000804679E0042086F8510000207065B56301
:10608000B787F787002030630020B0860020F086B5
:106090000020306400207064B068B0F5004F05D176
:1060A0003068006830F4804031680860306800680B
:1060B000400605D43068006850F040003168086040
:1060C000F06800281CD1F08F002836D03068806836
:1060D000C00707D53068007B28706D1CF08F401E0C
:1060E000F087F0E7002C08D014F1010FEBD004F09A
:1060F000A7FBB0EB0900A042E5D30320804633E0C4
:10610000F08F002819D030688068C00707D5306844
:10611000C0682880AD1CF08F401EF087F0E7002C8F
:1061200008D014F1010FEBD004F08AFBB0EB0900AA
:10613000A042E5D30320804616E07068B0F5827F68
:106140000DD1B068B0F5004F03D0B068B0F5806FE6
:1061500005D13068006830F0400031680860706D2B
:10616000002801D001208046012086F8510000203F
:1061700086F850004046C0B2BDE8F6872DE9FE4FD4
:1061800007000E0015009846DDF8309000200190C1
:10619000002002900020009001245FF0000A97F890
:1061A0005000012801D10220F9E0012087F85000B9
:1061B00004F046FB834697F85100019078680290FE
:1061C000019801280CD00298B0F5827F05D1B868FB
:1061D000002802D10198042802D002208246D6E08D
:1061E000002E05D0002D03D0404680B2002802D1F9
:1061F00001208246CBE097F85100012802D105200A
:1062000087F8510000207865BD63A7F83E80A7F8A5
:106210003C803E63A7F83680A7F8348000203864BD
:106220000020786438680068400605D43868006843
:1062300050F0400039680860F868B0F5006F40D150
:106240007868002802D0F88E012806D13088396895
:10625000C860B61CF88E401EF886F88E002802D161
:10626000F88F00286ED0002C0FD0F88E00280CD0AC
:1062700038688068800708D530883968C860B61CDF
:10628000F88E401EF88600200400F88F00280CD0FD
:1062900038688068C00708D53868C0682880AD1C99
:1062A000F88F401EF8870120040019F1010FD4D0A7
:1062B00004F0C6FAB0EB0B004845CED3032082466B
:1062C00065E07868002802D0F88E012806D1307881
:1062D00039680873761CF88E401EF886F88E002800
:1062E00002D1F88F00282DD0002C0FD0F88E002876
:1062F0000CD038688068800708D530783968087312
:10630000761CF88E401EF88600200400F88F0028C6
:106310000CD038688068C00708D53868C068287015
:106320006D1CF88F401EF8870120040019F1010F41
:10633000D4D004F085FAB0EB0B004845CED303204F
:10634000824624E0CDF800B04B46012202213800FD
:1063500000F027F8002802D00320824617E05A46B2
:106360004946380000F06EF8002804D0012082462B
:10637000202078650BE0B868002808D10020009044
:106380003868C068009038688068009000980120E4
:1063900087F85100002087F850005046C0B2BDE891
:1063A000FE8F2DE9F04105000E0017001C00DDF8FE
:1063B0001880286880683040B04201D1012000E098
:1063C0000020B8423BD014F1010FF2D0002C05D0D0
:1063D00004F036FAB0EB0800A042EAD3286840681F
:1063E00030F0E000296848606868B0F5827F0DD120
:1063F000A868B0F5004F03D0A868B0F5806F05D14C
:106400002868006830F0400029680860A86AB0F584
:10641000005F0CD1286801684DF6FF7001402868C4
:1064200001602868006850F4005029680860012065
:1064300085F85100002085F85000032000E000207E
:10644000BDE8F0817CB504000D00160000962B001D
:10645000002280212000FFF7A4FF002805D0606DF6
:1064600050F020006065032000E0002076BD0000B1
:1064700010B50400002C01D101205EE0607F0028EF
:1064800004D100202077200003F035FF0220607740
:10649000CA2021684862532021684862200000F029
:1064A000D8F9002806D0FF202168486204206077D0
:1064B000012042E020688168DFF854030140206831
:1064C00081602068816860680143206901436069D8
:1064D000014320688160E0682168086120680069E4
:1064E000A16850EA0140216808612068C06830F066
:1064F00080002168C8602068806880060BD4200076
:1065000000F08CF9002806D0FF20216848620420A2
:106510006077012011E02068006C30F48020216851
:1065200008642068016CA069014320680164FF20B1
:106530002168486201206077002010BD2DE9F843F2
:1065400005000E0014005FF00008287F012801D12B
:1065500002207EE00120287702206877002C1CD1E1
:1065600028688068400601D40020F070307800F080
:106570008DF98146707800F089F90700B07800F055
:1065800085F95FFA89F9FFB23F0257EA0947C0B2BD
:106590000743F07857EA004714E02868806840060F
:1065A00004D5307800F07EF9804601E00020F070DC
:1065B000307877783F0257EA0047B0780743F078A1
:1065C00057EA0047CA202968486253202968486270
:1065D000280000F03EF9002808D0FF202968486212
:1065E0000420687700202877012032E0DFF82402B9
:1065F0003840296808602868806830F4802029685D
:10660000886028688168F068014330690143286820
:1066100081602868C06830F080002968C8602868F8
:10662000806880060DD4280000F0F8F8002808D013
:10663000FF2029684862042068770020287701201D
:1066400007E0FF202968486201206877002028774A
:106650000020BDE8F283F8B505000E00140000210B
:106660002868806A7060286800694004400CB06047
:1066700028680768DFF89C0107403800000C10F01C
:106680003F0030703800000A10F07F00707017F083
:106690007F00B0703800000C10F04000F070002C4B
:1066A0000BD1307800F0FEF83070707800F0FAF816
:1066B0007070B07800F0F6F8B0700020F2BD2DE9EF
:1066C000F84305000E0014000027287F012801D19F
:1066D000022070E00120287702206877002C07D183
:1066E0007078C00604D5707810F0EF000A30707032
:1066F000002C19D1F07800F0C9F88146707800F0CC
:10670000C5F88046B07800F0C1F85FFA89F95FFA01
:1067100088F85FEA082858EA0948C0B250EA080831
:10672000307858EA40380CE0F07896F801805FEA5B
:10673000082858EA0048B07850EA0808307858EA43
:106740004038CA20296848625320296848622800D6
:1067500000F07FF8002808D0FF2029684862042054
:10676000687700202877012025E0DFF8AC0010EAE8
:106770000800296848602868C06830F080002968EF
:10678000C8602868806880060DD4280000F046F8AC
:10679000002808D0FF20296848620420687700207C
:1067A0002877012007E0FF202968486201206877E8
:1067B000002028770020BDE8F283F8B505000E0020
:1067C0001400002128684768DFF84C0007403800B3
:1067D000000CF0703800000A10F01F00707017F005
:1067E0003F00B0703800400B10F007003070002CF4
:1067F0000BD1F07800F056F8F070707800F052F895
:106800007070B07800F04EF8B0700020F2BD00005B
:10681000BFFF8FFF7F7F7F003FFFFF0070B5040049
:1068200000252068C06830F0A0002168C86004F02E
:1068300007F806002068C068800608D404F000F855
:10684000801B40F2E9318842F4D3032000E00020AD
:1068500070BD38B5040000252068C068400613D418
:106860005FF0FF302168C86003F0EAFF0500206890
:10687000C068400608D403F0E3FF401B40F2E93152
:106880008842F4D3032000E0002032BD0021020042
:10689000D2B20A2A02D3491C0A38F8E750EA01109A
:1068A000C0B2704700220300DBB21B09DBB20A2131
:1068B0004B4310F00F00C018C0B2704701004A7877
:1068C000087850EA022080B270470100C8788A78C0
:1068D00052EA00224B7853EA0223087850EA032058
:1068E00070470170401C89B2090A0170401C704752
:1068F0000170401C090A0170401C090A0170401C0B
:10690000090A0170401C7047030019705B1C521E7D
:10691000002AFAD17047F0B4040025000E000020D0
:106920002F783378FF1A3800761C6D1C521E002A0F
:1069300001D00028F4D0F0BC70470278002A04D0BF
:1069400002788A4201D0401CF7E70078704730B4E3
:1069500002000023022B18D2DFF84C081C0100595A
:106960001468A0420FD1DFF840081C0120444068A1
:106970009468A04207D1DFF830081C0120448068E9
:106980005469A04201D05B1CE4E7022B26D1002011
:106990000300022B07D2DFF810081C010059002861
:1069A00001D05B1CF5E7022B01D1002033E0106819
:1069B000DFF8F4471D0160519068DFF8EC471D01D6
:1069C0002C4460605069DFF8E0471D012C44A06052
:1069D0000020DFF8D4471D012C44A081002908D0F5
:1069E000DFF8C4071C0120448089002801D0002062
:1069F00011E0002902D04FF4807005E0DFF8A8070D
:106A00001C0120448089401CDFF89C471D012C4458
:106A1000A0815B1C180030BC704710B40200521EED
:106A2000022A21D2DFF8800713011844808901006F
:106A3000080080B2B0F5807F01D10020010008007D
:106A400080B2002800D0491EDFF85C07130118440B
:106A50008181080080B2002804D10020DFF8483787
:106A600014011851002000E00220C0B210BC704791
:106A700010B4002102290CD2DFF82C270B01D258C8
:106A8000824204D10022DFF820370C011A51491C40
:106A9000F0E710BC7047F8B504000027E078002844
:106AA00023D0206B050001232A0014F13401607803
:106AB00001F056FA002802D00120070015E000205E
:106AC000E070606A281AE16988420ED2A078060058
:106AD000022E0AD3E069451901232A0014F134017A
:106AE000607801F03DFA761EF2E73800C0B2F2BDE0
:106AF00070B504000D000026206B854216D02000E2
:106B0000FFF7C9FF06003000C0B200280ED10123F4
:106B10002A0014F13401607801F006FA002804D04C
:106B20005FF0FF3005000120060025633000C0B291
:106B300070BD0200891E9069801E814201D3002031
:106B400004E05389D06A03FB0101080070472DE976
:106B5000F84304000D00D4F80080022D03D3D8F8C8
:106B60001800854202D35FF0010961E05FF0FF3950
:106B700098F80000012804D058D3032842D02FD31E
:106B800054E0280010EB50000700D8F8241011EB57
:106B900057214046FFF7ACFF002849D1F805C00D4A
:106BA000404490F8340006007F1CD8F8241011EB04
:106BB00057214046FFF79CFF002839D1F805C00D4A
:106BC000404490F8340056EA0026E80703D5B14661
:106BD0005FEA191903E05FEA06595FEA195927E0ED
:106BE000D8F8241011EB15214046FFF781FF00284B
:106BF0001ED16800C005C00D40443430FFF75EFE72
:106C0000814615E0D8F8241011EBD5114046FFF766
:106C10006FFF00280CD1A800C005C00D40443430DF
:106C2000FFF753FE20F07040814601E001208146CD
:106C30004846BDE8F2832DE9F84304000D00160034
:106C40005FF00209022DC0F08880A069854280F0C3
:106C500084802078012805D0C0F07F8003285DD093
:106C600045D37AE0280010EB50008046616A11EBB2
:106C700058212000FFF73CFF81464846C0B200285B
:106C80006BD15FEAC850C00D20443430070018F1C2
:106C90000108E80705D5387810F00F0050EA061013
:106CA00000E0300038700120E070616A11EB58217B
:106CB0002000FFF71DFF81464846C0B200284CD196
:106CC0005FEAC850C00D204434300700E80702D501
:106CD0003000000907E0387810F0F0003100090AB0
:106CE00011F00F01084338700120E07035E0616A4F
:106CF00011EB15212000FFF7FBFE81464846C0B28C
:106D000000282AD1310089B26800C005C00D204496
:106D10003430FFF7E6FD0120E0701EE0616A11EB00
:106D2000D5112000FFF7E4FE81464846C0B2002896
:106D300013D1A800C005C00D20443430FFF7C5FDB5
:106D4000000F60F31F763100A800C005C00D20447D
:106D50003430FFF7CDFD0120E0704846C0B2BDE8F9
:106D6000F2832DE9F04707000C00D7F80080002CD3
:106D70000AD1D8F81060002E03D0D8F81800864247
:106D800017D30120060014E021003800FFF7DFFED2
:106D90000500022D01D2012061E015F1010F01D1A2
:106DA00028005CE0D8F81800854201D2280056E09F
:106DB0002600B14619F10109D8F81800814505D31C
:106DC000022081464E4501D2002048E04946380065
:106DD000FFF7BDFE0500002D0BD15FF0FF324946E5
:106DE0004046FFF728FF82465046C0B2002813D124
:106DF0000AE0012D02D015F1010F01D128002EE08B
:106E0000B145D7D100202AE0002C05D04A46210008
:106E10004046FFF710FF82465046C0B2002814D10A
:106E2000C8F81090D8F81800801ED8F814108842BE
:106E300004D3D8F81400401EC8F8140098F80400D1
:106E400050F0010088F8040008E05046C0B2012864
:106E500002D15FF0FF3901E05FF001094846BDE86B
:106E6000F0872DE9F04105000E00D5F80080B6F559
:106E7000001F02D216F01F0F01D0022049E06E6100
:106E8000AC68002C06D198F80000032802DBD8F883
:106E900028000400002C0BD130004009B8F808107D
:106EA000884201D3022034E0D8F82800E86120E0CD
:106EB000B8F80A104FF4007041430F00BE4213D3DC
:106EC00021002800FFF743FE040014F1010F01D157
:106ED00001201EE0022C03D3D8F81800844201D30D
:106EE000022016E0F61BE9E721004046FFF721FEED
:106EF000E861AC61E869002801D1022009E0E86995
:106F000010EB5620E861F005C00D40443430286293
:106F10000020BDE8F0812DE9F84307000C00D7F808
:106F20000080D7F8149019F12009F869002802D0E0
:106F3000B9F5001F01D3042081E05FEAC95075D183
:106F4000F869401CF861B869002809D14846400931
:106F5000B8F80810884269D30020F86104206EE078
:106F6000B8F80A00401E10EA592F5FD1B9693800FD
:106F7000FFF7EDFD0500022D01D202205FE015F1C3
:106F8000010F01D101205AE0D8F81800854247D3FB
:106F9000002C03D10020F861042050E0B9693800CA
:106FA000FFF7DFFE0500002D01D1072047E0012D8E
:106FB00001D1022043E015F1010F01D101203EE093
:106FC0004046FFF768FD002801D0012037E04FF46C
:106FD0000072002118F13400FFF796FC0020060033
:106FE00029004046FFF7A5FDC8F83000B8F80A00B0
:106FF000864210D2012088F803004046FFF74BFD7F
:10700000002801D001201AE0761CD8F83000401C7E
:10701000C8F83000EAE7D8F83000801BC8F8300024
:10702000BD6129004046FFF784FDF861C7F8149060
:107030005FEAC950C00D4044343038620020BDE8DA
:10704000F28370B504000D0015F11A00FFF736FC4D
:1070500006002078032806D115F11400FFF72EFC56
:1070600056EA00400600300070BD2DE9F0470400EC
:107070000D0015F11A00FFF721FC002801D00020B7
:107080004AE095F8008018F03F08B8F101080D209B
:1070900000FB08F801275FF00009B9F10D0F2DD2B0
:1070A000DFF8A40810F809002844FFF707FC0600E1
:1070B000380080B2002816D0B8F1FF0F0FD2300090
:1070C00080B203F0F3FB824634F8180003F0EEFBC5
:1070D00018F101081FFA8AFA80B2824501D0002017
:1070E0001AE0370007E0300080B24FF6FF718842A7
:1070F00001D0002010E019F10109CEE72878400600
:1071000009D5380080B2002805D034F818000028CE
:1071100001D0002000E00120BDE8F0872DE9F84310
:1071200004000D0015F11A00FFF7C8FB002801D07C
:10713000002037E02F7837F040077F1E0D204743AF
:107140005FF001085FF00009B9F10D0F1FD2DFF801
:10715000F80710F809002844FFF7B0FB0600404686
:1071600080B2002808D0FF2F01D300201AE0B046DB
:1071700024F817807F1C07E0300080B24FF6FF71C3
:10718000884201D000200DE019F10109DCE72878E0
:10719000400606D5FF2F01D3002003E0002024F88D
:1071A00017000120BDE8F283B87F00200300002013
:1071B0000B210200D2B2520812EBC0101A7810183C
:1071C0005B1C491E0029F4D1C0B270472DE9F84F6D
:1071D00005000E000427D5F800804FF0FF0B4FF09C
:1071E000FF09E869002871D0E9694046FFF780FC93
:1071F00007003800C0B2002868D1286A00788246AB
:107200005046C0B2002802D1042007005EE0286A80
:10721000C07A10F03F000400AC715046C0B2E528BF
:107220000FD05046C0B22E280BD02000C0B230F094
:107230002000082801D1012000E00020C0B2B042A7
:1072400002D0FF20834638E02000C0B20F2823D1AF
:107250005FEA4A6007D5286A407B81461AF0BF0A78
:10726000D3466869286350465946C0B2C9B28842BD
:107270000FD14846296A497BC0B2884209D1296AA0
:10728000D8F80C00FFF74AFF002802D0BBF1010B31
:1072900013E04FF0FF0B10E05846C0B2002808D1B1
:1072A00048460090286AFFF781FF0099C9B28142E1
:1072B00002D05FF0FF30286308E000212800FFF7CC
:1072C0002AFE07003800C0B200288AD03800C0B2B9
:1072D000002801D00020E8613800C0B2BDE8F28F7C
:1072E0002DE9F84F0600376800213000FFF7B9FD9F
:1072F00082465046C0B2002802D05046C0B280E05C
:107300004FF0FF08C1465FF0FF303063F16938008D
:10731000FFF7EEFB82465046C0B200286FD1306ABC
:10732000007804002000C0B2002802D10420824668
:1073300065E0306AC07A10F03F000500B5712000AA
:10734000C0B2E52805D0280709D52800C0B20F280B
:1073500005D0FF2081465FF0FF30306346E0280013
:10736000C0B20F2825D196F82F0040063ED4600603
:1073700007D5306A407B804614F0BF04A14670698F
:10738000306320004946C0B2C9B288420ED140469F
:10739000316A497BC0B2884208D1316AF868FFF788
:1073A00064FE002802D0B9F101091FE04FF0FF0987
:1073B0001CE04846C0B2002807D1C346306AFFF738
:1073C000F5FE5FFA8BFB834519D096F82F00C007B6
:1073D00007D40B2216F12401306AFFF79CFA00282B
:1073E0000DD0FF2081465FF0FF3030630021300078
:1073F000FFF791FD82465046C0B2002886D0504625
:10740000C0B2BDE8F28F2DE9FE4F04000D002068E8
:1074100001900020A875E069002800F09C80206B96
:1074200010F1010F29D000208046C1460198C068A4
:1074300030F8180018F10108070080B2002818D0B1
:107440000021380080B203F001FA0700380080B252
:10745000002802D1002081460BE0B9F1FF0F02D3D2
:107460000020814605E005EB0900877519F1010947
:10747000DCE7002005EB090188755FF0000BDA46B8
:1074800005EB0A00807DADF80000BAF10B0F40D289
:10749000206A10F80A0006001AF1010A3000C0B292
:1074A0002028F2D03000C0B2052801D1E520060026
:1074B000BAF1090F0DD1BDF80000002803D12E202C
:1074C00005EB0B0188752E2005EB0B0148721BF1B3
:1074D000010B05EB0B004672BDF80000002815D12A
:1074E0003000C0B241280EDB3000C0B25B280ADA9F
:1074F000BAF1090F01D3102000E00820216A097BAE
:10750000014200D0203605EB0B0086751BF1010B04
:10751000BBE7BDF80000002809D1002005EB0B01F6
:107520008875206A007B002801D100208346002056
:1075300005EB0B014872206AC07A2872206A1C3061
:10754000FFF7C3F92860206A1630FFF7BEF9E8801C
:107550000100090CA980BDE8F78F2DE9F34F81B038
:107560000298066801980068C7680024A04616F8CB
:1075700008B018F10108584680B2202837DB584679
:1075800080B22F2803D0584680B25C280BD116F861
:1075900008002F2803D016F808005C2802D118F143
:1075A0000108F4E723E0FF2C01D3062011E10BF0E2
:1075B000FF0B0121584680B203F048F9050028006E
:1075C00080B2002801D1062003E1280080B2802883
:1075D00009DA290089B2DFF84C07FFF7AEF9002875
:1075E00001D00620F5E027F81450641CBFE706EB35
:1075F000080002990860584680B2202802DA5FF03D
:10760000040A01E05FF0000A002C0ED007EB4400F2
:1076100030F8020C8346584680B2202803D05846E2
:1076200080B22E2801D1641EEEE7002027F8140056
:10763000002C01D10620CCE00B222021019824301F
:10764000FFF762F9002537F81500202803D037F836
:1076500015002E2801D16D1CF5E7002D01D05AF040
:10766000030A002C07D007EB440030F8020C2E2848
:1076700001D0641EF5E75FF00009C8465FFA88F89C
:107680000820009037F8150083466D1C584680B2DC
:1076900000286BD0584680B2202805D0584680B2CA
:1076A0002E2804D1A54202D05AF0030AEAE7009836
:1076B000804501D2A54213D100980B2802D15AF07F
:1076C000030A53E0A54201D05AF0030AAC424DD35D
:1076D0002500082080460B2000905FEA8909D1E749
:1076E000584680B2802812DB0021584680B203F051
:1076F000ADF88346584680B2002806D0DFF8280649
:107700001FFA8BFB584410F880BC5AF0020A584606
:1077100080B2002807D0594689B2DFF81006FFF77B
:107720000CF9002804D05F2083465AF0030A16E0C3
:10773000584680B2412806DB584680B25B2802DA00
:1077400059F002090BE0584680B2612807DB584621
:1077500080B27B2803DA59F00109BBF1200B0198B4
:10776000404480F824B018F101088BE7019890F8A4
:107770002400E52803D10520019981F82400009810
:10778000082801D15FEA89094846C0B210F00C0010
:107790000C2805D04846C0B210F00300032801D1E0
:1077A0005AF0020A5FEA8A700FD44846C0B210F05D
:1077B0000300012801D15AF0100A4846C0B210F067
:1077C0000C00042801D15AF0080A019880F82FA073
:1077D0000020BDE8FE8F2DE9F34104002700D7F813
:1077E0000080019800782F2803D0019800785C2849
:1077F00003D10198401C0190F3E70020B860019884
:107800000078202808D2802084F82F000021200052
:10781000FFF727FB05002FE001A92000FFF79DFEE1
:1078200005002800C0B2002826D12000FFF758FD2F
:10783000050094F82F0006002800C0B2002808D0E8
:107840002800C0B2042803D1700701D40520050028
:1078500012E0700710D4B879C00602D405200500E4
:107860000AE06069C005C00D404410F13401404693
:10787000FFF7E7FBB860CFE72800C0B2BDE8F681AC
:1078800010B402005FF0FF30116800291CD01168AD
:107890000C002178202904D321783A2901D0641CD6
:1078A000F7E721783A290DD11368197830395B1C34
:1078B0000A2906D2A34204D1002902D10800641C7F
:1078C000146001E00021080010BC704738B50400C6
:1078D0000D000020E0705FF0FF30206329002000E1
:1078E000FFF706F9002801D004202CE004F2322032
:1078F000FEF7E4FF4AF65521884201D0032022E03A
:1079000094F83400E92807D094F83400EB2819D112
:1079100094F83600902815D114F16A00FEF7D5FFCF
:1079200020F07F40DFF80814884201D100200AE0EF
:1079300014F18600FEF7C9FFDFF8F813884201D181
:10794000002000E0022032BD3C0903082DE9F34F7E
:1079500089B0170000200A9908600998FFF790FF86
:1079600002900298002801D50B2085E1DFF8C803BA
:10797000029950F82150002D01D10C207CE10A9889
:10798000056017F0FE078DF80170287800280FD0E9
:10799000687800F099FA0400E00709D49DF8010026
:1079A000002803D0600701D50A2065E1002063E1CB
:1079B0000020287002986870687800F096FA8DF8B8
:1079C00000009DF80000C00701D5032054E19DF898
:1079D0000100002805D09DF80000400701D50A20CD
:1079E0004AE1002421002800FFF770FF8146484645
:1079F000C0B202282ED10027042F13D23801284408
:107A000010F5F970039003980079002804D00398CA
:107A10000830FEF75AFF00E0002005A941F82700D2
:107A20007F1CE9E70026002E00D0761E05A850F83E
:107A300026000400002C04D021002800FFF746FF98
:107A400000E0032081464846C0B2022802DB761CD3
:107A5000042EEBD34846C0B2042801D101200BE12B
:107A60004846C0B2022801DB0D2005E115F13F00B8
:107A7000FEF724FFB0F5007F01D00D20FCE015F1EA
:107A80004A00FEF71BFF0700002F04D115F1580034
:107A9000FEF71BFF0700EF6195F84400A870A87877
:107AA000012804D0A878022801D00D20E4E0A878AD
:107AB0004743049795F8410068816889002804D0FD
:107AC00068896989491E084201D00D20D4E015F16A
:107AD0004500FEF7F3FE2881287A10F00F0F01D041
:107AE0000D20C9E015F14700FEF7E8FE0700002F62
:107AF00004D115F15400FEF7E8FE070015F142002D
:107B0000FEF7DCFE8246504680B2002801D10D20EF
:107B1000B2E0049810FA8AF0298910EB1110019054
:107B20000198874201D20D20A6E00198381A698990
:107B3000B0FBF1F8B8F1000F01D10D209CE05FF02F
:107B4000030B4FF6F670804501D20220834640F6C3
:107B5000F670804501D20120834618F10200A86129
:107B60002C6214FA8AF0686201980019E86258469B
:107B7000C0B2032815D115F15E00FEF79FFE002864
:107B800001D00D2078E02889002801D00D2073E075
:107B900015F16000FEF799FEA862A8695FEA800906
:107BA00019E02889002801D10D2065E0696A049850
:107BB0004118A9625846C0B2022803D1A8695FEAF9
:107BC000400908E0A9690320414395F8189019F08D
:107BD000010919EB5109E86909F2FF11B0EB512FC6
:107BE00001D20D2048E05FF0FF30686168692861CC
:107BF000802028715846C0B203282DD115F16400A9
:107C0000FEF75CFE012827D1611C2800FEF770FFFB
:107C1000002821D10020287105F23220FEF74EFE07
:107C20004AF65521884217D115F13400FEF74DFE72
:107C30004249884210D115F50670FEF746FE4049CC
:107C4000884209D115F50770FEF73FFE686115F50A
:107C50000870FEF73AFE286185F800B039480088C0
:107C6000401C3849088037480088E8803648E8607A
:107C70002800FEF7FDFE00200BB0BDE8F08F38B500
:107C800004000D00002C11D0206800280ED02068C0
:107C9000007800280AD02068C088A188884205D1D1
:107CA0002068407800F010F9C00703D50020286054
:107CB000092002E0206828600020C0B232BD73B500
:107CC00082B01500039800906846FFF7D9FD0600C2
:107CD000002E01D50B2022E0174850F82640002C3A
:107CE00004D02000FEF7C4FE002020700298002877
:107CF00002D000200299087002980F4941F826002E
:107D00000298002803D02800C0B2012801D000202A
:107D100005E0002202A903A8FFF718FEC0B204B0D4
:107D200070BD00006C090308C4060308900903082D
:107D30004641540046415433B880002052526141BC
:107D400072724161C8800020B472002073B50400D3
:107D5000002C01D1092052E025000022694601A82B
:107D6000FFF7F4FD06003000C0B200283FD10098B4
:107D7000286001992000FFF72EFD06003000C0B2F8
:107D800000282ED194F82F0000060AD4A879C00646
:107D900005D5216A0098FFF754F9A86001E0052095
:107DA00006003000C0B200281BD10098C088A8800F
:107DB00000212000FFF755F806003000C0B200286F
:107DC0000FD1A86800280AD000212000FEF7BFFDCF
:107DD00028612869002804D11220060001E0002053
:107DE00028613000C0B2042801D10520060030000F
:107DF000C0B2002801D0002028603000C0B276BD9B
:107E000038B5040069462000FFF739FF0500280057
:107E1000C0B200280CD12069002803D02069FEF7E9
:107E2000FCFD05002800C0B2002801D10020206020
:107E30002800C0B232BD7CB505000C0069462800A0
:107E4000FFF71DFF06003000C0B2002825D1002C2E
:107E500005D100212800FFF704F806001DE00021ED
:107E60002800FFF7B3F906003000C0B2042801D1A2
:107E7000002006003000C0B200280ED121002800EA
:107E8000FFF7C1FA00212800FFF745F8060030008F
:107E9000C0B2042801D1002006003000C0B276BD77
:107EA00004E010F8013B6BB1491C521E52B10B7833
:107EB00090F800C09C45F4D002D24FF0FF307047DC
:107EC000012070470020704710B50400324821009F
:107ED000C9B20844007A30492200D2B201EB8201D3
:107EE000496849688847C0B210BD38B5040000250C
:107EF00029482100C9B2405C002812D1012026493E
:107F00002200D2B2885424482100C9B20844007A21
:107F100021492200D2B201EB8201496809688847F1
:107F200005002800C0B232BDF8B504000D001600EF
:107F30001F003B00320029001748A4465FFA8CFC62
:107F40006044007ADFF850C0A6465FFA8EFE0CEB64
:107F50008E0CDCF804C0DCF808C0E047C0B2F2BD0B
:107F6000F8B504000D0016001F003B003200290088
:107F70000948A4465FFA8CFC6044007ADFF818C018
:107F8000A6465FFA8EFE0CEB8E0CDCF804C0DCF823
:107F90000CC0E047C0B2F2BD4880002062F30F225F
:107FA00062F31F42401810F0030308D0C91A1FD310
:107FB000DB0748BF00F8012D28BF20F8022D130071
:107FC00030B414461546103928BF20E93C00FAD8D1
:107FD000490728BF20E90C0048BF40F8042D89005C
:107FE00028BF20F8022D48BF00F8012D30BC704793
:107FF000C91818BF00F8012DCB0728BF00F8012DC4
:108000007047000080B50E48006850F400700C49BD
:1080100008600B48006850F480600949086008480F
:10802000006850F48070064908600320FBF703FCE9
:10803000002002F0A3FC02F00DF9002002BD0000B8
:10804000003C024080B501220FF22101144802F0E9
:10805000BBFC1449124802F001FD114802F062FD18
:1080600001BD80B50E4802F068FD01BD0A00D2B224
:10807000012A06D0022A09D0042A0BD0052A01D0F1
:108080000CE00BE00322084B1A7007E00222064BBB
:108090001A7003E00122044B1A70FFE770470000DA
:1080A000005D002008000020CB800020DFF81803CE
:1080B000B0F8540E002804D10020DFF80C13A1F80A
:1080C0005E0EDFF80403B0F85E0EB0F58A7F04DBC5
:1080D0000020DFF8F412A1F85E0EDFF8F00201686C
:1080E000DFF8EC02007810F00100002808D0002032
:1080F000B54AA2F85E0E0A20B34AA2F8540E83E0F5
:10810000B148B0F85E0E002815D10800AE4A92F8CA
:10811000692EC0B290420ED1AB48AB4AB2F85E2E87
:10812000104480F8281DA848B0F85E0E401CA64AEE
:10813000A2F85E0E64E0A448B0F85E0E012812D1E9
:108140000800C0B204280ED19F489F4AB2F85E2EA4
:10815000104480F8281D9C48B0F85E0E401C9A4AD6
:10816000A2F85E0E4CE09848B0F85E0E022843DBA1
:10817000954890F8290D042839D19348B0F85E0E3F
:10818000022813D19048904AB2F85E2E104480F82D
:10819000281D8D48B0F85E0E401C8B4AA2F85E0E7A
:1081A0000800C0B2884AA2F85C0E29E08648B0F800
:1081B0005E0E032824DB8448834AB2F85E2E104406
:1081C00080F8281D8048B0F85E0E401C7E4AA2F858
:1081D0005E0E7D48B0F85E0E7B4AB2F85C2E521DF2
:1081E00090420DD10120784A82F8680E08E0002004
:1081F000754AA2F85E0E03E00020734AA2F85E0EF4
:108200000A20714AA2F8540E704770B48278714BFC
:108210006D4991F8694E48214C4303EB0401B1F1DB
:108220004804032300210D001600ADB2B6B2B542DA
:1082300007D21D00ADB2455D25705B1C641C491C56
:10824000F1E770BC704738B55F48B0F8560E0228A9
:1082500072DA6148B0F84E405B4890F8690E411CF4
:10826000594A82F8691E2100C0B2C9B2884203D3BC
:108270000120554981F8690E5348B0F8600E002876
:108280000AD15649504890F8692E0620424301EB26
:108290000200002120F8061C4B4890F8690E4A495C
:1082A00081F8D00A0420484981F8D10A00204649C3
:1082B00081F8D20A0020444981F8D30A00204249BB
:1082C00081F8D40A2420404981F8D50A06203E4985
:1082D000A1F85A0E3C48B0F85A1E4148FAF782FFFE
:1082E0000500280080B2000A374981F8D60A3648CE
:1082F00080F8D75A3448B0F85A0E801C3249A1F899
:108300005A0E012280213748FDF7DFF914202E494B
:1083100081F86D0E2E48007850F001002C4908704D
:108320002948B0F85A2E2E492F48FDF730FA4FF45D
:10833000FA702549A1F8560E31BD38B5224890F89B
:10834000680E01283FD100201F4981F8680E1E48A1
:10835000B0F85E0E811E89B22448FAF743FF04008C
:1083600019481949B1F85E1E084490F8261D090203
:108370001548154AB2F85E2E104490F8270D0143B7
:108380000D002000290080B289B288421BD140F63E
:10839000B8300D49A1F8600E0B4890F8290D04285B
:1083A00007D11248FFF731FF64200749A1F8560EA4
:1083B00009E0054890F8290D102804D0024890F8EB
:1083C000290D0628FFD131BD2C00002004480040B3
:1083D000CA800020804F00202C780020A47B002041
:1083E000FC0A0020000C02405C7E0020540D00209E
:1083F000DFF8E80A0088002803D10020DFF8E01A3F
:108400000880DFF8DC0A0088B0F58A7F03DB0020F3
:10841000DFF8CC1A0880DFF8CC0A0168DFF8C00A60
:108420000088002814D10800C0B2652810D1DFF8F8
:10843000B80ADFF8AC2A1288104441F2FA128154CB
:10844000DFF89C0A0088401CDFF8942A10806DE158
:10845000DFF88C0A0088012820D10800C0B2132858
:108460000BD00800C0B2152807D00800C0B20328FE
:1084700003D00800C0B2102810D1DFF86C0ADFF872
:10848000602A1288104441F2FA128154DFF8500A2F
:108490000088401CDFF8482A108047E1DFF8400AD6
:1084A00000880228C0F23E81DFF8400A00781328D5
:1084B00040F08C80DFF8280A0088022810D1DFF80D
:1084C000280ADFF81C2A1288104441F2FA1281545B
:1084D000DFF80C0A0088401CDFF8042A108025E130
:1084E000DFF8FC090088032810D1DFF8FC09DFF869
:1084F000F0291288104441F2FA128154DFF8E009A1
:108500000088401CDFF8D82910800FE1DFF8D0097F
:108510000088042810D1DFF8D009DFF8C4291288B8
:10852000104441F2FA128154DFF8B4090088401C6B
:10853000DFF8AC291080F9E0DFF8A40900880528ED
:1085400010D1DFF8A409DFF898291288104441F20D
:10855000FA128154DFF888090088401CDFF880296E
:108560001080E3E0DFF878090088062829DBDFF8CF
:1085700080090078DFF87C29127852EA0022DFF8BF
:1085800078090280DFF86009DFF854291288104466
:1085900041F2FA128154DFF848090088401CDFF8E4
:1085A00040291080DFF838090088DFF84C2912884C
:1085B0000832904240F0BA800120DFF84029107064
:1085C000B4E00020DFF818291080AFE0DFF81C09C4
:1085D000007815285ED1DFF808090088022810D13C
:1085E000DFF80409DFF8F8281288104441F2FA1283
:1085F0008154DFF8EC080088401CDFF8E428108084
:1086000094E0DFF8DC080088032810D1DFF8D808F0
:10861000DFF8CC281288104441F2FA128154DFF8B6
:10862000C0080088401CDFF8B82810807EE0DFF822
:10863000B0080088042828DBDFF8C4080078DFF8D9
:10864000C428127852EA0022DFF8AC080280DFF872
:108650009808DFF88C281288104441F2FA128154ED
:10866000DFF87C080088401CDFF874281080DFF8F1
:1086700070080088DFF880281288921D904255D13A
:108680000120DFF87828107050E00020DFF8502833
:1086900010804BE0DFF85408007803283DD1DFF864
:1086A00040080088022815D1DFF83C08DFF83028A0
:1086B0001288104441F2FA128154DFF8240800882D
:1086C000401CDFF81C2810800800C0B2DFF8282802
:1086D00010802BE0DFF808080088032826DBDFF88D
:1086E0000808DFF8FC271288104441F2FA1281547E
:1086F000DFF8EC070088401CDFF8E4271080DFF883
:10870000E0070088DFF8F0271288521D90420DD153
:108710000120DFF8E827107008E00020DFF8C0270C
:10872000108003E00020DFF8B82710800A20DFF86F
:10873000AC27108070472DE9F84F020092F802E054
:108740005FEA0E2ED17851EA0E0EADF800E092F8F5
:1087500002E092F80380DFF8B01709781129C0F21F
:108760001B81DFF8A4170978192980F2158192F886
:1087700004905FEA0929517951EA09094E4631000E
:1087800089B25FF0020991FBF9F10D00DFF87C97E7
:10879000DFF8741791F800A0A62101FB0AFA09EB93
:1087A0000A01A1F60631C1465FFA89F95FF0020AB3
:1087B00099FBFAF901EB49010C00062108000021A0
:1087C0000F003900A94689B21FFA89F9494513D229
:1087D000010089B212F80190401C5FEA09290100EA
:1087E00089B2515C51EA09094B46401C2380A41C04
:1087F00018F102087F1CE4E7DFF8141791F84A101B
:10880000890640F1C980DFF8081791F85010C907B0
:1088100040F1C280DFF8F0160978113900290BD039
:1088200002290FD00BD3042912D00ED3062915D05C
:1088300011D3072915D016E001218C4613E002213F
:108840008C4610E004218C460DE008218C460AE09D
:1088500010218C4607E020218C4604E040218C4604
:1088600001E080218C46DFF8A816C98F002950D17D
:10887000DFF89C16098D491EDFF88C9699F8009058
:10888000B9F11109494500F08780DFF88416C988DD
:1088900011EA0C0F1ED0DFF87496DFF86C1691F811
:1088A00000A0A62101FB0AFA09EB0A01A1F606398C
:1088B000DFF858A6DFF8501691F800B0A62101FBAA
:1088C0000BFB0AEB0B01A1F66221B1F90010A9F82C
:1088D000001061E0DFF83496DFF82C1691F800A064
:1088E000A62101FB0AFA09EB0A01A1F60639DFF815
:1088F0001CA6DFF8141691F800B0A62101FB0BFBB3
:108900000AEB0B01A1F68621B1F90010A9F80010BD
:1089100042E0DFF8FC15C98811EA0C0F1ED0DFF821
:10892000EC95DFF8E41591F800A0A62101FB0AFA06
:1089300009EB0A01A1F60639DFF8D0A5DFF8C81562
:1089400091F800B0A62101FB0BFB0AEB0B01A1F68D
:108950006221B1F90010A9F800101DE0DFF8AC9514
:10896000DFF8A41591F800A0A62101FB0AFA09EB93
:108970000A01A1F60639DFF894A5DFF88C1591F805
:1089800000B0A62101FB0BFB0AEB0B01A1F686212F
:10899000B1F90010A9F80010BDE8F18F2DE9F04100
:1089A00087783F02C6783743061DDFF85C050078FC
:1089B0001128C0F20381DFF850050078192880F2F1
:1089C000FD80380080B200282AD030780400701C66
:1089D00006783500401CBF1E90F800C0461C5FEAB8
:1089E0000C2C307850EA0C0C6146761CDFF81CC564
:1089F000DFF8140590F800E0A62000FB0EFE0CEB5B
:108A00000E00A0F60630AC465FFA8CFC5FF0020E5A
:108A10009CFBFEFC00EB4C0002001180BF1ED0E767
:108A2000DFF8EC0490F84A00800640F1C780DFF8D8
:108A3000E00490F85000C00740F1C080DFF8C8049F
:108A40000078113800280BD002280FD00BD304284F
:108A500012D00ED3062815D011D3072815D016E052
:108A60000120030013E00220030010E004200300B3
:108A70000DE0082003000AE01020030007E020209A
:108A8000030004E04020030001E080200300DFF841
:108A90008004C08F00284FD1DFF87404008D401E81
:108AA000DFF864C49CF800C0BCF1110C604500F014
:108AB0008580DFF85C04C08818421ED0DFF84CC403
:108AC000DFF8440490F800E0A62000FB0EFE0CEB5B
:108AD0000E00A0F6063CDFF834E4DFF82C0490F832
:108AE0000080A62000FB08F80EEB0800A0F662202C
:108AF000B0F90000ACF8000060E0DFF810C4DFF867
:108B0000080490F800E0A62000FB0EFE0CEB0E001F
:108B1000A0F6063CDFF8F4E3DFF8EC0390F8008001
:108B2000A62000FB08F80EEB0800A0F68620B0F99E
:108B30000000ACF8000041E0DFF8D403C088184220
:108B40001ED0DFF8C8C3DFF8C00390F800E0A6200D
:108B500000FB0EFE0CEB0E00A0F6063CDFF8ACE3CB
:108B6000DFF8A40390F80080A62000FB08F80EEBC5
:108B70000800A0F66220B0F90000ACF800001DE08B
:108B8000DFF888C3DFF8800390F800E0A62000FB40
:108B90000EFE0CEB0E00A0F6063CDFF870E3DFF8EB
:108BA000680390F80080A62000FB08F80EEB080090
:108BB000A0F68620B0F90000ACF80000BDE8F08116
:108BC00038B5DFF850030088002804D14FF49670C0
:108BD000DFF840130880DFF83C030088022880F2A9
:108BE0002481DFF83003008801282ED14FF49670DD
:108BF000DFF820130880DFF820030078002824D154
:108C0000DFF80403007811281FDBDFF8FC0200788E
:108C100019281ADADFF80403DFF8EC12097800EB00
:108C2000410030F81C0C00280FD0DFF8F002B649E4
:108C3000097800EB4100B949B34A127801EB4201CF
:108C400031F81C1C491E20F81C1CB548007801286E
:108C500024D1A54890F8A20F21280ADBA24890F859
:108C6000A20F292805DAA04890F8A20F1030A649D3
:108C7000087001224FF48071AA48FCF726FD1420E9
:108C8000A9490870A9480288921C92B2A849A9482B
:108C9000FCF77DFD0020A2490870C6E09C48B0F8B2
:108CA0004E000500984800781138072874D8964877
:108CB0000078401C944908702800C0B29249097895
:108CC000113988425DD1924890F84A00800655D506
:108CD0008F4890F85000C00750D5FF20824981F896
:108CE000A20F2020804981F8A30F8948C08800285E
:108CF00008D100207C4981F8A40F80207A4981F8AE
:108D0000A50F07E00020784981F8A40FA420764938
:108D100081F8A50F0020744981F8A60F022072493E
:108D200081F8A70F7A48B0F9000000126E4981F867
:108D3000A80F774800886C4981F8A90F08217C4862
:108D4000FAF750FA0400200080B2000A664981F860
:108D5000AA0F654880F8AB4F01224FF4807171482B
:108D6000FCF7B3FC1420704908700A22704971485E
:108D7000FCF70DFD32206749088002E011206249AE
:108D800008702800C0B2604909781139884202DAB7
:108D900011205D49087002E011205B4908705D48B0
:108DA0000088652841DB5848007811280DDB5648BB
:108DB0000078192809DA5448007810384A4981F8AF
:108DC000A20F1320484981F8A30F002052490870D0
:108DD0004D480078444981F8A40F0020424981F8A9
:108DE000A50F0020404981F8A60F00203E4981F8D8
:108DF000A70F06214E48FAF7F5F90400200080B2CB
:108E0000000A394981F8A80F374880F8A94F012294
:108E10004FF480714348FCF758FC14204249087015
:108E2000082243494348FCF7B2FC31BD344800787E
:108E300011280BDB32480078192807DA3748304907
:108E4000097800EB4100052120F81C1C704738B55B
:108E50002A48007801283FD100202849087020487E
:108E60000088811E89B23448FAF7BCF904001E4814
:108E70001B490988084441F2F811415C09021A486B
:108E8000174A1288104441F2F912805C01430D0028
:108E90002000290080B289B288421DD140F6B83046
:108EA00026490880FFF7C2FF10480078132803D135
:108EB0002148FFF740FC06E00C480078152802D155
:108EC0001D48FFF76BFD002004490880322011493E
:108ED000088001201049087031BD000052130020A5
:108EE0005C130020044C00402C00002027120020BE
:108EF0002A1200202B1200205A1300206613002093
:108F00002812002029120020671300206030002062
:108F10002C780020541300206A130020BC77002016
:108F200068130020000802406B1300205813002033
:108F3000CE0F00205C7C0020261200205E13002053
:108F4000DFF88C080168DFF88C080088002803D15E
:108F50000020DFF884281080DFF87C080088B0F556
:108F60008A7F03DB0020DFF870281080DFF86808B4
:108F70000088002814D10800C0B2652810D1DFF89D
:108F80005C08DFF854281288104441F2CC62815406
:108F9000DFF844080088401CDFF83C2810806DE1B1
:108FA000DFF834080088012820D10800C0B2132857
:108FB0000BD00800C0B2152807D00800C0B20328A3
:108FC00003D00800C0B2102810D1DFF81008DFF875
:108FD00008281288104441F2CC628154DFF8F80767
:108FE0000088401CDFF8F027108047E1DFF8E80731
:108FF00000880228C0F23E81DFF8E40700781328D9
:1090000040F08C80DFF8D0070088022810D1DFF80C
:10901000CC07DFF8C4271288104441F2CC62815497
:10902000DFF8B4070088401CDFF8AC27108025E18A
:10903000DFF8A4070088032810D1DFF8A007DFF8C5
:1090400098271288104441F2CC628154DFF88807D7
:109050000088401CDFF8802710800FE1DFF87807D8
:109060000088042810D1DFF87407DFF86C27128815
:10907000104441F2CC628154DFF85C070088401C48
:10908000DFF854271080F9E0DFF84C070088052846
:1090900010D1DFF84807DFF840271288104441F26A
:1090A000CC628154DFF830070088401CDFF82827A5
:1090B0001080E3E0DFF820070088062829DBDFF8CE
:1090C00024070078DFF82027127852EA0022DFF820
:1090D0001C070280DFF80407DFF8FC261288104422
:1090E00041F2CC628154DFF8F0060088401CDFF8C2
:1090F000E8261080DFF8E0060088DFF8F026128806
:109100000832904240F0BA800120DFF8E426107067
:10911000B4E00020DFF8C0261080AFE0DFF8C00622
:10912000007815285ED1DFF8B0060088022810D13B
:10913000DFF8A806DFF8A0261288104441F2CC62BE
:109140008154DFF894060088401CDFF88C261080DC
:1091500094E0DFF884060088032810D1DFF87C064D
:10916000DFF874261288104441F2CC628154DFF893
:1091700068060088401CDFF8602610807EE0DFF87B
:1091800058060088042828DBDFF868060078DFF836
:109190006826127852EA0022DFF850060280DFF8D3
:1091A0003C06DFF834261288104441F2CC62815428
:1091B000DFF824060088401CDFF81C261080DFF84A
:1091C00018060088DFF824261288921D904255D197
:1091D0000120DFF81C26107050E00020DFF8F82591
:1091E00010804BE0DFF8F805007803283DD1DFF868
:1091F000E8050088022815D1DFF8E005DFF8D8255A
:109200001288104441F2CC628154DFF8CC0500880A
:10921000401CDFF8C42510800800C0B2DFF8CC2560
:1092200010802BE0DFF8B0050088032826DBDFF88C
:10923000AC05DFF8A4251288104441F2CC628154B9
:10924000DFF894050088401CDFF88C251080DFF8DB
:1092500088050088DFF894251288521D90420DD1B0
:109260000120DFF88C25107008E00020DFF8682569
:10927000108003E00020DFF8602510800A20DFF86E
:109280005425108070472DE9F04790F802805FEA7E
:109290000828C17851EA080890F802C090F803E065
:1092A000DFF858150978E0294ADBDFF8501509780E
:1092B000F02945DA90F804905FEA0929417951EAEA
:1092C00009094D46290089B25FF0020991FBF9F1C5
:1092D0000C00DFF82C95DFF8241591F800A006218A
:1092E00001FB0AFA09EB0A01B1F5A861F1465FFA40
:1092F00089F95FF0020A99FBFAF901EB49010B00C9
:1093000006210F0000210E003100A14689B21FFA8C
:1093100089F9494580F08F80390089B210F80190B1
:109320007F1C5FEA0929390089B2415C51EA0909C9
:109330004A467F1C1A809B1C1EF1020E761CE3E736
:10934000DFF8B8140978F02975DB90F804905FEA2B
:109350000929417951EA09094D46290089B25FF08E
:10936000020991FBF9F10C00DFF89894DFF88C14F6
:1093700091F800A0222101FB0AFA09EB0A01B1F5DC
:10938000FF51F1465FFA89F95FF0020A99FBFAF999
:1093900001EB49010B0006210F0000210E003100F6
:1093A000A14689B21FFA89F9494513D2390089B219
:1093B00010F801907F1C5FEA0929390089B2415CED
:1093C00051EA09094A467F1C1A809B1C1EF1020EB5
:1093D000761CE4E7DFF82C14B1F900105FF00A09FD
:1093E00091FBF9FA09FB1A1105290DDBDFF81414BA
:1093F000B1F900105FF00A0991FBF9F1491CDFF89F
:109400000494A9F800100BE0DFF8F813B1F900108C
:109410005FF00A0991FBF9F1DFF8E893A9F8001071
:10942000DFF8E01309885FF00A0911FB09F1DFF8A2
:10943000D493A9F80010BDE8F087F0B4867836021E
:10944000C1780E43011DDFF8B4030078E0282FDB5C
:10945000DFF8A8030078F0282ADA300080B200286C
:1094600056D008780400481C01780D00401CB61E38
:109470000778411C3F02087807433A00491CDFF88F
:109480008073DFF8780390F800C0062000FB0CFC26
:1094900007EB0C00B0F5A8602F00FFB25FF0020CE4
:1094A00097FBFCF700EB470003001A80B61ED4E7D9
:1094B000DFF848030078F0282ADB300080B200286B
:1094C00026D008780400481C01780D00401CB61E08
:1094D0000778411C3F02087807433A00491CDFF82F
:1094E0002473DFF8180390F800C0222000FB0CFC66
:1094F00007EB0C00B0F5FF502F00FFB25FF0020C3D
:1095000097FBFCF700EB470003001A80B61ED4E778
:10951000F0BC704770B5DFF8F0020088022880F2D6
:10952000EF80DFF8E802B0F84C00002800F0E88097
:10953000DFF8D802B0F84C50B448B0F84C60B6B27E
:10954000360AB148008801284AD14FF49670AE49D6
:109550000880AF480078002842D1A8480078E02869
:109560001FDBA6480078F0281BDAAA48A34909782F
:1095700000EB4100B0F5CD700088002830D0A54840
:109580009E49097800EB4100B0F5CD70A1499B4A96
:10959000127801EB4201B1F5CD710988491E0180B5
:1095A0001EE096480078F0281ADB9A48934909781B
:1095B00000EB4100B0F5CD700088002810D0954830
:1095C0008E49097800EB4100B0F5CD7091498B4A86
:1095D000127801EB4201B1F5CD710988491E018075
:1095E0008D480078012813D1012208218B48FCF70F
:1095F0006CF814208A4908708A480288921C92B23A
:1096000089498A48FCF7C3F800208349087077E04D
:109610007A480078E0380F2803D910380F2818D975
:1096200027E076480078401C744908707348007839
:10963000E0382900C9B288420ADB3000C0B20028F5
:1096400003D0F0206D49087002E0E0206B490870FB
:1096500012E06A480078401C684908706748007842
:10966000F0383100C9B2884202DBE020634908705B
:1096700002E0E0206149087060480078E0280BDBD8
:109680005E480078F02807DA5C4800786649087080
:109690001320674908700AE058480078F02806DB74
:1096A000564800786049087013206149087000200E
:1096B00057490870514800785E49087000205E499B
:1096C000087000205D49087000205D49087006217F
:1096D0005548F9F787FD0400200080B2000A594977
:1096E000087059480470012208214C48FBF7EDFF2F
:1096F00014204B49087008224B494C48FCF747F8A6
:1097000070BD3C480078E0280DDB3A480078F0282E
:1097100009DA40483749097800EB4100B0F5CD70CF
:10972000052101800CE033480078F02808DB394837
:109730003049097800EB4100B0F5CD70052101807A
:10974000704738B52A48007801283FD100202849C1
:10975000087021480088811E89B23C48F9F742FD13
:1097600004001E481C490988084441F2CA61415C52
:1097700009021A48184A1288104441F2CB62805CF0
:1097800001430D002000290080B289B288421DD11A
:1097900040F6B8302E490880FFF7B3FF1048007834
:1097A000132803D12948FFF76EFD06E00C48007826
:1097B000152802D12548FFF740FE00200549088002
:1097C00014201149088001201149087031BD0000A2
:1097D00004500040241800202E1800202C000020E7
:1097E000F9160020FC160020FD1600202C18002081
:1097F00038180020FA160020FB1600203918002027
:10980000847A0020546C0020261800202C78002038
:109810003C180020BC7700203A18002000000240CD
:109820003D1800202A180020A01400209C7C002055
:10983000A1140020A2140020A3140020A4140020CE
:10984000A5140020A6140020A7140020F81600205C
:10985000301800202DE9F84305005FF000090024CE
:10986000002600272878C0070ED5DFF8F40301682A
:1098700031F0C061E8690143DFF8E4030160E869A1
:10988000002801D101200700287880070ED5DFF8D5
:10989000D003016831F0C051286A0143DFF8C003EA
:1098A0000160286A002801D101200700286880048F
:1098B0001ED5DFF8AC03016831F44011A86C0143F8
:1098C000DFF89C030160A86C002801D1012007008B
:1098D000A86CB0F5001F0BD1DFF88403006830F4EA
:1098E000F8506969491E50EA0120DFF874130860D6
:1098F000286840041ED5DFF86803016831F4400190
:10990000E86C0143DFF858030160E86C002801D1DE
:1099100001200700E86CB0F5000F0BD1DFF8400321
:10992000006830F4F8506969491E50EA0120DFF8F8
:10993000301308602878000740F1848000200090F0
:10994000DFF82003006850F08050DFF8181308603B
:10995000DFF81003006810F0805000900098DFF8E6
:109960000803006850F48070DFF8FC12086000F013
:1099700067FF8146DFF8F0020068C00507D400F0F9
:109980005FFFB0EB09000328F4D3032066E1DFF8A2
:10999000DC02006810F440700400002C2CD0686ACF
:1099A00010F44070844227D0DFF8C002006830F421
:1099B000407004000120DFF8B81208600020DFF8D2
:1099C000B0120860DFF8A4020460DFF8A0020068AB
:1099D000C00711D500F034FF8146DFF8900200681F
:1099E000800709D400F02CFFB0EB090041F2893167
:1099F0008842F2D3032031E1686A10F44070B0F578
:109A0000407F0DD1DFF86C02016831F4F8116A6A09
:109A1000DFF8640202401143DFF85802016007E0FA
:109A2000DFF85002006830F4F810DFF848120860E0
:109A3000DFF838020068696A0905090D0843DFF894
:109A40002C1208602878400704D595F85400DFF8F8
:109A5000E01508602878C00609D5DFF8E40501683C
:109A600031F44001E86A0143DFF8D4050160287849
:109A700080060FD5DFF8C805016831F00061286B5A
:109A80000143DFF8BC050160286BB0F1006F01D124
:109A9000012007002878400609D5DFF8A4050168F1
:109AA00031F08051A86A0143DFF894050160012F6D
:109AB00003D02868802840F08F800020DFF87415DC
:109AC000086000F0BDFE8046DFF86C05006800010C
:109AD00007D500F0B5FEB0EB08000328F4D303204F
:109AE000BCE0286DDFF8541508602878C00702D55F
:109AF000E869002816D02878800702D5286A00284F
:109B000010D02878800603D5286BB0F1006F09D0FB
:109B10002878400613D5A86A002810D1286BB0F128
:109B2000006F0CD16868A96850EA8110E96850EAB2
:109B30000160296950EA0170DFF80815086028689B
:109B4000800402D5A86C002805D0286840041FD5E1
:109B5000E86C00281CD1DFF8EC040068C0F3036057
:109B600006006868A96850EA811050EA0660296911
:109B700050EA0170DFF8CC140860DFF8E4000068F8
:109B800040094001A969491E0843DFF8D410086064
:109B9000287800060CD56868A96850EA8110E96841
:109BA00050EA0160296950EA0170DFF898140860F2
:109BB0000120DFF88014086000F042FE8146DFF8E3
:109BC00078040068000107D400F03AFEB0EB090009
:109BD0000328F4D3032041E02868C00509D5DFF845
:109BE0008000016821F00041686B0143DFF87000DC
:109BF00001602868800509D5DFF86400016831F448
:109C00000041A86B0143DFF8580001602868400557
:109C100009D5DFF84C00016821F00041E86B0143F1
:109C2000DFF83C0001602868000509D5DFF8300046
:109C3000016831F48041286C0143DFF824000160A1
:109C40002868C00409D5DFF8F803016821F0404115
:109C5000686C0143DFF8E80301600020BDE8F2838F
:109C60008C3802404038024000700040703802409A
:109C7000400E474208380240FFFCFF0F7CB504004D
:109C800000252078C0076FD5DFF8CC03006810F0FE
:109C90000C0004280BD0DFF8C003006810F00C00A3
:109CA00008280ED1DFF8A0030068400209D5DFF8CC
:109CB000A0030068800357D56068002854D10120B4
:109CC000B5E16068B0F5803F08D1DFF88403006833
:109CD00050F48030DFF87813086024E06068B0F555
:109CE000A02F10D1DFF86803006850F48020DFF85F
:109CF00060130860DFF85803006850F48030DFF824
:109D0000501308600FE0DFF84803006830F480303B
:109D1000DFF83C130860DFF83803006830F4802077
:109D2000DFF82C130860606800280ED000F088FD72
:109D30000500DFF81C030068800315D400F080FDE7
:109D4000401B6528F5D3032071E100F079FD050083
:109D5000DFF8FC020068800306D500F071FD401BAF
:109D60006528F5D3032062E1207880075CD5DFF811
:109D7000E802006810F00C0F0BD0DFF8DC0200687E
:109D800010F00C0008281AD1DFF8BC02006840026D
:109D900015D4DFF8BC020068800704D5E06801280C
:109DA00001D0012043E1DFF8A802006830F0F8009C
:109DB000216950EAC100DFF89812086034E0E068D9
:109DC00000281ED00120DFF89412086000F038FD52
:109DD0000500DFF87C020068800706D400F030FD43
:109DE000401B0328F5D3032021E1DFF8640200685B
:109DF00030F0F800216950EAC100DFF85412086021
:109E000012E00020DFF85412086000F019FD050090
:109E1000DFF83C020068800706D500F011FD401B0A
:109E20000328F5D3032002E12078000726D56069D6
:109E3000002812D00120DFF82812086000F000FD91
:109E40000500DFF810020068800717D400F0F8FC66
:109E5000401B0328F5D30320E9E000208049086077
:109E600000F0EEFC05007B480068800706D500F096
:109E7000E7FC401B0328F6D30320D8E020784007F6
:109E800040F18080002677480068C0000FD4002091
:109E900000907448006850F0805072490860714822
:109EA000006810F0805000900098012006006E4875
:109EB0000068C00513D46C48006850F480706A498B
:109EC000086000F0BDFC050067480068C00506D4C6
:109ED00000F0B6FC401B0328F6D30320A7E0A068DF
:109EE000012806D15948006850F001005749086020
:109EF0001BE0A06805280CD15448006850F004000D
:109F0000524908605148006850F001004F4908600C
:109F10000BE04E480068400840004C4908604B4840
:109F2000006830F0040049490860A06800280FD09C
:109F300000F086FC050045480068800718D400F052
:109F40007FFC401B41F289318842F4D303206EE04C
:109F500000F076FC05003D480068800708D500F059
:109F60006FFC401B41F289318842F4D303205EE04C
:109F70003000C0B2012805D13A48006830F0805066
:109F800038490860A069002850D03348006810F0B4
:109F90000C00082848D0A069022834D10020334999
:109FA000086000F04DFC060029480068800106D5D5
:109FB00000F046FC801B0328F6D3032037E0E1695C
:109FC000206A0143606A51EA8011A06A4008401E7D
:109FD00051EA0041E06A51EA0061206B51EA0071E8
:109FE0001948016001202149086000F029FC0500A2
:109FF00017480068800119D400F022FC401B032898
:10A00000F6D3032013E000201849086000F018FC84
:10A0100005000F480068800108D500F011FC401BC6
:10A020000328F6D3032002E0012000E0002076BDE3
:10A03000E01147426800474200380240D8104742CA
:10A04000943802408438024004380240703802409C
:10A05000003802407438024008380240000047428D
:10A06000800E474240380240007000406000474286
:10A0700070B504000D00002C01D101209CE05B486C
:10A08000006810F00F00A84209D2584805705748E0
:10A09000006810F00F00A84201D001208CE0207869
:10A0A000800719D52078400705D55148006850F43D
:10A0B000E0504F4908602078000705D54C480068FB
:10A0C00050F460404A4908604948016831F0F001A5
:10A0D000A0680143464801602078C00736D5606813
:10A0E000012805D143480068800313D4012063E0B0
:10A0F0006068022802D06068032805D13D480068E6
:10A10000800107D4012057E03A480068800701D455
:10A11000012051E0364801688908890060680143E0
:10A120003348016000F08CFB06003148006810F0F5
:10A130000C006168B0EB810F08D000F081FB801B40
:10A1400041F289318842F0D3032035E02748006886
:10A1500010F00F00854209D224480570234800689A
:10A1600010F00F00A84201D0012025E02078400720
:10A1700007D51F48016831F4E051E06801431C48ED
:10A1800001602078000708D51948006830F4604065
:10A19000216950EAC1001649086000F0E1FE164945
:10A1A000134A1268C2F30312895CC840134908605D
:10A1B000002000F0E3FB002070BD104800687047ED
:10A1C00080B5FFF7FAFF0E49094A1268C2F38222EE
:10A1D000895CC84002BD80B5FFF7EFFF0849044A1B
:10A1E0001268C2F34232895CC84002BD003C0240A2
:10A1F00008380240003802404C09030804000020DF
:10A20000A009030838B50400002C01D1012020E08A
:10A210004CF6CC402168086045F255502168086032
:10A22000606821684860A0682168886000F008FBC9
:10A2300005002068C068002806D000F001FB401B24
:10A240003128F6D3032004E04AF6AA2021680860EA
:10A25000002032BD80B500200090DFF8C004006807
:10A2600050F48040DFF8B4140860DFF8B0040068F0
:10A2700010F480400090009800200090DFF8A004C7
:10A28000006850F08050DFF898140860DFF8900400
:10A29000006810F08050009000980320F9F7CBFA86
:10A2A000002200217FF00B00F9F7CBFA00220021F9
:10A2B0007FF00A00F9F7C5FA002200217FF00900BB
:10A2C000F9F7BFFA002200217FF00400F9F7B9FA8C
:10A2D000002200217FF00300F9F7B3FA00220021E9
:10A2E0007FF00100F9F7ADFA002200215FF0FF30A6
:10A2F000F9F7A7FA01BD0168DFF82C24914203D1D8
:10A300000121DFF828241160704710B586B00400E1
:10A310002068DFF81C1488421FD100200090DFF86D
:10A320000004006850F40040DFF8F4130860DFF820
:10A33000F003006810F4004000900098382001906D
:10A340000220029000200390032004900620059034
:10A3500001A9DFF8D003FBF7AFF806B010BD10B5C8
:10A3600086B004002068DFF8CC13884239D1002081
:10A370000590DFF8AC03006850F40020DFF8A0136C
:10A380000860DFF89C03006810F400200590059831
:10A390004FF4806000900220019001200290032081
:10A3A0000390082004906946DFF88C03FBF784F8DB
:10A3B0004FF40060009002200190012002900320E1
:10A3C0000390082004906946DFF87003FBF774F8E7
:10A3D000002200213420F9F734FA3420F9F746FA44
:10A3E0009AE12068DFF85813884238D100200590A0
:10A3F000DFF82C03006850F48010DFF824130860A5
:10A40000DFF81C03006810F48010059005984FF4E5
:10A4100080500090022001900120029003200390C0
:10A42000082004906946DFF81403FBF745F8042080
:10A430000090022001900120029003200390082048
:10A4400004906946DFF8F002FBF736F8002200219D
:10A450003520F9F7F6F93520F9F708FA5CE12068BC
:10A46000DFF8E012884229D100200590DFF8B00221
:10A47000006850F08040DFF8A8120860DFF8A00202
:10A48000006810F08040059005984FF4C07000906F
:10A4900002200190012002900320039008200490E4
:10A4A0006946DFF8A402FBF707F8002200215220DA
:10A4B000F9F7C7F95220F9F7D9F92DE12068DFF84B
:10A4C0008C12884228D100200590DFF854020068E1
:10A4D00050F00040DFF848120860DFF844020068DE
:10A4E00010F0004005900598032000900220019094
:10A4F0000120029003200390082004906946DFF8B1
:10A500004802FAF7D9FF002200215320F9F799F900
:10A510005320F9F7ABF9FFE02068DFF834128842E6
:10A5200029D100200590DFF8F401006850F04000C8
:10A53000DFF8E8110860DFF8E401006810F040007F
:10A54000059005984FF440400090022001900120B2
:10A550000290032003900B2004906946DFF8D80195
:10A56000FAF7AAFF002200215820F9F76AF95820CB
:10A57000F9F77CF9D0E02068DFF8D811884226D1BD
:10A5800000200590DFF89401006850F080006349D6
:10A5900008606248006810F08000059005980C2063
:10A5A00000900220019001200290032003900B20D4
:10A5B00004906946DFF89001FAF77EFF002200213F
:10A5C0005920F9F73EF95920F9F750F9A4E020682D
:10A5D0006149884225D1002005905048006850F01C
:10A5E00010004E4908604D48006810F010000590BA
:10A5F00005984FF4C0600090022001900120029065
:10A60000032003900720049069465448FAF754FF4A
:10A61000002200212520F9F714F92520F9F726F961
:10A620007AE020684E49884224D1002005903C48B9
:10A63000006850F400303A4908603948006810F466
:10A6400000300590059860200090022001900120C4
:10A650000290032003900720049069463648FAF7D9
:10A660002BFF002200212620F9F7EBF82620F9F72E
:10A67000FDF851E020683B49884225D10020059033
:10A680002748006850F48020254908602448006865
:10A6900010F48020059005984FF44070009002203F
:10A6A0000190012002900320039007200490694646
:10A6B0002148FAF701FF002200212720F9F7C1F80D
:10A6C0002720F9F7D3F827E020682749884223D1CB
:10A6D000002005901148006850F020000F490860E4
:10A6E0000E48006810F0200005900598C0200090EA
:10A6F0000220019001200290032003900820049082
:10A7000069460E48FAF7D8FE002200214720F9F7E3
:10A7100098F84720F9F7AAF806B010BD443802406F
:10A720004038024000040240002800403C0E4742EE
:10A73000003C0040004C0040000C02400008024079
:10A74000005000400078004000100240007C0040B3
:10A7500000180140001C01400010014000000240B0
:10A76000004400400048004000140140010091F8FE
:10A770003500022803D080204865012009E005202B
:10A7800081F8350008680068400840000A681060D9
:10A79000002070477047704762B38B0708D0521E85
:10A7A00011F8013B00F8013B00F024808B07F6D143
:10A7B000830740F0208000BF103A07D330B4B1E8DF
:10A7C0003810103AA0E83810F9D230BC530724BF33
:10A7D000B1E80810A0E8081044BF51F8043B40F865
:10A7E000043BD20724BF31F8022B20F8022B44BFD0
:10A7F0000B7803707047121F17D35B0009D151F813
:10A80000043B20F8023B1B0C121F20F8023BF6D23F
:10A810000BE051F8043B00F8013B1B0A20F8023B17
:10A820001B0C121F00F8013BF3D238BF121D521E41
:10A8300024BF11F8013B00F8013BF8D87047000035
:10A8400001480068704700BFC080002030B402009B
:10A85000100080B2802801DA100024E000290FD017
:10A86000100080B2B0F5807F01DB00201BE0404883
:10A8700013009BB200EB4300B0F58070008812E03B
:10A88000002003009BB2802B0ADA1300384C05002D
:10A89000ADB234F815409BB2A34201D0401CF0E7A2
:10A8A000803000F0FF0080B230BC704770B401000F
:10A8B000080080B2B0F5805F01DA2E4D00E02E4D29
:10A8C00028880200AD1C100080B2002805D00800C6
:10A8D000160080B2B6B2B04200D245E02888AD1C66
:10A8E0000600B6B2360A340000F0FF00030008008C
:10A8F00080B21E00B6B216FA82F6B0422BDA200001
:10A9000080B200280CD0022816D010D3042817D00B
:10A9100014D3062818D015D3082819D016D319E057
:10A9200089B2100080B2091A35F8111012E0881AA5
:10A9300010F00100091A0DE010390BE0203909E090
:10A94000303907E01A3905E0083103E0503901E0F9
:10A95000B1F5E35108E0200080B20028B0D1180022
:10A9600080B205EB4005ABE7080080B270BC7047D1
:10A9700008050308CC0103080806030810B5040005
:10A980004FF47A700D490978B0FBF1F00C49096871
:10A99000B1FBF0F0F8F775FF002801D001200CE0C2
:10A9A000102C09D2002221005FF0FF30F8F749FF98
:10A9B00004480460002000E0012010BD28000020B1
:10A9C000040000200000002070B504000D001600F7
:10A9D000002C01D1022013E084F8BC630020C4F8ED
:10A9E00074030020C4F87803200000F00AF828005F
:10A9F000002801D0C4F8C453200000F045FB00201B
:10AA000070BD010000200F2806D2002201EB800358
:10AA1000C3F87C23401CF6E70022B2F5007F06D283
:10AA2000002001EB020383F81C01521CF5E7002013
:10AA3000087000204870012088700020C1F8B80319
:10AA4000012008764020887100204876002081F897
:10AA50001C03012081F81D030020704710B4020080
:10AA60000023002910D0D2F8780300280AD1D2F8A8
:10AA70007803441CC2F8784302EB8000C0F87013DE
:10AA8000002002E0022000E00220C0B210BC7047AB
:10AA900010B4020000200B0092F83643DBB2A34250
:10AAA00002D282F81F1301E002231800C0B210BCCA
:10AAB0007047F0B404000025002604F23237280065
:10AAC00040B202282BDA280040B25FF01A0C10FBCB
:10AAD0000CF038440A30060070798C465FFA8CFC22
:10AAE000604503D00800C0B2FF2816D1B079944663
:10AAF0005FFA8CFC604503D01000C0B2FF280CD177
:10AB0000F0799C465FFA8CFC604503D01800C0B217
:10AB1000FF2802D12800C0B202E06D1CCFE7FF2061
:10AB2000F0BC704710B50400200000F0E9FA0121E4
:10AB3000200000F0F6FB002010BD38B584B0040002
:10AB400002208DF80C0000252078002815D001285F
:10AB500020D002281FD0032800F0D38005284DD034
:10AB6000062800F0AF8007285AD0082864D00928AA
:10AB70006DD00A2800F0BB80D3E094F81E030028B3
:10AB800007D001202070C82000F01BFC200000F03E
:10AB900009FBC6E0C5E0642000F013FC200000F0D3
:10ABA000EBFA84F81D03052020700021200000F03E
:10ABB00031FC60718021200000F02CFC2071A07914
:10ABC00080B202900020019094F81D03009094F848
:10ABD0001C3380222179200000F0F9FBA07980B29B
:10ABE00002900020019094F81D03009094F81C330B
:10ABF00000226179200000F0EAFB92E0200000F0E2
:10AC000093F800280BD1002084F81F0394F8310337
:10AC1000012802D10820207001E00720207080E088
:10AC2000D4F8C403002806D001212000D4F8C4239E
:10AC300090470820207074E094F8371389B2200000
:10AC400000F0CAFC002801D10920207069E0D4F886
:10AC50007803002835D00020C4F8740300200500D4
:10AC60002800C0B2002814D12800C0B204EB800034
:10AC7000D0F87003007994F84113884207D1280076
:10AC8000C0B204EB8000D0F87003C4F874036D1CEC
:10AC9000E6E7D4F87403002811D02000D4F8741328
:10ACA00089688847002807D10620207003212000EA
:10ACB000D4F8C423904704E00C20207001E00C205D
:10ACC00020702EE0D4F8740300280DD02000D4F8B2
:10ACD0007413096988478DF80C009DF80C00002852
:10ACE00004D10A20207001E00C20207019E0D4F873
:10ACF0007403002804D02000D4F8741349698847ED
:10AD00000FE02000FFF77DFED4F87403002807D081
:10AD10002000D4F87413C96888470020C4F874036D
:10AD2000FFE7002005B030BD3EB504000125607886
:10AD300000280DD002283ED034D3042871D067D328
:10AD4000062800F08C8076D3072800F09C80AEE0C7
:10AD50000821200000F0A3FB002822D194F827034B
:10AD6000A07101206070A07980B202900020019053
:10AD700094F81D03009094F81C3380222179200060
:10AD800000F025FBA07980B202900020019094F899
:10AD90001D03009094F81C3300226179200000F01C
:10ADA00016FB84E01221200000F079FB002801D17D
:10ADB000022060707BE00121200000F0F6FB0028FB
:10ADC00025D1022000F0FDFA012084F81C030320A5
:10ADD0006070A07980B202900020019094F81D0369
:10ADE000009094F81C3380222179200000F0EFFAC3
:10ADF000A07980B202900020019094F81D03009089
:10AE000094F81C3300226179200000F0E0FA4EE053
:10AE10000921200000F062FB002801D104206070AD
:10AE200045E0B4F83413200000F058FB002801D1AD
:10AE3000052060703BE094F82E0300280CD0FF231F
:10AE400014F58E7294F82E13200000F064FB002895
:10AE500004D10620607001E00620607027E094F8BD
:10AE60002F0300280CD0FF2314F58E7294F82F13B3
:10AE7000200000F050FB002804D10720607001E0A2
:10AE80000720607013E094F8300300280CD0FF23F3
:10AE900014F58E7294F83013200000F03CFB00286B
:10AEA00004D10020050001E000200500FFE7280094
:10AEB000C0B23EBDC0F8B813704710B50400D4F856
:10AEC000B803401CC4F8B803200000F001F810BD1E
:10AED00010B5040020780A2808D1D4F8740300289B
:10AEE00004D02000D4F874138969884710BD10B5C8
:10AEF0000400207800280CD1012084F81E03D4F827
:10AF0000C40300280AD004212000D4F8C4239047A9
:10AF100004E02078012801D102202070002010BD1B
:10AF200010B50400200000F009F92179200000F09C
:10AF300089FA6179200000F085FA002084F81E0368
:10AF4000D4F8C403002804D005212000D4F8C42379
:10AF50009047200000F0D4F803202070002010BD9E
:10AF6000F0B500240025002600271E48006810F0D8
:10AF70000C00002804D0042804D0082804D02FE0B6
:10AF800019482EE019482CE01948006810F03F00DD
:10AF900004001748006840020CD515480068C0F34B
:10AFA00088101249A1FB00012200002300F07AFD65
:10AFB00005000BE00E480068C0F388100A49A1FBA9
:10AFC00000012200002300F06DFD05000848006824
:10AFD000C0F30140401C40000600B5FBF6F000E065
:10AFE0000148F0BD083802400024F40040787D019B
:10AFF0000438024010B586B004002068B0F1A04FBC
:10B000002AD14FF4C05001900220029000200390FA
:10B01000032004900A20059001A93448FAF74CFA5D
:10B020003348006850F080003149086000200090EB
:10B030003048006850F480402E4908602D48006870
:10B0400010F4804000900098002200214320F8F77F
:10B05000F8FB4320F8F70AFC06B010BD10B5040059
:10B06000D4F89402FFF729FF10BD10B50400D4F8FE
:10B070009402FFF73CFF10BD10B50400D4F8940211
:10B08000FFF74EFF10BD704710B5040094F8BC03E5
:10B09000012828D11848C0F894421748C4F8C003C2
:10B0A0005FF0A040144908600C2013498860032019
:10B0B0001149C86000201049086102200E498861CA
:10B0C00000200D49C8610C4800F004FE002803D0A0
:10B0D000D8210A48FAF7DAF9074801F0E5F8010043
:10B0E0002000FFF7E7FE002010BD00000000024036
:10B0F0003438024044380240C8600020EC0703089E
:10B1000070B5040000260025D4F8C00301F08FF8C4
:10B1100001000800C0B2002805D0022807D004D3DF
:10B12000032806D007E0002006E0022004E001200A
:10B1300002E0022000E00220C0B270BD70B5040041
:10B1400000260025D4F8C00301F088F801000800AB
:10B15000C0B2002805D0022807D004D3032806D0A7
:10B1600007E0002006E0022004E0012002E00220C7
:10B1700000E00220C0B270BD38B504000125D4F84B
:10B18000C00301F097F8002803D0022805D002D3AD
:10B1900005E0002004E0012002E0022000E00120A0
:10B1A000C0B232BD70B5040000260025D4F8C0033B
:10B1B00001F067F801000800C0B2002805D002289D
:10B1C00007D004D3032806D007E0002006E00220C1
:10B1D00004E0012002E0022000E00220C0B270BDC5
:10B1E00038B504000D002900C9B2D4F8C00301F03D
:10B1F00055F832BD2DE9FE4304000D0016001F0076
:10B200005FF000095FF00008BDF8300002909DF883
:10B210002C0001909DF8280000903B00DBB232002A
:10B22000D2B22900C9B2D4F8C00300F081FD0100F8
:10B230000800C0B2002805D0022807D004D3032894
:10B2400006D007E0002006E0022004E0012002E032
:10B25000022000E00220C0B2BDE8FE83F8B5040081
:10B260000D00002700262900C9B2D4F8C00300F061
:10B27000C8FD01000800C0B2002805D0022807D090
:10B2800004D3032806D007E0002006E0022004E0F3
:10B29000012002E0022000E00220C0B2F2BD2DE950
:10B2A000F84384B004000D0016001F005FF0000991
:10B2B0005FF000089DF83C000390BDF83800029054
:10B2C0000D9801909DF8300000903B00DBB23200F9
:10B2D000D2B22900C9B2D4F8C00300F0AAFD01001F
:10B2E0000800C0B2002805D0022807D004D30328E4
:10B2F00006D007E0002006E0022004E0012002E082
:10B30000022000E00220C0B205B0BDE8F08338B5ED
:10B3100004000D002900C9B2D4F8C00300F0B7FF43
:10B3200032BD38B504000D0094F8BC030128C820D4
:10B3300001F036FE002032BD30B40300D3F8C04324
:10B340000D00EDB22820454304EB050090F83B00CA
:10B35000002808D00D00EDB22820454304EB05007D
:10B3600080F8502007E00D00EDB22820454304EBA3
:10B37000050080F85120002030BC704730B4020036
:10B380000024D2F8C0330D00EDB22820454303EB72
:10B39000050090F83B00002808D00D00EDB22820F1
:10B3A000454303EB050090F8500007E00D00EDB2B7
:10B3B0002820454303EB050090F85100C0B230BC93
:10B3C000704710B50400200001F0EAFD10BDFEB585
:10B3D00004000D0016001F00BDF8280002909DF823
:10B3E000240001909DF8200000903B00DBB2320069
:10B3F000D2B22900C9B22000FFF7FCFE0020FEBD3A
:10B4000038B504000D002900C9B22000FFF726FF5F
:10B41000002032BD38B504000D00200000F027F8F0
:10B42000010089B24FF6FF72914209D02900C9B2DA
:10B4300051F40041020092B204EB8202C2F87C1384
:10B44000C0B232BD02000800C0B20B280DDA0800FD
:10B45000C0B202EB8000D0F87C034004400C0B002B
:10B46000DBB202EB8303C3F87C03002070470100CA
:10B47000002000221000C0B20B280DDA1000C0B26C
:10B4800001EB8000D0F87C03000403D4D2B210009A
:10B4900080B203E0521CEDE74FF6FF7070477CB5B9
:10B4A00004000D002800C0B280B2009014F58E7325
:10B4B0004FF480720021200000F050F80600C0B266
:10B4C000002808D12A00D2B292B214F58E7114F578
:10B4D000487000F0ADF83000C0B276BDF8B5040099
:10B4E0000D0014F11C07280080B200903B004FF4BF
:10B4F00000720021200000F031F80600C0B20028E0
:10B5000006D12A0092B2390004F2323000F0BFF8BE
:10B510003000C0B2F2BD2DE9FC4104000D00160060
:10B520001F00380080B2009014F58E732A00D2B24A
:10B5300052F4407292B20021200000F00FF88046D1
:10B54000C0B2002806D13A0092B2310014F58E70D4
:10B5500000F036F94046C0B2BDE8F6812DE9F04171
:10B5600005000E0090461F00069CA878012814D103
:10B5700056F08000287406206874A5F812804046B2
:10B5800080B210F47F40B0F5407F03D140F2094013
:10B59000A88201E00020A882EC82220092B2390049
:10B5A000280000F038F9BDE8F08138B504000D003E
:10B5B000A07801280AD1002020740520607428009A
:10B5C000C0B260820020A0820020E0820022002120
:10B5D000200000F020F932BD38B504000D00A0783D
:10B5E000012808D1002020740920607465820020A1
:10B5F000A0820020E08200220021200000F00BF950
:10B6000032BD38B504000D00A07801280AD102200F
:10B61000207401206074002060822800C0B2A082E3
:10B620000020E08200220021200000F0F4F832BD6A
:10B6300010B40B7803704B7843708B78CC7824026D
:10B64000E31843800B7903714B7943718B798371D4
:10B65000CB79C37113009BB2092B16DB0B7A4C7AA2
:10B660002402E31803818B7ACC7A2402E318438105
:10B670000B7B4C7B2402E31883818B7B8373CB7B16
:10B68000C3730B7C03744B7C437410BC70472DE96F
:10B69000F84F04000D00160028005FF000095FF06D
:10B6A000000AAB462978217069786170A978EA7838
:10B6B0001202511861802979217169796171A97922
:10B6C000A171E979E171297A2172310089B20A29DF
:10B6D00051DB0920ADF8000000200700484640B2C9
:10B6E000022848DABDF800006188884243D26946E2
:10B6F000584600F087F883469BF801000428EDD1F6
:10B70000484640B21A2110FB01F020440A300700DD
:10B710005946380000F031F800208246002080466B
:10B72000504640B2397900B209B2884220DABDF8F9
:10B730000000618888421BD26946584600F062F8D2
:10B7400083469BF801000528EAD1484640B21A21F9
:10B7500010FB01F02044514649B200EBC100143007
:10B7600080465946404600F01BF81AF1010AD7E717
:10B7700019F10109B2E7BDE8F18F0A7802704A7841
:10B7800042708A788270CA78C2700A7902714A79E6
:10B7900042718A798271CA79C2710A7A02727047DB
:10B7A0000A7802704A7842708A788270CA78C270C9
:10B7B0000A794B791B029A1882808A7982717047C4
:10B7C00070B44578032D1BD11500ADB20678B61EB6
:10B7D000B54202DB0478A41E00E01400801C0025A2
:10B7E0002B001D002600ADB2B6B2B54206D21D0038
:10B7F000ADB2455D0D70491C9B1CF2E700250D7034
:10B8000070BC704702000888137850FA83F00880F3
:10B81000107810447047F8B504000D001600012799
:10B82000A078012802D0022809D020E0A560A681D6
:10B83000012020760220A0700120070017E02000E0
:10B8400000F018F807003800C0B2002806D1012027
:10B85000A070002020760020070007E03800C0B26A
:10B86000022803D10120A07002200700FFE7380062
:10B87000C0B2F2BDF8B5040001260027207E0128E1
:10B8800016D0C0F00B81032846D01AD3052868D003
:10B890004ED3072800F0988071D3092800F0BC80AF
:10B8A000C0F09E800B2800F0E180C0F0C380F5E07E
:10B8B000627914F11001200001F086FB022020764D
:10B8C000ECE061792000FFF722FD07003800C0B2EC
:10B8D00001281AD1207C10F080000500E08A0028A1
:10B8E00009D02800C0B2802802D10320207612E0BF
:10B8F000052020760FE02800C0B2802802D1092060
:10B90000207608E00720207605E03800C0B2042841
:10B9100001D10B202076C1E0D4F8B803E08123796F
:10B92000A289A168200001F085FB04202076B5E003
:10B9300021792000FFF7EBFC07003800C0B2012896
:10B9400001D1092020763800C0B2052802D1032099
:10B95000060005E03800C0B2042801D10B20207693
:10B960009CE0012000906379A289A168200001F089
:10B9700040FBD4F8B803E081062020768EE06179A0
:10B980002000FFF7C4FC07003800C0B2012802D134
:10B990000720207617E03800C0B2052804D10C201B
:10B9A0002076032006000EE03800C0B2022802D143
:10B9B0000520207607E03800C0B2042803D10B2010
:10B9C00020760220060069E0237900220021200071
:10B9D00001F030FBD4F8B803E081082020765DE068
:10B9E00021792000FFF793FC07003800C0B201283E
:10B9F00004D10D202076002006000CE03800C0B2F3
:10BA0000042802D10B20207605E03800C0B20528BA
:10BA100001D10320060041E001200090637900225B
:10BA20000021200001F0E5FAD4F8B803E0810A20F3
:10BA3000207633E061792000FFF769FC07003800C9
:10BA4000C0B2012804D1002006000D2020760CE0B1
:10BA50003800C0B2022802D10920207605E0380063
:10BA6000C0B2042801D10B20207617E0607E401C74
:10BA70006076607E032807DA2000FFF75FFB012075
:10BA800020760120A07008E006212000D4F8C4230D
:10BA900090470020607602200600FFE73000C0B229
:10BAA000F2BD0000BBBBE1B1B2F5803F80F07E800B
:10BAB000022A1ED98C46B1FBF2F102FB11C31B0412
:10BAC00043EA1043B3FBF2FC02FB1C3380B240EAB2
:10BAD0000343B3FBF2F002FB103240EA0C400023B8
:10BAE0007047022A05D98446B0FBF2F002FB10C26F
:10BAF00070474AB105D100F0010249085FEA300001
:10BB0000704700220023704701F0E6BA0B000200E4
:10BB1000002100207047904271EB030CF6D3B3F57F
:10BB2000803F2FD2F0B5B3FA83F7B1FA81F4A7F1D1
:10BB30000F0E3D1B5340CEF1200602FA0EF2F341E8
:10BB40005340B5F10F0746D80F3C2C444140C4F197
:10BB50002006A040F1414140B1FBF3F603FB161172
:10BB6000A2FB0645001BA94102D2761E801859414E
:10BB700080EA010221FA0EF362FA0EF200215A4025
:10BB80003046F0BD30B4B1FBF3FC03FB1C11A2FB4B
:10BB90000C45001BA94103D2ACF1010C801859419E
:10BBA00030BC02460B46604600217047B2F1807FF0
:10BBB00065D3F0B5B2FA82F7B1FA81F4C7F10F0696
:10BBC0003D1B22FA06F307F1110EF24120355A40CF
:10BBD000B5F10F07B8D94140C4F12006A040F141AA
:10BBE0004140B1FBF3FC03FB1C11A2FB0C45001B05
:10BBF000A94103D2BCF1010C801859410F2F12D377
:10BC00000F3FC90341EA5041B1FBF3F603FB1611A4
:10BC1000A2FB0645D4EBC030A94102D2761E8018A3
:10BC2000594146EACC3C07B34140C7F12006B84031
:10BC3000F1414140B1FBF3F603FB1611A2FB0645AF
:10BC4000001BA94102D2761E8018594180EA0102E8
:10BC500021FA0EF3C7F1200462FA0EF20CFA07F093
:10BC60005A402CFA04F13043F0BD80EA010221FA77
:10BC70000EF3002162FA0EF260465A40F0BD8C4687
:10BC8000B1FBF2F102FB11C31B0243EA1063B3FBE9
:10BC9000F2FC02FB1C331B024CEA002043EA106357
:10BCA000B3FBF2FC02FB1C331B024CEA002043EA0C
:10BCB0001063B3FBF2FC02FB1C331B024CEA0020B6
:10BCC00043EA1063B3FBF2FC02FB1C324CEA002097
:10BCD0000023704710B58AB00400002C01D1012068
:10BCE00024E0032084F891022000FFF783F9206804
:10BCF00001F032FA211D83B068463422FEF75CFD64
:10BD00000EBC206801F0EAF90121206801F02BFA4D
:10BD1000211D83B068463422FEF74EFD0EBC20681C
:10BD200001F0C2FA012084F8910200200AB010BD8F
:10BD30002DE9FE4F0700884691469A460C9C0D9DC2
:10BD40000E9E5FF0000B97F89002012801D10220AF
:10BD500055E0012087F890024146C9B228204143AE
:10BD600007EB010080F838A04146C9B228204143C2
:10BD700007EB0100A0F840604146C9B228204143CA
:10BD800007EB010080F839804146C9B228204143C1
:10BD900007EB010080F83F5019F07F014246D2B214
:10BDA0002820424307EB020080F83A104946C9B206
:10BDB000C9094246D2B22820424307EB020080F86C
:10BDC0003B104146C9B22820414307EB010080F8EF
:10BDD0003C40300080B202902800C0B201902000A8
:10BDE000C0B200905346DBB24A46D2B24146C9B215
:10BDF000386801F044FB002187F89012C0B2BDE81A
:10BE0000FE8F70B504000D00002694F89002012802
:10BE100001D102200CE0012084F890022900C9B26F
:10BE2000206801F026FD002084F890023000C0B2A6
:10BE300070BD2DE9F84F0700884691469A460A9C46
:10BE4000DDF82CB00C9D0D9E4146C9B2282041431F
:10BE500007EB010080F83B904146C9B228204143DE
:10BE600007EB010080F83FA02000C0B2002809D1F4
:10BE700003214246D2B22820424307EB020080F859
:10BE8000421008E002214246D2B22820424307EB8A
:10BE9000020080F842105046C0B2002807D00228A5
:10BEA0004AD0C0F0DB80032800F09880DFE020005B
:10BEB000C0B201283FD14846C0B200283BD128007B
:10BEC00080B2002808D101214246D2B22820424344
:10BED00007EB020080F851104146C9B228204143C7
:10BEE00007EB010090F85100002809D100214246DB
:10BEF000D2B22820424307EB020080F8421008E04B
:10BF000002214246D2B22820424307EB020080F8C9
:10BF100042104146C9B22820414307EB010090F886
:10BF20005C00022807D04146C9B22820414307EBF4
:10BF3000010080F83D609AE04846C0B200282FD149
:10BF40004146C9B22820414307EB010090F8510057
:10BF5000002809D100214246D2B22820424307EBF3
:10BF6000020080F8421008E002214246D2B22820A6
:10BF7000424307EB020080F842104146C9B2282034
:10BF8000414307EB010090F85C00022825D04146B0
:10BF9000C9B22820414307EB010080F83D601CE056
:10BFA0004146C9B22820414307EB010090F85000F8
:10BFB000002809D100214246D2B22820424307EB93
:10BFC000020080F8421008E002214246D2B2282046
:10BFD000424307EB020080F8421048E04846C0B2F6
:10BFE00000281DD14146C9B22820414307EB01007A
:10BFF00090F85100002809D100214246D2B22820F1
:10C00000424307EB020080F8421026E0022142463C
:10C01000D2B22820424307EB020080F842101CE015
:10C020004146C9B22820414307EB010090F8500077
:10C03000002809D100214246D2B22820424307EB12
:10C04000020080F8421008E002214246D2B22820C5
:10C05000424307EB020080F8421008E0002142460C
:10C06000D2B22820424307EB020080F8421041463A
:10C07000C9B22820414307EB0100C0F844B02900B1
:10C0800089B24246D2B22820424307EB02008164C3
:10C0900000214246D2B22820424307EB020080F83A
:10C0A0005C1000214246D2B22820424307EB020036
:10C0B000C1644146C9B22820414307EB010080F822
:10C0C000398000214246D2B22820424307EB0200C9
:10C0D00080F85D103A69D2B24146C9B22820414386
:10C0E00007EB010010F13801386801F0C3FABDE830
:10C0F000F28FF8B50400256800260027206801F0BB
:10C10000B1F8012840F09280206801F0A5F80028DD
:10C1100000F08C80206801F09FF8800203D55FF466
:10C12000001021684861206801F096F8C00203D52C
:10C130005FF4801021684861206801F08DF84001AB
:10C1400003D55FF0806021684861206801F084F8C1
:10C15000800702D5022021684861206801F07CF840
:10C16000800012D515F58860006830F02E0015F5B6
:10C17000886108602000FEF77FFF0121206801F040
:10C1800003F95FF0005021684861206801F064F80D
:10C19000C00102D5200000F09DFE206801F05CF88F
:10C1A000000705D52000FEF759FF082021684861E7
:10C1B000206801F051F8800124D5206801F054FB7B
:10C1C000070000200600A068864217D23800F04021
:10C1D000C00711D515EB461010F5A06000680004EB
:10C1E00005D53100C9B2200000F06AF804E0310042
:10C1F000C9B2200000F033FB761CE4E75FF000706A
:10C2000021684861206801F027F8C0060ED5206833
:10C21000806930F0100021688861200000F0D8FDAE
:10C220002068806950F0100021688861F1BD10B568
:10C23000040094F89002012801D102200DE00120B1
:10C2400084F89002206800F080FF0121206801F04E
:10C25000DFF8002084F89002002010BD10B5040023
:10C2600094F89002012801D1022009E0012084F80D
:10C270009002206801F0E6FB002084F89002002084
:10C2800010BD10B50400206801F0A7F810BDC9B2B8
:10C2900028225143084490F85C007047C9B2282214
:10C2A00051430844C06C704710B50400206801F089
:10C2B000E1F810BD10B50400206801F0D0F810BD01
:10C2C000F8B504000D00266800272800C0B216EB60
:10C2D000401010F5A0608068400718D52800C0B253
:10C2E00016EB401010F5A060042181602800C0B258
:10C2F00016EB401010F5A0602900C9B216EB4111F1
:10C3000011F5A061C96851F00201C16081E0280007
:10C31000C0B216EB401010F5A0608068800608D50A
:10C320002800C0B216EB401010F5A06020218160FB
:10C330006FE02800C0B216EB401010F5A0608068D6
:10C3400000072ED52800C0B216EB401010F5A060F3
:10C350002900C9B216EB411111F5A061C96851F06D
:10C360000201C16005212A00D2B22820424304EB19
:10C37000020080F85D102800C0B216EB401010F5E6
:10C38000A060102181602800C0B216EB401010F5AB
:10C39000A060082181602900C9B2206801F069FA13
:10C3A00037E02800C0B216EB401010F5A06080689E
:10C3B00040052ED52800C0B216EB401010F5A06045
:10C3C0002900C9B216EB411111F5A061C96851F0FD
:10C3D0000201C1602900C9B2206801F04AFA2800B0
:10C3E000C0B216EB401010F5A0601021816008214A
:10C3F0002A00D2B22820424304EB020080F85D10EC
:10C400002800C0B216EB401010F5A0604FF4806118
:10C4100081602800C0B216EB401010F5A060806863
:10C4200080051ED52800C0B216EB401010F5A060A4
:10C430002900C9B216EB411111F5A061C96851F08C
:10C440000201C1602900C9B2206801F012FA280077
:10C45000C0B216EB401010F5A0604FF4007181607F
:10C46000FCE12800C0B216EB401010F5A060806817
:10C47000C00740F1A9802069002817D02900C9B25F
:10C480002820414304EB0100816C2800C0B216EB68
:10C49000401010F5A06000694003400B091A2A0003
:10C4A000D2B22820424304EB0200C16401212A00D9
:10C4B000D2B22820424304EB020080F85D10002134
:10C4C0002A00D2B22820424304EB020081652800F2
:10C4D000C0B216EB401010F5A06001218160290068
:10C4E000C9B22820414304EB010090F83F00002826
:10C4F00009D02900C9B22820414304EB010090F87B
:10C500003F0002281DD12800C0B216EB401010F5E4
:10C51000A0602900C9B216EB411111F5A061C968EC
:10C5200051F00201C1602900C9B2206801F0A1F9EF
:10C530002800C0B216EB401010F5A06010218160F9
:10C540002FE02900C9B22820414304EB010090F8F4
:10C550003F00032825D12800C0B216EB401010F58B
:10C56000A060006850F000502900C9B216EB4111DC
:10C5700011F5A061086001212A00D2B228204243AF
:10C5800004EB020080F85C102900C9B22820414366
:10C5900004EB010090F85C202900C9B22000FEF7EE
:10C5A00072FD2900C9B22820414304EB010090F834
:10C5B000501091F001012A00D2B22820424304EB2E
:10C5C000020080F8501049E12800C0B216EB40107C
:10C5D00010F5A0608068800740F1A1802800C0B2FB
:10C5E00016EB401010F5A0602900C9B216EB4111FE
:10C5F00011F5A061C96831F00201C1602900C9B21A
:10C600002820414304EB010090F85D00012809D186
:10C6100001212A00D2B22820424304EB020080F814
:10C620005C1066E02900C9B22820414304EB0100F8
:10C6300090F85D00052809D105212A00D2B22820F2
:10C64000424304EB020080F85C1052E02900C9B2BA
:10C650002820414304EB010090F85D00062809D032
:10C660002900C9B22820414304EB010090F85D0085
:10C6700008283ED12900C9B22820414304EB01001B
:10C68000816D4A1C2B00DBB22820434304EB0300DE
:10C690008265042911D300212A00D2B22820424306
:10C6A00004EB0200816504212A00D2B22820424313
:10C6B00004EB020080F85C1008E002212A00D2B2EC
:10C6C0002820424304EB020080F85C102800C0B22E
:10C6D00016EB401010F5A060006830F0804050F07C
:10C6E000004007002800C0B216EB401010F5A06013
:10C6F00007602800C0B216EB401010F5A0600221C0
:10C7000081602900C9B22820414304EB010090F860
:10C710005C202900C9B22000FEF7B5FC9EE028008D
:10C72000C0B216EB401010F5A0608068000635D549
:10C730002800C0B216EB401010F5A0602900C9B265
:10C7400016EB411111F5A061C96851F00201C160F9
:10C750002900C9B22820414304EB0100816D491C26
:10C760002A00D2B22820424304EB02008165062150
:10C770002A00D2B22820424304EB020080F85D1068
:10C780002900C9B2206801F074F82800C0B216EB85
:10C79000401010F5A060802181605FE02800C0B2E9
:10C7A00016EB401010F5A0608068C00656D5290031
:10C7B000C9B22820414304EB010090F83F00032850
:10C7C00014D12800C0B216EB401010F5A06029006B
:10C7D000C9B216EB411111F5A061C96851F002010F
:10C7E000C1602900C9B2206801F043F803212A0082
:10C7F000D2B22820424304EB020080F85D102800EA
:10C80000C0B216EB401010F5A06010218160290025
:10C81000C9B22820414304EB010090F83F000028F2
:10C8200009D02900C9B22820414304EB010090F847
:10C830003F00022812D12800C0B216EB401010F5BC
:10C84000A060006830F0804050F0004007002800F1
:10C85000C0B216EB401010F5A0600760F1BD70B5D6
:10C8600004000D0026682800C0B216EB401010F539
:10C87000A0608068400718D52800C0B216EB4010B1
:10C8800010F5A060042181602800C0B216EB4010B2
:10C8900010F5A0602900C9B216EB411111F5A06195
:10C8A000C96851F00201C16091E22800C0B216EBE4
:10C8B000401010F5A060806880063AD52800C0B20C
:10C8C00016EB401010F5A060202181602900C9B24C
:10C8D0002820414304EB010090F83D00012840F07E
:10C8E000768204212A00D2B22820424304EB0200BF
:10C8F00080F85D102800C0B216EB401010F5A06063
:10C900002900C9B216EB411111F5A061C96851F0B7
:10C910000201C1602900C9B2206800F0AAFF02210B
:10C920002A00D2B22820424304EB020080F85C10B7
:10C930004DE22800C0B216EB401010F5A0608068F0
:10C9400040062ED504212A00D2B22820424304EB0F
:10C95000020080F85D1000212A00D2B22820424354
:10C9600004EB020081652800C0B216EB401010F500
:10C97000A0602900C9B216EB411111F5A061C96888
:10C9800051F00201C1602900C9B2206800F071FFB6
:10C990002800C0B216EB401010F5A0604021816065
:10C9A00015E22800C0B216EB401010F5A0608068B8
:10C9B00080051ED52800C0B216EB401010F5A0600F
:10C9C0002900C9B216EB411111F5A061C96851F0F7
:10C9D0000201C1602900C9B2206800F04AFF2800A6
:10C9E000C0B216EB401010F5A0604FF400718160EA
:10C9F000EDE12800C0B216EB401010F5A060806891
:10CA0000C0072ED500212A00D2B22820424304EBD1
:10CA1000020081652800C0B216EB401010F5A0603E
:10CA20002900C9B216EB411111F5A061C96851F096
:10CA30000201C1602900C9B2206800F01AFF280075
:10CA4000C0B216EB401010F5A060012181600121F9
:10CA50002A00D2B22820424304EB020080F85D1085
:10CA6000B5E12800C0B216EB401010F5A060806858
:10CA7000000726D52800C0B216EB401010F5A060C4
:10CA8000082181602800C0B216EB401010F5A060AC
:10CA90002900C9B216EB411111F5A061C96851F026
:10CAA0000201C1602900C9B2206800F0E2FE052140
:10CAB0002A00D2B22820424304EB020080F85D1025
:10CAC00085E12800C0B216EB401010F5A060806828
:10CAD000C0062ED500212A00D2B22820424304EB02
:10CAE000020081652800C0B216EB401010F5A0606E
:10CAF0002900C9B216EB411111F5A061C96851F0C6
:10CB00000201C1602900C9B2206800F0B2FE032111
:10CB10002A00D2B22820424304EB020080F85D10C4
:10CB20002800C0B216EB401010F5A0601021816003
:10CB30004DE12800C0B216EB401010F5A0608068EF
:10CB4000000626D52800C0B216EB401010F5A060F4
:10CB50002900C9B216EB411111F5A061C96851F065
:10CB60000201C1602900C9B2206800F082FE0621DE
:10CB70002A00D2B22820424304EB020080F85D1064
:10CB80002800C0B216EB401010F5A0608021816033
:10CB90001DE12800C0B216EB401010F5A0608068BF
:10CBA00040052FD52800C0B216EB401010F5A0604C
:10CBB0002900C9B216EB411111F5A061C96851F005
:10CBC0000201C1602900C9B2206800F052FE2800AD
:10CBD000C0B216EB401010F5A06010218160280053
:10CBE000C0B216EB401010F5A0604FF48061816078
:10CBF00008212A00D2B22820424304EB020080F828
:10CC00005D10E4E02800C0B216EB401010F5A06003
:10CC10008068800740F1DB802800C0B216EB40102E
:10CC200010F5A0602900C9B216EB411111F5A06101
:10CC3000C96831F00201C1602900C9B2282041430E
:10CC400004EB010090F85D00012826D101212A00A3
:10CC5000D2B22820424304EB020080F85C10290085
:10CC6000C9B22820414304EB010090F83F0002289C
:10CC700040F098802900C9B22820414304EB01000C
:10CC800090F8511091F001012A00D2B228204243BD
:10CC900004EB020080F8511084E02900C9B228207A
:10CCA000414304EB010090F85D00032809D1022103
:10CCB0002A00D2B22820424304EB020080F85C1024
:10CCC00070E02900C9B22820414304EB010090F82C
:10CCD0005D00042812D102212A00D2B2282042434A
:10CCE00004EB020080F85C1000212A00D2B2282058
:10CCF000424304EB020080F83D1053E02900C9B222
:10CD00002820414304EB010090F85D00052809D17B
:10CD100005212A00D2B22820424304EB020080F809
:10CD20005C103FE02900C9B22820414304EB010018
:10CD300090F85D00062809D02900C9B22820414397
:10CD400004EB010090F85D0008282BD12900C9B23E
:10CD50002820414304EB0100816D4A1C2B00DBB20B
:10CD60002820434304EB03008265042911D30021EA
:10CD70002A00D2B22820424304EB0200816504213C
:10CD80002A00D2B22820424304EB020080F85C1053
:10CD900008E002212A00D2B22820424304EB02001C
:10CDA00080F85C102800C0B216EB401010F5A060AF
:10CDB000022181602900C9B22820414304EB01000F
:10CDC00090F85C202900C9B22000FEF75CF970BD24
:10CDD0002DE9F04705002E680020002100272A6871
:10CDE000D2F8208018F00F09C8F3434AC8F30A1498
:10CDF0005246022A02D0052A66D066E0002C62D094
:10CE00004946C9B22820414305EB0100406C002887
:10CE100059D0220092B24946C9B22820414305EBBD
:10CE20000100416C286800F003FA4946C9B2282085
:10CE3000414305EB0100406C00EB04014A46D2B2CD
:10CE40002820424305EB020041644946C9B228202C
:10CE5000414305EB0100C16C61184A46D2B228205B
:10CE6000424305EB0200C1644846C0B216EB4010D5
:10CE700010F5A06000691649084224D04846C0B2A7
:10CE800016EB401010F5A060006830F0804050F0C4
:10CE9000004007004846C0B216EB401010F5A060F5
:10CEA00007604946C9B22820414305EB010090F8CC
:10CEB000501091F001014A46D2B22820424305EBBE
:10CEC000020080F8501000E0FFE7BDE8F0870000A6
:10CED0000000F81F3EB50400256815F5886000685D
:10CEE000019015F5886000680090009830F02E00E1
:10CEF0000090019880070FD50198C00708D52068D9
:10CF0000806930F00050216888612000FEF7ADF89C
:10CF1000009850F0020000900198000733D5009867
:10CF200050F008000090019840071ED5A069022823
:10CF30000FD1019810F4C020B0F5802F04D1022148
:10CF4000206800F021FA0CE00121206800F01CFAB2
:10CF500007E0E068032804D14EF6602015F58061F3
:10CF600048602000FEF781F80DE015F58860006844
:10CF700030F02E0015F5886108602068806950F057
:10CF80000050216888610198800603D5009850F010
:10CF900020000090009815F58861086037BD0000FA
:10CFA00070B50400FDF74CFC0500260016F1010FDA
:10CFB00002D0044800783618FDF742FC401BB0420E
:10CFC000FAD370BD280000207FB504000D001600C4
:10CFD000002003900820029001950020009000237B
:10CFE00000223100C9B22000FEF759F9002004B038
:10CFF00070BD2DE9FF4105000E0090461F000A9C00
:10D0000095F81D03002801D0002004002000C0B2C4
:10D010000390404680B202900196012000900023C8
:10D0200000223900C9B22800FEF739F9002004B007
:10D03000BDE8F081F8B584B004000D0016001F00B3
:10D0400000200390300080B20290019501200090F2
:10D05000002301223900C9B22000FEF720F9002088
:10D0600005B0F0BD2DE9FF4105000E0090461F0000
:10D070000A9C95F81D03002801D000200400200020
:10D08000C0B20390404680B2029001960120009009
:10D09000022300223900C9B22800FEF700F900205F
:10D0A00004B0BDE8F081F8B584B004000D001600AE
:10D0B0001F0000200390300080B2029001950120F3
:10D0C0000090022301223900C9B22000FEF7E7F8E0
:10D0D000002005B0F0BD0000704700000EB418B588
:10D0E00004000898012817D1A06B30F48030A063A9
:10D0F000E168DFF8F0000140E160E06830F44010E2
:10D10000E0600F98012803D1E06850F48010E060DF
:10D11000200000F0ABF809E0E06850F04000E0606B
:10D12000200000F0A3F85FF48030A0630698012887
:10D1300007D1A06850F00600A060A06850F0200061
:10D14000A060002012BC5DF810FB0100886850F060
:10D150000100886000207047010088684008400096
:10D1600088600020704738B504000D00E06830F09A
:10D17000C040E0602800C0B2012804D1E06850F04F
:10D180000050E06007E02800C0B2002803D1E0684A
:10D1900050F08040E0603220FFF702FF002032BDF7
:10D1A00002000023880150F0200010615B1CDFF8B2
:10D1B000F400834201D3032003E010698006F5D414
:10D1C000002070470100002210200861521CDFF887
:10D1D000D400824201D3032003E00869C006F5D4DD
:10D1E00000207047BFFFBDFFF0B50500059C00267D
:10D1F00000272000C0B2002818D1180080B2C01C3F
:10D200008008060000200700B7420FD2D1F800C006
:10D2100096465FFA8EFE4FF4805000FB0E5E1EF5C0
:10D22000805ECEF800C07F1C091DEDE70020F0BD38
:10D2300030B4030000201500ADB2ED1CAD08002491
:10D24000AC4206D213F5805000680860641C091DCA
:10D25000F6E7080030BC704702000023506991696E
:10D2600008407047406910F001007047010000223B
:10D27000521C0C48824201D3032011E008690028A7
:10D28000F6D50023086950F0010008615B1C0548D1
:10D29000834201D3032003E00869C007F6D40020CD
:10D2A00070470000410D03000EB430B504000020AB
:10D2B00014F560610860A06B50F40010A06305983D
:10D2C00003280BD1B4F1A04F08D014F5806000689A
:10D2D00050F0040014F58061086007E014F58060E8
:10D2E000006830F0040014F580610860102120000F
:10D2F000FFF756FF2000FFF765FF002504988542E1
:10D300000ED214EB451010F5A0605FF0FF31816084
:10D3100014EB451010F5A0600021C1606D1CEDE715
:10D320000121200000F074F8C820FFF739FE00202A
:10D33000A0615FF0FF306061B4F1A04F09D180209F
:10D340006062DFF80C05A062DFF80805C4F8000190
:10D3500009E04FF400706062DFF8FC04A062DFF8BF
:10D36000FC04C4F800010698002803D1A06950F01D
:10D370001000A061A169DFF8E8040143A161002069
:10D3800030BC5DF810FB0000020012F58060006800
:10D390008008800012F58063186012F580600068D4
:10D3A0000B00DBB213F00303184312F5806318601F
:10D3B0000800C0B2012805D14BF6803012F5806319
:10D3C000586008E00800C0B2022804D141F2707031
:10D3D00012F580635860002070471CB5040014F5F6
:10D3E000886000680090009830F02E00009000984F
:10D3F00050F4807014F5886108600A20FFF7D0FDB2
:10D40000009830F4807014F588610860002016BD23
:10D4100081B0020012F5886000680090009830F03A
:10D420002E0000900098C00409D40800C0B2012862
:10D4300005D1009850F4805012F588631860009868
:10D44000C00409D50800C0B2002805D1009830F406
:10D45000805012F588631860002001B0704781B0D9
:10D46000010011F58860006800900098C0F3414009
:10D4700001B0704710F58060806880B270472DE978
:10D48000F0410700069C079E089D0800C0B217EBFC
:10D49000401010F5A0605FF0FF3CC0F808C03000FD
:10D4A000C0B2002805D0022803D059D3032837D0B2
:10D4B00075E00800C0B217EB401010F5A06040F214
:10D4C0009D4CC0F80CC0100613D50800C0B217EB75
:10D4D000401010F5A0608C465FFA8CFC17EB4C1CDA
:10D4E0001CF5A06CDCF80CC05CF4807CC0F80CC0AF
:10D4F00015E0B7F1A04F12D00800C0B217EB4010F2
:10D5000010F5A0608C465FFA8CFC17EB4C1C1CF5E8
:10D51000A06CDCF80CC05CF0600CC0F80CC03EE005
:10D520000800C0B217EB401010F5A06040F29D6CEF
:10D53000C0F80CC0100612D50800C0B217EB40109E
:10D5400010F5A0608C465FFA8CFC17EB4C1C1CF5A8
:10D55000A06CDCF80CC05CF4807CC0F80CC01EE051
:10D560000800C0B217EB401010F5A06040F2252C67
:10D57000C0F80CC0100612D50800C0B217EB40105E
:10D5800010F5A0608C465FFA8CFC17EB4C1C1CF568
:10D59000A06CDCF80CC05CF4C07CC0F80CC017F5C3
:10D5A000806080695FF0010C1CFA01FC5CEA0000FD
:10D5B00017F5806CCCF81800B86950F00070B861AD
:10D5C00094465FFA8CFC5FEADC1C1CF0010C200026
:10D5D000C0B2022802D15FF0010E01E05FF0000E40
:10D5E0001800C0B2800510F0FE5090465FFA88F82F
:10D5F0005FEAC82818F4F04858EA00005FFA8CFC8B
:10D6000050EACC305FFA8EFE50EA4E40B4465FFAE4
:10D610008CFC5FEA8C4C1CF4402C5CEA0000AC46AD
:10D620001FFA8CFC5FEA4C5C5FEA5C5C5CEA000021
:10D630008C465FFA8CFC17EB4C1C1CF5A06CCCF8EC
:10D6400000003000C0B2032811D10800C0B217EBAF
:10D65000401010F5A060006850F000508C465FFA52
:10D660008CFC17EB4C1C1CF5A06CCCF800000020C7
:10D67000BDE8F0812DE9FE4F04000D0016000020EA
:10D680008DF8000000275FF0000A4FF480785FF00B
:10D69000000BB4F1A04F23D02879002820D130000E
:10D6A000C0B2002808D16879012805D16978200026
:10D6B00000F0A3F90020C8E03000C0B201280FD16B
:10D6C000687814EB401010F5A060697814EB4111F4
:10D6D00011F5A061C96831F06001C1600020687176
:10D6E0002869002813D0286929894018401E2989F3
:10D6F000B0FBF1F94046494680B289B2884208D26F
:10D70000C146494689B228894143296101E05FF059
:10D710000109E878002804D0494689B228894143A4
:10D720002961687814EB401010F5A060296949035D
:10D73000490B4A4692B24B4B13EAC2431943AA7AA9
:10D74000520712F0C042114301613000C0B20028FC
:10D7500006D0687814EB401010F5A060E9684161CC
:10D7600014F58060D0F808A01AF0010A9AF0010AB6
:10D77000687814EB401010F5A060697814EB411143
:10D7800011F5A061096831F000510160687814EB6F
:10D79000401010F5A060697814EB411111F5A061FB
:10D7A00009685246D2B251EA42710160687814EBBE
:10D7B000401010F5A060006830F0804050F000404C
:10D7C0000190687814EB401010F5A0600199016099
:10D7D0003000C0B2002837D1E878002834D1286959
:10D7E000002831D0E879002805D0022803D011D3D1
:10D7F00003280FD01FE02869C01C80080700E06ADA
:10D8000080B2390089B2884203D2A06950F020006A
:10D81000A06110E02869C01C8008070014F5806032
:10D82000006980B2390089B2884203D2A06950F001
:10D830008060A061FFE7002000902B699BB26A78AE
:10D84000E9682000FFF7D0FC0020BDE8FE8F000053
:10D8500080006000E0004000000200010003E000E2
:10D86000080020A30000F81F10F58060406980B216
:10D87000704710B4020000230800C0B212EB401041
:10D8800010F5A0600068C0F3814000280AD00800AD
:10D89000C0B212EB401010F5A0600068C0F38140E8
:10D8A000022853D10800C0B212EB401010F5A0605E
:10D8B000006850F080400C00E4B212EB441414F500
:10D8C000A0642060D06A10F47F0F2ED10800C0B28F
:10D8D00012EB401010F5A060006820F000400C0032
:10D8E000E4B212EB441414F5A06420600800C0B246
:10D8F00012EB401010F5A060006850F000400C00E2
:10D90000E4B212EB441414F5A06420605B1C40F2F6
:10D91000E93083426ED20800C0B212EB401010F51D
:10D92000A06000680028F1D464E00800C0B212EBE7
:10D93000401010F5A060006850F000400C00E4B208
:10D9400012EB441414F5A064206053E00800C0B248
:10D9500012EB401010F5A060006850F080400C0001
:10D96000E4B212EB441414F5A064206012F5806058
:10D97000006900042ED10800C0B212EB401010F56F
:10D98000A060006820F000400C00E4B212EB4414E8
:10D9900014F5A06420600800C0B212EB401010F52E
:10D9A000A060006850F000400C00E4B212EB441498
:10D9B00014F5A06420605B1C40F2E930834219D268
:10D9C0000800C0B212EB401010F5A06000680028FB
:10D9D000F1D40FE00800C0B212EB401010F5A060C7
:10D9E000006850F000400C00E4B212EB441414F54F
:10D9F000A0642060002010BC704730B402000123F6
:10DA000000240800C0B212EB401010F5A0601D0009
:10DA1000EDB2ED0455F0004505610800C0B212EB0F
:10DA2000401010F5A060056835F0804555F00045C0
:10DA30000800C0B212EB401010F5A0600560002095
:10DA400030BC7047F8B5050000262800FFF784FBBE
:10DA500010212800FFF7A4FB2800FFF7B3FB0020EC
:10DA60000100C9B2102916DA0100C9B215EB411143
:10DA700011F5A061096851F0804121F0004131F4B5
:10DA800000410C000100C9B215EB411111F5A06174
:10DA90000C60401CE4E700273800C0B2102824DAEC
:10DAA0003800C0B215EB401010F5A060006850F0CF
:10DAB000804050F0004030F4004004003800C0B214
:10DAC00015EB401010F5A0600460761C40F2E930C0
:10DAD000864208D23800C0B215EB401010F5A060A5
:10DAE00000680028F1D47F1CD6E75FF0FF3015F501
:10DAF000806148615FF0FF3068612800FFF725FB17
:10DB00000020F2BD00F5E0700268914203D2806807
:10DB10000028F9D1704743681A449142F7D2704700
:10DB20001B49D1F8D801A8B94FF48050C1F8DC01E5
:10DB30004FF480324FF0FF30C1F8E401C1F8E80142
:10DB4000C1F8E0210420C1F8EC01C1F8BC01114882
:10DB5000C1F8D8010120704701F1080313F0070F45
:10DB60000EBF0023C3F1080303F007031944D21AC0
:10DB70008161C26042F001034B60091D4FF0280C27
:10DB800041F802C0024AD2F8E831C3617047000090
:10DB9000B47400206859883C2DE9F04F83B00646E4
:10DBA000AFF30080F52E1E4D80F01D820B2E31BF8D
:10DBB00010260B36F608F6002868F408E04010F04E
:10DBC000030F4CD0C04300F00100041905F12800F8
:10DBD00000EBC4074FEAC408BE687068C008C00004
:10DBE000404518BF01F0FCF9D6F80890BE4208BFC6
:10DBF00001F0F6F94E4508BF01F0F2F97068C0086F
:10DC0000C000404518BF01F0EBF94F450AD1286824
:10DC1000012101FA04F420EA04042C6010E000BFA2
:10DC2000B47400202869814508D3D9F80C10B1429A
:10DC300004D1C7F80890C9F80C7001E001F0D0F9E0
:10DC400048F00300311D7060301D51F8082042F08B
:10DC5000010240F8082006F1080800F022BFA96878
:10DC6000B14280F0B783002800F0A580012707FAB1
:10DC700004F1490000FA04F4484201430C406042B8
:10DC80000440641E200B00F01000C440610901F044
:10DC90000801CC40A20802F00402D440630803F05B
:10DCA00002030818DC401018C4F340081818404458
:10DCB00024FA08F4241805F1280000EBC40A4FEAFE
:10DCC000C408DAF80890D9F80400C008C00040453C
:10DCD00018BF01F085F9D9F808B0D14508BF01F0A7
:10DCE0007FF9D94508BF01F07BF9D9F80400C008D5
:10DCF000C000404518BF01F073F9DA4506D1286825
:10DD000007FA04F420EA04042C600DE029698B452D
:10DD100008D3DBF80C00484504D1CAF808B0CBF8AA
:10DD20000CA001E001F05CF9A8EB060846F0030046
:10DD300009F10402C9F8040048F00101915109EB0E
:10DD40000602019242F80880AC684FEAD40ABAF1A0
:10DD50001F0F88BF01F044F92CB3CDF800A005F1E6
:10DD600028006E6900EBCA0AD346102C38BF01F0B8
:10DD700037F92968009821FA00F2D30703D48740C5
:10DD80000F432F6007E0DAF80800296988422CBFAA
:10DD9000834601F025F9CAF80860CBF80C60C6F894
:10DDA00008B0C6F80CA0C5F8088009F10808019869
:10DDB000686100F076BE6868002800F02D8341425B
:10DDC0000840401E010B01F01001C840420902F05A
:10DDD0000802D040830803F00403D840440804F04C
:10DDE00002045118E0405918C0F34007611805F5C6
:10DDF000987C3944F84040185CF820104868C00806
:10DE0000C0008946A0EB060A08E001464868C00841
:10DE1000C000801B50453CBF8246894608690028E7
:10DE2000F3D149690029F1D128698145C0F0D88032
:10DE3000D9F80410C90806EB0A07C900B94218BF8F
:10DE400001F0CEF809EB06008145019080F0C88012
:10DE5000D9F80C40D9F818804C450DD0D9F80800F5
:10DE60002969884223D3C2684A4504BFA16849454D
:10DE70001DD1C460A0601CE009F114010C6834B924
:10DE800009F110010C68A4B101E011460C6804F11D
:10DE900014021068002802BF04F110021068002864
:10DEA000F3D12869814202D300220A6001E001F027
:10DEB00097F8B8F1000F3ED0D9F81C0005F598711D
:10DEC00001EB80010A6891450AD13CBB6A680123D5
:10DED00003FA00F022EA00006860002008602AE0EF
:10DEE0002969884517D3D8F81000484514BFC8F8E9
:10DEF0001440C8F81040F4B129698C4219D3C4F811
:10DF00001880D9F8100058B1884226BF206184617A
:10DF100001F066F804E001F063F8ECE70C60EBE771
:10DF2000D9F8140038B12969884202D3606184614C
:10DF300001E001F055F8BAF1100F0CD247F00300E0
:10DF400009F10401C9F8040009F10400CA5942F0BA
:10DF50000102C2513EE046F0030109F10402C9F892
:10DF600004104AF001009051019941F80AA0A868F4
:10DF70000090C4081F2C88BF01F032F8009828B325
:10DF800005F128000099D5F8148000EBC407BB46C2
:10DF9000102938BF01F024F8286820FA04F1CA07D4
:10DFA00005D4012101FA04F404432C6006E0B868AA
:10DFB000296988422CBF834601F012F8C7F808800F
:10DFC000CBF80C80C8F808B0C8F80C70C5F808A0E9
:10DFD0000198686119F1080800F0FC8100F061BD4A
:10DFE00000F0FEFFF6E116F1400F28BF4FF0FF36BC
:10DFF00080F0F0810B36F6086B68F600002B00F01D
:10E00000E9810027300AC6F1000808BF002423D0A8
:10E01000B0F5803F28BF1F241ED2A0F58071090CE7
:10E0200001F008018840A0F58052120C02F00402B1
:10E030009040A0F58044240CC1F10E0104F00204CC
:10E04000891A091BA04001EBD031C81D26FA00F443
:10E0500004F0010404EB410405F5987151F8240023
:10E0600040B31F2C0FBFB4464FEA540CCCF1190C2F
:10E0700006FA0CFCBE46414601E04FEA4C0C4268F1
:10E08000D208D200921B8A4207D3426910304FEA6D
:10E09000DC7850F828003AB103E011000746F4D1CB
:10E0A00005E0824218BF96460028E6D170468846B1
:10E0B000B8BBC7BB012101FA04F464006042044309
:10E0C000234000F08781584203405B1E180B00F08C
:10E0D0001000C340590901F00801CB409A0802F032
:10E0E0000402D3405C0804F002040818E34010184E
:10E0F000C3F3400C201805F5987E604423FA0CF316
:10E100001B185EF823000CE008464168C908C900E6
:10E11000891B41453CBF8846074601690029F3D168
:10E1200040690028F1D1002F00F05481A868801BBD
:10E13000804580F04F8129698F42FFF451AF7868A4
:10E14000C00806EB080AC000504518BF00F048FFA1
:10E1500007EB060B5F45BFF443AFFC68D7F8189098
:10E16000BC420CD0B8682969884223D3C268BA423D
:10E1700004BFA168B9421DD1C460A0601CE007F1D2
:10E1800014010C6834B907F110010C68A4B101E066
:10E1900011460C6804F114021068002802BF04F153
:10E1A000100210680028F3D12869814202D30022AE
:10E1B0000A6001E000F014FFB9F1000F3BD0F869EC
:10E1C00005F5987101EB80010A6897420AD134BBCA
:10E1D0006A68012303FA00F022EA00006860002068
:10E1E000086028E02969894516D3D9F81000B8429B
:10E1F00014BFC9F81440C9F81040E4B129698C4231
:10E2000017D3C4F81890386958B1884226BF2061E6
:10E21000846100F0E5FE04E000F0E2FEEDE70C6052
:10E22000ECE7786938B12969884202D3606184617A
:10E2300001E000F0D5FEB8F1100F0BD24AF0030058
:10E24000391D7860381D51F80A2042F0010240F86B
:10E250000A20BBE046F003013A1D796048F0010056
:10E2600090514FEAD8004BF808801F2822D805F1BA
:10E27000280101EBC004296821FA00F2D307A14666
:10E2800005D4012202FA00F00843286006E0A068E5
:10E29000296988422CBF814600F0A2FEC4F808B06C
:10E2A00007F10800C9F80CB040F8069007F10C011E
:10E2B0008C518BE05FEA182008BF002123D0B0F515
:10E2C000803F28BF1F211ED2A0F58072120C02F0E1
:10E2D00008029040A0F58051090C01F0040188402B
:10E2E000A0F580431B0CC2F10E0203F00203521A88
:10E2F000D21A984002EBD032D01D28FA00F101F07A
:10E30000010101EB420105F5987202EB810007F172
:10E310001402CBF81C100023935107F11002935103
:10E320006A6822FA01F3DC0711D4012303FA01F130
:10E3300011436960C0F800B0CBF8180007F108017C
:10E3400007F10C0040F806B041F806B03EE0026864
:10E350001F291DBF4908C1F1190108FA01F1414601
:10E3600000E002465068C008C000404518D002F1E5
:10E370001003C80F03EB8003490018680028F0D190
:10E380002869834220D3C3F800B007F10C01CBF811
:10E39000182041F806B007F1080040F806B015E073
:10E3A000296990688A4228BF88420DD3C0F80CB012
:10E3B00007F10801C2F808B0885107F10C0082513A
:10E3C0000022CBF8182001E000F00AFE17F108083F
:10E3D00040F06783A868B0421ED3811B6A69102988
:10E3E0000AD3141DA96041F001009319A05159509E
:10E3F00046F0030656600BE00021A96040F00304DC
:10E40000111D5460141D0E5846F0010626500023BD
:10E410006B6102F1080844E3E8688642C0F031838A
:10E42000D5F8D80108B9FFF77BFBD5F8E0118819BA
:10E430002F30491E20EA01018E4280F03083D5F84A
:10E44000B80140B1D5F8B02189188A4280F02783FD
:10E450008842C0F0248300F0C7FD00281CBF076875
:10E4600010F1010F00F01B83D5F8B011AC697918D9
:10E47000C5F8B011D5F8B021D5F8B4118A4238BF2B
:10E480000A46C5F8B42114BB296909B1884200D2F3
:10E4900028610021C5F8CC114FF0FF31D5F8D82103
:10E4A0006A622962C5F8C001C5F8C471002105F18E
:10E4B00028029260D26002F1080353611361891C43
:10E4C00010321F29F5D9A7F12802014619E005F5F8
:10E4D000E071804600E08968B9B108684A68024482
:10E4E0009045F8D1087B02070FD40A6894420CD3F8
:10E4F0004B681A44944208D2FB184B602146E868E6
:10E500003A182846FFF728FBB8E22869804538BF4B
:10E51000C5F8108005F5E07008EB070100E08068A1
:10E52000002800F0B08102688A42F8D1017B0A0716
:10E5300000F1A9810168C0F800804268BF184760F7
:10E5400008F1080010F0070F04D0C0F1080000F037
:10E550000700804401F1080212F0070F06D001F114
:10E560000800C0F1080000F0070001440F46A7EBC7
:10E57000080008EB0604A0EB060B46F00306C8F8FB
:10E580000460BC4228BF00F02BFD3879C10758BF9A
:10E5900000F026FDBBF1100F38BF00F021FDA86987
:10E5A000874208D1E9688B44C5F80CB0AC614BF0E8
:10E5B0000100606064E1686987420AD1A9686C6102
:10E5C0008B44C5F808B04BF00100606044F80BB014
:10E5D00056E1786800F00301012940F0B380C008DB
:10E5E000C000C1081F2902903DD8BA680092FE6899
:10E5F0000191B74208BF00F0F3FC0098874208BFC2
:10E6000000F0EEFC78680199C008C000B0EBC10FC3
:10E6100018BF00F0E5FC0199009A05F1280000EB15
:10E62000C100824208D011462A699142C0F085801B
:10E63000CA68BA4240F0818000998E4206D10198A2
:10E640002A68012383409A432A6078E0864205D0F5
:10E6500029698E4271D3B068B8426ED10098C66005
:10E660000099B1606BE0B8690090FE68BE420CD0C2
:10E67000B8682969884223D3C268BA4204BFB16826
:10E68000B9421DD1C660B0601CE007F114010E68EC
:10E6900036B907F110010E68A6B101E011460E6807
:10E6A00006F114021068002802BF06F1100210687B
:10E6B0000028F3D12869814202D300220A6001E0D8
:10E6C00000F08EFC0098002839D0F86905F59871A3
:10E6D00001EB80010A6897420AD126BB6A680123D0
:10E6E00003FA00F022EA000068600020086026E0DB
:10E6F00000992869814213D30869B84214BF4E615A
:10E700000E61E6B129698E4217D30098B06138696D
:10E7100058B1884226BF3061866100F061FC04E098
:10E7200000F05EFCEDE70E60ECE7786938B129692E
:10E73000884202D37061866101E000F051FC0299C9
:10E740007F188B4479684908490079604BF00100D3
:10E7500060604FEADB0644F80BB01F2E22D805F1AB
:10E76000280000EBC607B946BBF1100F38BF00F018
:10E7700037FC286820FA06F1CA0705D4012101FAFE
:10E7800006F606432E6006E0B868296988422CBF69
:10E79000814600F025FCBC60C9F80C40C4F8089024
:10E7A000E7606DE05FEA1B2008BF002123D0B0F5D1
:10E7B000803F28BF1F211ED2A0F58072120C02F0EC
:10E7C00008029040A0F58051090C01F00401884036
:10E7D000A0F580431B0CC2F10E0203F00203521A93
:10E7E000D21A984002EBD032D01D2BFA00F101F082
:10E7F000010101EB4201E161002305F598726361BB
:10E8000002EB810023616A6822FA01F3DE0707D474
:10E81000012303FA01F1114369600460A0611DE066
:10E8200002681F291DBF4908C1F119010BFA01F146
:10E83000594600E002465068C008C000584510D054
:10E8400002F11003C80F03EB800349001868002889
:10E85000F0D12869834211D31C60A261E460A460F6
:10E860000EE0296990688A4228BF884206D3C460B6
:10E870009460A060E2600020A06101E000F0B0FBC5
:10E8800008F108080DE121462846FFF73BF9016829
:10E89000426801EB020AAAF1270111F007000EBF3E
:10E8A0000021C1F1080101F007010AEB0100A0F10C
:10E8B0002F0B04F110018B4538BFA3460BF1180252
:10E8C000002101920091A7F1280241462846FFF756
:10E8D00043F90BF1080010F0070F18BF00F080FBA0
:10E8E0001B20CBF8040005F5E07292E809500BF10B
:10E8F0000801072281E8095000210BF10800C5F842
:10E90000CC11C5F8C801C5F8C08101980099C5F8B7
:10E91000C47100E0001D491C00F10803534542602A
:10E92000F8D30129D8BF00F05BFBA34500F0A68017
:10E93000ABEB040B201D221D50F80B1049084900B9
:10E9400042F80B104BF0010060604FEADB0A44F81C
:10E950000BB0BAF11F0F23D805F1280000EBCA084D
:10E960004746BBF1100F38BF00F03AFB286820FA89
:10E970000AF1CA0705D4012101FA0AF10843286007
:10E9800007E0D8F80800296988422CBF074600F044
:10E9900027FBC8F80840FC60A760C4F80C806DE055
:10E9A0005FEA1B2008BF002123D0B0F5803F28BFBD
:10E9B0001F211ED2A0F58072120C02F008029040B6
:10E9C000A0F58051090C01F004018840A0F58043B6
:10E9D0001B0CC2F10E0203F00203521AD21A984025
:10E9E00002EBD032D01D2BFA00F101F0010101EB56
:10E9F000420105F59872002302EB8100E161636139
:10EA000023616A6822FA01F3DB0707D4012303FAC2
:10EA100001F1114369600460A0611DE002681F29D3
:10EA20001DBF4908C1F119010BFA01F1594600E077
:10EA300002465068C008C000584510D002F11003CB
:10EA4000C80F03EB8003490018680028F0D128693B
:10EA5000834211D31C60A261E460A4600EE02969C6
:10EA600090688A4228BF884206D3C4609460A06040
:10EA7000E2600020A06101E000F0B2FAE86886429E
:10EA80000DD2801BA969E8608A19AA6140F00100D3
:10EA9000506046F003064E6001F1080801E04FF0B7
:10EAA0000008AFF30080404600F095BA002800D17E
:10EAB00070472DE9F047A0F10805AFF30080DFF8BB
:10EAC0001C6531698D42C0F08382686800F00302E2
:10EAD000012A00F07D82C2084FEAC209C20705EB95
:10EAE000090839D42C6810F0030F00F06D826042E1
:10EAF00005448D42A144C0F06B827069854200F0EC
:10EB0000DD80E408202C71D2D5F80CA0AF68554503
:10EB100008BF00F065FABD4208BF00F061FA6868FE
:10EB2000C008C000B0EBC40F18BF00F059FA06F1DE
:10EB3000280000EBC400874205D031698F4252D3D0
:10EB4000FA68AA424FD1BA453FD13068012101FA93
:10EB500004F420EA04043460454580F03982D8F892
:10EB60000440E00740F13482A10700F18281B069DE
:10EB7000804540F0B680F168B5618944C6F80C90D4
:10EB800049F00100686071698D4202D10020706116
:10EB9000B060F169494580F01782D6F8D80108B90C
:10EBA000FEF7BEFFB169002900F00E82F068292847
:10EBB00024BF3046FEF7A6FFF069F168884280F076
:10EBC00003824FF0FF30F061FEE1824506D03069EC
:10EBD000824508D3DAF80810A94204D1C7F80CA07E
:10EBE000CAF80870B8E700F0FBF9B5E7EC68AF6960
:10EBF000AC420BD0A868884222D3C168A94204BFA6
:10EC0000A268AA421CD1C460A0601BE005F11402F6
:10EC1000146834B905F1100214689CB101E01A4679
:10EC2000146804F114031868002802BF04F11003EB
:10EC300018680028F3D18A4202D30021116001E054
:10EC400000F0CEF9002F87D0E86906F5987101EB46
:10EC500080010A6895420AD124BB7268012303FA35
:10EC600000F022EA000070600020086074E731695B
:10EC70008F4214D33869A84214BF7C613C61002CD8
:10EC80003FF46AAF31698C42ADD3A761286958B1AE
:10EC9000884226BF2061846100F0A2F904E000F000
:10ECA0009FF9ECE70C60EDE7686900283FF454AF8A
:10ECB0003169884297D3606184614DE798F8040018
:10ECC00000F0030003287FF447AFC6F8089049F02E
:10ECD0000101D8F8040040084000C8F80400696049
:10ECE0000AE0706980450AD1B16875618944C6F847
:10ECF000089049F00100686045F8099064E1E40873
:10ED0000E400A144E408202C3AD2D8F80CA0D8F8AA
:10ED10000870D04508BF00F063F9B84508BF00F09F
:10ED20005FF9D8F80400C008C000B0EBC40F18BFEA
:10ED300000F056F906F1280000EBC400874207D026
:10ED400031698F42C0F08880FA68424540F0848083
:10ED5000BA4507D13068012101FA04F420EA04041D
:10ED600034607BE0824506D03069824574D3DAF89E
:10ED70000810414570D1C7F80CA0CAF808706DE0C2
:10ED8000D8F80C40D8F8187044450DD0D8F80800D1
:10ED90003169884223D3C268424504BFA168414516
:10EDA0001DD1C460A0601CE008F114010C6834B9E6
:10EDB00008F110010C68A4B101E011460C6804F1DF
:10EDC00014021068002802BF04F110021068002825
:10EDD000F3D13069814202D300220A6001E000F0E1
:10EDE000FFF8002F3AD0D8F81C0006F5987101EB17
:10EDF00080010A6890450AD11CBB7268012303FA9E
:10EE000000F022EA000070600020086026E031690E
:10EE10008F4213D33869404514BF7C613C61ECB12B
:10EE200031698C4218D3A761D8F8100058B18842D4
:10EE300026BF2061846100F0D3F804E000F0D0F830
:10EE4000EDE70C60ECE7D8F8140038B1316988427E
:10EE500002D36061846101E000F0C2F849F0010072
:10EE6000686045F8099071698D420BD1C6F8089029
:10EE7000AAE064086400C8F8044049F00100686032
:10EE800045F809904FEAD907202F22D206F1280031
:10EE900000EBC704A046B9F1100F38BF00F0A0F88E
:10EEA000306820FA07F1CA0705D4012101FA07F7F3
:10EEB0000743376006E0A068316988422CBF80466E
:10EEC00000F08EF8A560C8F80C50C5F80880EC601A
:10EED0007AE05FEA192008BF002123D0B0F5803F17
:10EEE00028BF1F211ED2A0F58072120C02F008026A
:10EEF0009040A0F58051090C01F004018840A0F574
:10EF000080431B0CC2F10E0203F00203521AD21A04
:10EF1000984002EBD032D01D29FA00F101F0010136
:10EF200001EB420106F59872002302EB8100E961D2
:10EF30006B612B61726822FA01F3DC0707D40123AD
:10EF400003FA01F1114371600560A8611DE00268D8
:10EF50001F291DBF4908C1F1190109FA01F14946EC
:10EF600000E002465068C008C000484510D002F1D9
:10EF70001003C80F03EB8003490018680028F0D184
:10EF80003069834211D31D60AA61ED60AD600EE06F
:10EF9000316990688A4228BF884206D3C56095606F
:10EFA000A860EA600020A86101E000F019F8306A6A
:10EFB000401E08D13062D6F8C80100E08068002801
:10EFC000FCD14FF0FF303062AFF30080BDE8F08736
:10EFD00000F006F8F8E703B0BDE8F08FB474002045
:10EFE000012000F017B800000749086808B10020A8
:10EFF00070470648C008C00008600549C908C90034
:10F00000091A0160704700BFC4800020D79000201B
:10F01000D0A0002080B5AFF30080024A1100182074
:10F02000ABBEFBE7260002002DE9FF4705005FF0BD
:10F030000008022650230622D5F87403017928001F
:10F04000FBF737FD07003800C0B2FF2801D10220CE
:10F05000B8E03900C9B22800FBF71AFD4FF4807000
:10F06000FEF79AFDD5F87413C861D5F87403C0692A
:10F07000040095F81F131A20414305EB010090F896
:10F080004803000612D595F81F131A20414305EBDB
:10F09000010090F84803E07195F81F131A204143CE
:10F0A00005EB0100B0F84A03608111E095F81F13E9
:10F0B0001A20414305EB010090F84803A07195F830
:10F0C0001F131A20414305EB0100B0F84A032081C9
:10F0D00095F81F131A20414305EB010090F85003E7
:10F0E000000612D595F81F131A20414305EB0100C5
:10F0F00090F85003E07195F81F131A20414305EB77
:10F100000100B0F85203608111E095F81F131A2036
:10F11000414305EB010090F85003A07195F81F13CF
:10F120001A20414305EB0100B0F852032081002072
:10F13000A4F8F8000020A4F8FA00002020730020B2
:10F1400060730020A073A1792800FCF763F9607157
:10F15000E1792800FCF75EF92071280000F0CBFA75
:10F160005FF068085FF0000914F1900A4A464146D2
:10F170005046F8F713FF208902900220019095F87D
:10F180001D03009095F81C33A27961792800FCF7E3
:10F190001EF9608902900220019095F81D030090ED
:10F1A00095F81C33E27921792800FCF710F9002248
:10F1B00021792800FCF7C0F8002261792800FCF7CB
:10F1C000BBF80020C0B204B0BDE8F08738B5040039
:10F1D000D4F87403C5696879002809D069792000DA
:10F1E000FCF70EF969792000FCF72CF90020687112
:10F1F0002879002809D029792000FCF701F929791C
:10F200002000FCF71FF900202871D4F87403C069AE
:10F21000002808D0D4F87403C06900F065FC002011
:10F22000D4F87413C861002032BDF8B50500D5F8D4
:10F230007403C6690127B07B002804D0022802D0DD
:10F24000032830D038E03100280000F041FA0700F0
:10F250003800C0B2032803D100203060002007002E
:10F260003800C0B200281DD13078401C306000202A
:10F2700004002000C0B23168884213D2022122006B
:10F28000D2B23420424306EB020080F892100021F3
:10F290002200D2B23420424306EB020080F8C110B3
:10F2A000641CE6E708E000212800FCF7AAF9002822
:10F2B00001D1F07BB073FFE73800C0B2F2BD2DE999
:10F2C000F0410400D4F87403C569012601275FF0FA
:10F2D0000108287B002803D0012800F0DC81DDE153
:10F2E000B5F8F8002968884280F0CA81B5F8F810AE
:10F2F0003420414305EB0100012180F89110B5F85D
:10F30000F8103420414305EB010090F890000028EC
:10F310000DD0022859D0032800F0EE80042813D025
:10F32000052800F03981082800F0A381A7E1B5F88D
:10F33000F8103420414305EB0100042180F89010BF
:10F34000D4F8B803C5F8FC00B5F8F81034204143F0
:10F3500005EB010010F19F02B5F8F810C9B22000CA
:10F3600000F05DFC07003800C0B2002808D1B5F8F5
:10F37000F8103420414305EB0100022180F8901081
:10F380003800C0B2022809D1B5F8F8103420414342
:10F3900005EB0100052180F8901015E03800C0B29F
:10F3A000042811D1B5F8F8103420414305EB0100D1
:10F3B000012180F89010B5F8F8103420414305EB96
:10F3C0000100022180F8911064E1B5F8F810C9B28B
:10F3D000200000F08BFB80464046C0B2002837D1A9
:10F3E000B5F8F8103420414305EB010090F8920085
:10F3F000002809D0B5F8F8103420414305EB01008E
:10F40000012180F8C11008E0B5F8F810342041431C
:10F4100005EB0100002180F8C110B5F8F810342088
:10F42000414305EB0100032180F89010B5F8F81076
:10F430003420414305EB0100002180F89110B5F81C
:10F44000F8103420414305EB0100002180F89210B0
:10F450004046C0B2022838D1B5F8F81034204143F4
:10F4600005EB010090F89200022809D0B5F8F810D9
:10F470003420414305EB0100012180F8C11008E070
:10F48000B5F8F8103420414305EB0100002180F865
:10F49000C110B5F8F8103420414305EB01000521F7
:10F4A00080F89010B5F8F8103420414305EB0100C6
:10F4B000012180F89110B5F8F8103420414305EB94
:10F4C0000100022180F8921015E04046C0B20428E5
:10F4D00011D1B5F8F8103420414305EB01000121AA
:10F4E00080F89010B5F8F8103420414305EB010086
:10F4F000022180F89110CDE0B5F8F8103420414396
:10F5000005EB010010F19402B5F8F810C9B2200023
:10F5100000F025FB07003800C0B2002817D1B5F86D
:10F52000F8103420414305EB0100012180F89010D0
:10F53000B5F8F8103420414305EB0100002180F8B4
:10F540009110B5F8F800401CA5F8F80023E0380049
:10F55000C0B2022809D1B5F8F8103420414305EBB8
:10F560000100052180F8901015E03800C0B2042891
:10F5700011D1B5F8F8103420414305EB0100012109
:10F5800080F89010B5F8F8103420414305EB0100E5
:10F59000022180F891107DE0B5F8F8103420414345
:10F5A00005EB010010F19C02B5F8F810C9B220007B
:10F5B00000F0CDFB07003800C0B2002834D1B5F808
:10F5C000F8103420414305EB010090F89C00062818
:10F5D00009D0B5F8F8103420414305EB010090F84C
:10F5E0009C00022812D1D4F8B813D5F8FC00091AEF
:10F5F00042F21070814209D2B5F8F810342041432C
:10F6000005EB0100022180F8901043E0B5F8F810F6
:10F610003420414305EB0100012180F89010B5F83A
:10F62000F800401CA5F8F8003800C0B2022809D143
:10F63000B5F8F8103420414305EB0100082180F8AB
:10F64000901015E03800C0B2042811D1B5F8F810B8
:10F650003420414305EB0100012180F89010B5F8FA
:10F66000F8103420414305EB0100022180F891108D
:10F6700010E0B5F8F800401CA5F8F8000AE009E031
:10F680000020A5F8F8000120287302212000D4F8FA
:10F69000C423904702E000200600FFE73000C0B21C
:10F6A000BDE8F081010000207047000010B50400A3
:10F6B00021202074FF206074002060820020A0823E
:10F6C0000020E082002200212000FCF7A4F810BDF9
:10F6D00038B504000D00A1202074FE2060740020C5
:10F6E00060820020A0820120E08201222900200007
:10F6F000FCF791F832BD0100D1F87403C269DFF85C
:10F70000DC035065DFF8D8039065012082F85000D3
:10F71000012082F85200002070472DE9F84F0400C4
:10F720000D00012601275FF001085FF00009D4F801
:10F730007403D0F81CA05FF0000B9AF85000012869
:10F7400018D0C0F07381032852D023D3052800F0CD
:10F7500098805AD3072800F0E980C0F0A1800928DA
:10F7600000F01681C0F0EE800B2800F05381C0F04D
:10F7700026815BE18AF8615002208AF8500001205E
:10F7800000909AF805301F221AF154012000FDF76D
:10F7900069FC4BE19AF805102000FBF7B8FD8146A3
:10F7A0004846C0B2012813D1DAF85C0000280BD01B
:10F7B0009AF86000000603D503208AF8500016E08E
:10F7C00005208AF8500012E007208AF850000EE069
:10F7D0004846C0B2022803D101208AF8500006E052
:10F7E0004846C0B2052802D10A208AF850001DE11F
:10F7F0009AF80430BAF80A20DAF88C102000FDF7E5
:10F8000052FC04208AF8500010E19AF804102000FD
:10F81000FBF77DFD81464846C0B2012829D1BAF8E0
:10F820000A00DAF85C1088420ED2DAF88C00BAF8D6
:10F830000A100844CAF88C00DAF85C10BAF80A001A
:10F84000091ACAF85C1002E00020CAF85C00DAF875
:10F850005C00002809D09AF80430BAF80A20DAF8D7
:10F860008C102000FDF71FFC0AE007208AF85000EA
:10F8700006E04846C0B2052802D109208AF85000A7
:10F88000D4E0012000909AF80530BAF80820DAF8A0
:10F890008C102000FDF7E6FB06208AF85000C5E03A
:10F8A0009AF805102000FBF732FD81464846C0B2A9
:10F8B00001282BD1BAF80800DAF85C1088420ED281
:10F8C000DAF88C00BAF808100844CAF88C00DAF8A4
:10F8D0005C10BAF80800091ACAF85C1002E00020AF
:10F8E000CAF85C00DAF85C0000280BD00120009018
:10F8F0009AF80530BAF80820DAF88C102000FDF7E5
:10F90000B1FB12E007208AF850000EE04846C0B272
:10F91000022803D105208AF8500006E04846C0B20C
:10F92000052802D10A208AF850007FE09AF80430B6
:10F930000D221AF178012000FDF7B5FB08208AF8A6
:10F94000500073E09AF804102000FBF7E0FC8146B9
:10F950004846C0B2012813D101208AF85000012086
:10F960008AF85200200000F088F880464046C0B275
:10F97000002802D10020060009E00220060006E06F
:10F980004846C0B2052802D109208AF850004DE04F
:10F9900000222900C9B2200000F04CF8070038000E
:10F9A000C0B2002803D107208AF8500006E03800D2
:10F9B000C0B2042802D10B208AF8500036E00122A0
:10F9C0002900C9B2200000F035F807003800C0B2A5
:10F9D000002817D19AF805102000FBF7CFFC8346CA
:10F9E000DBF10102D2B29AF805102000FBF7A4FC6B
:10F9F00000229AF804102000FBF79EFC09208AF8E8
:10FA0000500006E03800C0B2042802D10B208AF86A
:10FA100050000BE02000FFF749FE06003000C0B2A6
:10FA2000002802D101208AF85000FFE73000C0B260
:10FA3000BDE8F28F2DE9F04104000D001600022709
:10FA4000D4F87403D0F81C803000C0B2002802D073
:10FA5000012807D00DE098F807102000FBF7D1FD32
:10FA6000070006E098F806102000FBF7CAFD070023
:10FA7000FFE73800C0B2BDE8F08170B50400D4F8EB
:10FA80007403C569012629792000FBF7A9FB0D281D
:10FA900002D0022006001EE0A86F1249884218D149
:10FAA000E86FA96D884216D195F88400002802D12C
:10FAB000002006000FE095F88400012802D1012003
:10FAC000060008E095F88400022804D10220060010
:10FAD00001E0022006003000C0B270BD5553424321
:10FAE0005040302055534253FEF7E0BF2DE9F04718
:10FAF00004000D000226D4F87403C76997F8520079
:10FB0000012802D002281FD025E00020F86500203F
:10FB100087F860000A2087F862005FF010085FF045
:10FB2000000917F1630A4A4641465046F8F736FA8B
:10FB3000002087F86300012087F85000022087F832
:10FB400052000120060006E02900C9B22000FFF79C
:10FB5000E4FD0600FFE73000C0B2BDE8F0872DE904
:10FB6000F84F04000D0016000127D4F87403D0F8F4
:10FB70001C8098F85200012802D0022824D04AE0C4
:10FB80000820C8F85C00802088F860000A2088F807
:10FB900062005FF010095FF0000A18F1630B524633
:10FBA00049465846F8F7FAF9252088F863000120FD
:10FBB00088F85000022088F8520018F11000C8F8A8
:10FBC0008C000120070026E02900C9B22000FFF7C1
:10FBD000A4FD07003800C0B200281BD1D8F88C0063
:10FBE000C078D8F88C10897850EA0120D8F88C10A9
:10FBF000497850EA0140D8F88C10097850EA016041
:10FC00003060D8F88C00C079D8F88C10897950EA27
:10FC10000120B080FFE73800C0B2BDE8F28F2DE9C7
:10FC2000F84F86B004000D0016000227D4F87403C4
:10FC3000D0F81C8098F85200012802D0022833D056
:10FC400080E02420C8F85C00802088F860000A204A
:10FC500088F862005FF00A095FF0000A18F1630B90
:10FC6000524649465846F8F799F9122088F8630039
:10FC7000680188F86400002088F86500002088F892
:10FC80006600242088F86700002088F868000120BA
:10FC900088F85000022088F8520018F11000C8F8C7
:10FCA0008C00012007004DE02900C9B22000FFF7B9
:10FCB00034FD07003800C0B2002842D12220059050
:10FCC00000200490B146049A05994846F8F766F971
:10FCD000D8F88C00007810F01F007070D8F88C00F5
:10FCE0000078C0B240093070D8F88C004078C0B2BB
:10FCF000C009B07008200390D8F88C00083002903A
:10FD000016F10309039A02994846FAF745FD5FF098
:10FD10001009D8F88C001030019016F10C0A4A46F0
:10FD200001995046FAF738FD5FF0040AD8F88C00C4
:10FD30002030009016F11D0B524600995846FAF7F4
:10FD40002BFDFFE73800C0B207B0BDE8F08F2DE90A
:10FD5000F84F04000D0016000227D4F87403D0F801
:10FD60001C8098F85200012802D0022833D04BE0C2
:10FD70000E20C8F85C00802088F860000A2088F80F
:10FD800062005FF010095FF0000A18F1630B524641
:10FD900049465846F8F702F9032088F863006801DD
:10FDA00088F86400002088F86500002088F8660064
:10FDB0000E2088F86700002088F86800012088F885
:10FDC0005000022088F8520018F11000C8F88C008A
:10FDD0000120070018E02900C9B22000FFF79DFCB0
:10FDE00007003800C0B200280DD1D8F88C00807808
:10FDF00010F00F003070D8F88C00007B7070D8F8CD
:10FE00008C00407BB070FFE73800C0B2BDE8F28FD5
:10FE1000DFF8B003B0F88209002804D10020DFF831
:10FE2000A423A2F88C09DFF89C03B0F88C09B0F584
:10FE30008A7F04DB0020DFF88C23A2F88C09DFF82E
:10FE400088030268DFF87C03B0F88C09002816D11B
:10FE50001000C0B2652812D1DFF86803DFF8643300
:10FE6000B3F88C39184480F85628DFF85803B0F8F6
:10FE70008C09401CDFF84C33A3F88C099CE1DFF8B7
:10FE80004403B0F88C09012822D11000C0B2132815
:10FE90000BD01000C0B2152807D01000C0B2032844
:10FEA00003D01000C0B2102812D1DFF81803DFF819
:10FEB0001433B3F88C39184480F85628DFF804035B
:10FEC000B0F88C09401CDFF8FC32A3F88C0973E110
:10FED000DFF8F002B0F88C090228C0F26881DFF880
:10FEE000E40290F85708132840F09D80DFF8D40210
:10FEF000B0F88C09022812D1DFF8C802DFF8C4324A
:10FF0000B3F88C39184480F85628DFF8B802B0F8F6
:10FF10008C09401CDFF8AC32A3F88C094CE1DFF807
:10FF2000A402B0F88C09032812D1DFF89802DFF898
:10FF30009432B3F88C39184480F85628DFF88402DC
:10FF4000B0F88C09401CDFF87C32A3F88C0933E14F
:10FF5000DFF87002B0F88C09042812D1DFF86402CF
:10FF6000DFF86032B3F88C39184480F85628DFF88F
:10FF70005402B0F88C09401CDFF84832A3F88C0911
:10FF80001AE1DFF84002B0F88C09052812D1DFF839
:10FF90003402DFF83032B3F88C39184480F8562830
:10FFA000DFF82002B0F88C09401CDFF81832A3F803
:10FFB0008C0901E1DFF80C02B0F88C0906282CDB73
:10FFC000DFF8000290F85A08DFF8F83193F85B3850
:10FFD00053EA00231900DFF8EC01DFF8E831B3F849
:10FFE0008C39184480F85628DFF8D801B0F88C090D
:10FFF000401CDFF8D031A3F88C09DFF8C801B0F855
:020000040803EF
:100000008C090B009BB20833984240F0D580012048
:10001000DFF8B03183F89609CEE00020DFF8A43194
:10002000A3F88C09C8E0DFF89C0190F85708152860
:1000300069D1DFF89001B0F88C09022812D1DFF8FD
:100040008401DFF88031B3F88C39184480F85628E1
:10005000DFF87001B0F88C09401CDFF86831A3F8B4
:100060008C09A9E0DFF85C01B0F88C09032812D1F3
:10007000DFF85001DFF84C31B3F88C39184480F8C0
:100080005628DFF84001B0F88C09401CDFF8343105
:10009000A3F88C0990E0DFF82C01B0F88C09042853
:1000A0002BDBDFF8200190F85808DFF8183193F8BF
:1000B000593853EA00231900DFF80801DFF804314A
:1000C000B3F88C39184480F85628DFF8F800B0F8F7
:1000D0008C09401CDFF8EC30A3F88C09DFF8E40051
:1000E000B0F88C090B009BB29B1D984264D1012093
:1000F000DFF8D03083F896095EE00020DFF8C430E6
:10010000A3F88C0958E0DFF8BC0090F857080328E2
:1001100047D1DFF8B000B0F88C09022818D1DFF819
:10012000A400DFF8A030B3F88C39184480F85628C2
:10013000DFF89000B0F88C09401CDFF88830A3F895
:100140008C091000C0B2DFF87C30A3F88A0933E0D4
:10015000DFF87000B0F88C0903282DDBDFF86400AD
:10016000DFF86030B3F88C39184480F85628DFF88F
:100170005400B0F88C09401CDFF84830A3F88C0913
:10018000DFF84000B0F88C09DFF83830B3F88A396E
:100190005B1D984210D10120DFF8283083F89609C2
:1001A0000AE00020DFF81C30A3F88C0904E00020EE
:1001B000DFF81030A3F88C090A20DFF80830A3F824
:1001C000820970472C0000200444004061001A039B
:1001D000E0001703F8000703FF00010078010001A9
:1001E000300132010601390110014A012E01790165
:1001F000060180014D0043028101820182018401D8
:10020000840186018701870189018A018B018B01A5
:100210008D018E018F019001910191019301940153
:10022000F60196019701980198013D029B019C01FE
:100230009D0120029F01A001A001A201A201A40131
:10024000A401A601A701A701A901AA01AB01AC0164
:10025000AC01AE01AF01AF01B101B201B301B30115
:10026000B501B501B701B801B801BA01BB01BC01C4
:10027000BC01BE01F701C001C101C201C301C4013B
:10028000C501C401C701C801C701CA01CB01CA0128
:10029000CD011001DD0101008E01DE011201F3012B
:1002A0000300F101F401F401F80128012202120116
:1002B0003A020900652C3B023B023D02662C3F02DC
:1002C00040024102410246020A01530240008101FC
:1002D0008601550289018A0158028F015A02900154
:1002E0005C025D025E025F029301610262029401A0
:1002F0006402650266026702970196016A02622C37
:100300006C026D026E029C01700271029D0173020B
:1003100074029F0176027702780279027A027B02E8
:100320007C02642C7E027F02A60181028202A90166
:100330008402850286028702AE014402B101B20145
:1003400045028D028E028F0290029102B7017B035B
:100350000300FD03FE03FF03AC03040086038803D0
:1003600089038A03B1031103C2030200A303A30399
:10037000C4030803CC0303008C038E038F03D8034C
:100380001801F2030A00F903F303F403F503F6037B
:10039000F703F703F903FA03FA03300420035004C8
:1003A0001007600422018A043601C1040E01CF0443
:1003B0000100C004D00444016105260400000000CF
:1003C0007047FEE7FEE7FEE7FEE7704770477047BD
:1003D00080B500F08DF8F3F77DFA01BD80B52F48A8
:1003E0000068800601D5EFF7F7FE2D48F5F7FCF918
:1003F00001BD80B52B480068800601D5FFF708FDD8
:100400002948F5F7F1F901BD80B528480068800654
:1004100001D5F7F74BFE2648F5F7E6F901BD80B5A3
:1004200024480068800601D5F7F7E2FF2248F5F777
:10043000DBF901BD80B521480068800601D5F8F7D9
:100440007FFD1F48F5F7D0F901BD80B51D48FBF7CA
:1004500050FE01BD80B51C4800681C48F5F7C4F982
:1004600001BD80B51A4800681A48F5F7BDF901BD0D
:1004700080B5194800681948F5F7B6F901BD80B58F
:10048000174800681748F5F7AFF901BD80B5164861
:1004900000681648F5F7A8F901BD000000100140FA
:1004A000DC7D0020004400401C7E0020004800400D
:1004B0005C7E0020004C00405C7C0020005000402E
:1004C0009C7C0020C8600020001401409C7E00201D
:1004D00000780040DC7C0020007C00401C7D002077
:1004E000001801405C7D0020001C01409C7D002024
:1004F00003480068034909784018014908607047BB
:10050000C080002028000020C700FC00E900E200B5
:10051000E400E000E500E700EA00EB00E800EF009F
:10052000EE00EC00C400C500C900E600C600F400FF
:10053000F600F200FB00F900FF00D600DC00F80036
:10054000A300D800D7009201E100ED00F300FA000B
:10055000F100D100AA00BA00BF00AE00AC00BD009F
:10056000BC00A100AB00BB0091259225932502257C
:100570002425C100C200C000A900632551255725CC
:100580005D25A200A5001025142534252C251C2549
:1005900000253C25E300C3005A255425692566251E
:1005A000602550256C25A400F000D000CA00CB00C7
:1005B000C8003101CD00CE00CF0018250C258825BC
:1005C0008425A600CC008025D300DF00D400D20013
:1005D000F500D500B500FE00DE00DA00DB00D90032
:1005E000FD00DD00AF00B400AD00B1001720BE007B
:1005F000B600A700F700B800B000A800B700B90027
:10060000B300B200A025A0007D1D0100632C001ED8
:100610009601A01E5A01001F0806101F0606201F83
:100620000806301F0806401F0606511F0700591F05
:10063000521F5B1F541F5D1F561F5F1F601F080660
:10064000701F0E00BA1FBB1FC81FC91FCA1FCB1FB8
:10065000DA1FDB1FF81FF91FEA1FEB1FFA1FFB1F32
:10066000801F0806901F0806A01F0806B01F040080
:10067000B81FB91FB21FBC1FCC1F0100C31FD01F62
:100680000206E01F0206E51F0100EC1FF21F010039
:10069000FC1F4E2101003221702110028421010033
:1006A0008321D0241A05302C2F04602C0201672CE2
:1006B0000601752C0201802C6401002D260841FFE3
:1006C0001A030000435545414141414345454549D1
:1006D000494941414592924F4F4F5555594F554FBA
:1006E0009C4F9E9F41494F55A5A5A6A7A8A9AAAB77
:1006F000ACADAEAFB0B1B2B3B4414141B8B9BABB21
:10070000BCBDBEBFC0C1C2C3C4C54141C8C9CACBBC
:10071000CCCDCECFD1D145454549494949D9DADB80
:10072000DCDD49DF4FE14F4F4F4FE6E8E8555555C7
:100730005959EEEFF0F1F2F3F4F5F6F7F8F9FAFBA8
:10074000FCFDFEFF1248006850F47000104908607C
:100750001048006850F001000E49086000200E4962
:1007600008600C4801680D4801400A4801600C48C7
:100770000C4908600748006830F48020054908608B
:1007800000200949086009480949086070470000CD
:1007900088ED00E00038024008380240FFFFF6FE16
:1007A00010300024043802400C38024000000208D7
:1007B00008ED00E030B4002512E050F8042BD30718
:1007C00044BF4A44521E091F042942F8045BFAD26E
:1007D00013468C0744BF15809B1CC90748BF1D707A
:1007E00050F8041B0029E8D130BC7047443A5C77CC
:1007F0006F726B5C4753544543485C474C39303209
:100800005C474C3930325F4D41494E5F5231325C6A
:100810005372635C757362685F636F6E662E63000C
:10082000443A5C776F726B5C4753544543485C476E
:100830004C3930325C474C3930325F4D41494E5F64
:100840005231325C5372635C6D61696E2E630000DD
:10085000100000000024F400A809030808000000AC
:1008600029F00208CDF102082BF20208BFF20208BB
:10087000A5F60208000000000100000010B50749BD
:1008800079441831064C7C44163404E00A68081D8B
:10089000114488470146A142F8D110BD2C00000048
:1008A0004C0000004EF68851CEF20001086840F47A
:1008B00070000860BFF34F8FBFF36F8F4FF0007071
:1008C000E1EE100A70470000EDFEFFFFA08000007F
:1008D0002C00002000000000B74BFFFF2C000000A0
:1008E00070FFFFFF000000200000000000F00DF886
:1008F000002801D0FFF7C2FFAFF300800020AFF364
:100900000080F3F703FE00F002F80120704700F0CA
:1009100001B8000007463846FEF77CFBFBE7000005
:100920000548014603B4684680F30988AFF30080A8
:10093000FFF7B8FFFFF7DAFFA5EDF5FE01030507A6
:10094000090E10121416181C1E00000000000000F2
:10095000000000000102030406070809014880475F
:10096000014800474507030821090308222A3A3CA9
:100970003E3F7C7F00000000303130333738323466
:1009800039353700303130313131313030303500A8
:100990002B2C3B3D5B5D0000474C3930325F000043
:1009A00000000000010203044D534300FFF7FEBFA7
:1009B000FFF7FEBFFFF7FEBFFFF7FEBFFFF7FEBF6B
:1009C000FFF7FEBFFFF7FEBFFFF7FEBFFFF7FEBF5B
:1009D000FFF7FEBFFFF7FEBFFFF7FEBFFFF7FEBF4B
:1009E000FFF7FEBFFFF7FEBFFFF7FEBFFFF7FEBF3B
:1009F000FFF7FEBFFFF7FEBFFFF7FEBFFFF7FEBF2B
:100A0000FFF7FEBFFFF7FEBFFFF7FEBFFFF7FEBF1A
:100A1000FFF7FEBFFFF7FEBFFFF7FEBFFFF7FEBF0A
:100A2000FFF7FEBFFFF7FEBFFFF7FEBFFFF7FEBFFA
:100A3000FFF7FEBFFFF7FEBFFFF7FEBFFFF7FEBFEA
:100A4000FFF7FEBFFFF7FEBFFFF7FEBFFFF7FEBFDA
:100A5000FFF7FEBFFFF7FEBFFFF7FEBFFFF7FEBFCA
:100A6000FFF7FEBFFFF7FEBFFFF7FEBFFFF7FEBFBA
:100A7000FFF7FEBFFFF7FEBFFFF7FEBFFFF7FEBFAA
:100A8000FFF7FEBFFFF7FEBFFFF7FEBFFFF7FEBF9A
:100A9000FFF7FEBFFFF7FEBFFFF7FEBFFFF7FEBF8A
:100AA000FFF7FEBFFFF7FEBFFFF7FEBFFFF7FEBF7A
:100AB000FFF7FEBFFFF7FEBFFFF7FEBFFFF7FEBF6A
:100AC000FFF7FEBFFFF7FEBFFFF7FEBFFFF7FEBF5A
:100AD000FFF7FEBFFFF7FEBFFFF7FEBFFFF7FEBF4A
:100AE000FFF7FEBFFFF7FEBFFFF7FEBFFFF7FEBF3A
:0C0AF000FFF7FEBFFFF7FEBFFFF7FEBFE1
:0400000508030921C2
:00000001FF
