:020000040802F0
:10000000307C002055EA02087DE602087FE60208FF
:1000100081E6020883E6020885E602080000000087
:1000200000000000000000000000000087E6020859
:1000300089E60208000000008BE602088DE602084F
:1000400089EA02088DEA020891EA020895EA0208A4
:1000500099EA02089DEA0208A1EA0208A5EA020854
:10006000A9EA0208ADEA0208B1EA0208B5EA020804
:10007000B9EA0208BDEA0208C1EA0208C5EA0208B4
:10008000C9EA0208CDEA0208D1EA0208D5EA020864
:10009000D9EA0208DDEA0208E1EA0208E5EA020814
:1000A000E9EA0208EDEA0208F1EA0208F5EA0208C4
:1000B000F9EA0208FDEA020801EB020805EB020872
:1000C00009EB02080DEB020811EB020815EB020820
:1000D00019EB020899E60208AFE60208C5E6020835
:1000E0001DEB020821EB020825EB020829EB0208B0
:1000F0002DEB020831EB020835EB020839EB020860
:100100003DEB020841EB020845EB020849EB02080F
:10011000DBE60208F1E602084DEB020851EB0208AB
:1001200055EB020859EB02085DEB020861EB02088F
:1001300065EB020869EB02086DEB020871EB02083F
:1001400075EB020879EB02087DEB020807E702086D
:1001500081EB020885EB020889EB020811E702082F
:100160008DEB020891EB020895EB020899EB02086F
:100170009DEB0208A1EB0208000000000000000057
:10018000A5EB0208A9EB02081FE702082DE7020809
:10019000ADEB0208B1EB020800000000B5EB02086D
:1001A0003BE7020849E702080000000000000000E9
:1001B000B9EB02080000000000000000BDEB0208DF
:1001C000C1EB0208C5EB0208C9EB0208CDEB02083F
:1001D000D1EB0208D5EB0208DFF8BC04B0F8B0049C
:1001E000002804D10020DFF8B014A1F8BA04DFF829
:1001F000A804B0F8BA04212804DB0020DFF8981422
:10020000A1F8BA04DFF894040168DFF88C04B0F8B0
:10021000BA04002816D10800C0B2C92812D1DFF8EC
:100220007804DFF87424B2F8BA24104480F88413F8
:10023000DFF86404B0F8BA04401CDFF85C24A2F8CC
:10024000BA0423E2DFF85004B0F8BA0401281ED142
:100250000800C0B2202807D00800C0B2132803D07D
:100260000800C0B2152812D1DFF82C04DFF82824CA
:10027000B2F8BA24104480F88413DFF81C04B0F8F4
:10028000BA04401CDFF81024A2F8BA04FEE1DFF83B
:10029000080490F88503132840F0F580DFF8F80390
:1002A00090F88403C92840F08F80DFF8EC03B0F8A1
:1002B000BA04022812D1DFF8E003DFF8DC23B2F839
:1002C000BA24104480F88413DFF8CC03B0F8BA04E1
:1002D000401CDFF8C423A2F8BA04D7E1DFF8B80362
:1002E000B0F8BA04032812D1DFF8AC03DFF8A82372
:1002F000B2F8BA24104480F88413DFF89C03B0F8F5
:10030000BA04401CDFF89023A2F8BA04BEE1DFF87B
:100310008803B0F8BA04042812D1DFF87C03DFF8B0
:100320007823B2F8BA24104480F88413DFF8680305
:10033000B0F8BA04401CDFF86023A2F8BA04A5E1C3
:10034000DFF85403B0F8BA04052812D1DFF84803E7
:10035000DFF84423B2F8BA24104480F88413DFF89D
:100360003803B0F8BA04401CDFF82C23A2F8BA0412
:100370008CE1DFF82403B0F8BA0406281EDBDFF8AE
:100380001803DFF81423B2F8BA24104480F8841359
:10039000DFF80403B0F8BA04401CDFF8FC22A2F82E
:1003A000BA04DFF8F402B0F8BA04082840F06E810D
:1003B0000120DFF8E42282F8C40467E10020DFF8BE
:1003C000D822A2F8BA0461E1B348B0F8BA0402280E
:1003D0000ED1B148B04AB2F8BA24104480F8841360
:1003E000AD48B0F8BA04401CAB4AA2F8BA044DE1DB
:1003F000A948B0F8BA0403280ED1A748A64AB2F813
:10040000BA24104480F88413A348B0F8BA04401CFE
:10041000A14AA2F8BA0439E19F48B0F8BA04042806
:100420000ED19D489C4AB2F8BA24104480F8841337
:100430009948B0F8BA04401C974AA2F8BA0425E1DA
:100440009548B0F8BA04052818D19348924AB2F8F2
:10045000BA24104480F884138F48B0F8BA04401CC2
:100460008D4AA2F8BA048C48B0F8BA04062840F0C5
:100470000D810120884A82F8C40407E10020864AE1
:10048000A2F8BA0402E1844890F88503152872D1D5
:100490008148B0F8BA0402280ED17F487E4AB2F8EB
:1004A000BA24104480F884137B48B0F8BA04401C86
:1004B000794AA2F8BA04E9E07748B0F8BA04032808
:1004C0000ED17548744AB2F8BA24104480F88413E7
:1004D0007148B0F8BA04401C6F4AA2F8BA04D5E0DB
:1004E0006D48B0F8BA0404280ED16B486A4AB2F8D5
:1004F000BA24104480F884136748B0F8BA04401C4A
:10050000654AA2F8BA04C1E06348B0F8BA04052805
:100510000ED16148604AB2F8BA24104480F88413BE
:100520005D48B0F8BA04401C5B4AA2F8BA04ADE0DA
:100530005948B0F8BA04062818DB5748564AB2F8AA
:10054000BA24104480F884135348B0F8BA04401C0D
:10055000514AA2F8BA045048B0F8BA04082840F04A
:10056000958001204C4A82F8C4048FE000204A4A5A
:10057000A2F8BA048AE0484890F88503202840F0A1
:1005800081804548B0F8BA0402280ED14248424A58
:10059000B2F8BA24104480F884133F48B0F8BA0483
:1005A000401C3D4AA2F8BA0470E03B48B0F8BA04D7
:1005B00003280ED13848384AB2F8BA24104480F8DB
:1005C00084133548B0F8BA04401C334AA2F8BA0480
:1005D0005CE03148B0F8BA0404280ED12E482E4A07
:1005E000B2F8BA24104480F884132B48B0F8BA0447
:1005F000401C294AA2F8BA0448E02748B0F8BA04D7
:1006000005280ED12448244AB2F8BA24104480F8B0
:1006100084132148B0F8BA04401C1F4AA2F8BA0457
:1006200034E01D48B0F8BA04062826DB1A4890F8D2
:100630008803194A92F8892352EA00221648A0F842
:10064000B8241548144AB2F8BA24104480F8841328
:100650001148B0F8BA04401C0F4AA2F8BA040E4878
:10066000B0F8BA040C4AB2F8B824083290420DD15E
:100670000120094A82F8C40408E00020064AA2F8D2
:10068000BA0403E00020044AA2F8BA040520024A92
:10069000A2F8B004704700002C00002004100140B4
:1006A0002DE9FE4F0400A2781202E1780A43ADF86A
:1006B0000820A1788DF80010E6789DF80010002938
:1006C00060D1DFF8701C0F00DFF86C1C88466421D5
:1006D0000D006521DFF8642C82F82C111321DFF85E
:1006E0005C2C82F82D11A178DFF8502C82F82E11A5
:1006F000E178DFF8482C82F82F11290089B2090A25
:10070000DFF8382C82F83011DFF8301C81F83151D5
:10071000DFF82CAC002189464846290080B289B216
:10072000884213D2388880B2000A8AF800001AF191
:1007300001003988017010F1010A3888A8F800001A
:10074000BF1C18F1020819F10209E5E7A91D89B2D9
:10075000DFF8F00B02F046FDADF80200BDF8020034
:1007600080B2000A8AF800001AF10100BDF80210F8
:100770000170401C15F10801DFF8C02BA2F8B61477
:1007800000F0D6BD9DF80010012940F01E846521BF
:10079000DFF8A82B82F82C111321DFF8A02B82F8A8
:1007A0002D11A178DFF8942B82F82E11E178DFF873
:1007B0008C2B82F82F110021DFF8802B82F830116A
:1007C0006221DFF8782B82F83111DFF874AB062153
:1007D000DFF8682BA2F8B6143000C0B2622880F2AD
:1007E000D4833000C0B200284AD006286CD00A2832
:1007F00000F08F800C2800F0AD80122800F0CF8030
:10080000222800F0F180322800F01481362800F010
:100810003781382800F05581392800F06C813A285A
:1008200000F083813E2800F0A681422800F0C981B3
:10083000462800F0EC814A2800F00F824E2800F094
:100840003282502800F05282522800F072825428DE
:1008500000F09282562800F0B282582800F0D2822E
:100860005A2800F0F2825C2800F012835E2800F023
:1008700032835F2800F04983602800F0608381E3C1
:1008800000208146484680B206280BDADFF8B80A15
:10089000494689B2405C8AF800001AF1010A19F150
:1008A0000109EFE7DFF8940AB0F8B604801DDFF81D
:1008B0008C1AA1F8B604B61D0622DFF8901ADFF8EC
:1008C000880A02F0EEFC87E700208146484680B2A5
:1008D00004280CDADFF8700A494689B208448079A6
:1008E0008AF800001AF1010A19F10109EEE7DFF8B0
:1008F0004C0AB0F8B604001DDFF8401AA1F8B6049F
:10090000361D0422DFF8481ADFF8480A02F0C9FC55
:1009100062E7DFF8340A408980B2000A8AF80000F2
:100920001AF10100DFF8201A4989017010F1010A5B
:10093000DFF8080AB0F8B604801CDFF8001AA1F846
:10094000B604B61C0222DFF8101ADFF8100A02F013
:10095000A8FC41E700208146484680B206280CDA10
:10096000DFF8E409494689B20844007B8AF80000B0
:100970001AF1010A19F10109EEE7DFF8C009B0F830
:10098000B604801DDFF8B419A1F8B604B61D06221E
:10099000DFF8CC19DFF8CC0902F083FC1CE700205B
:1009A0008146484680B210280CDADFF89C09494697
:1009B00089B20844807C8AF800001AF1010A19F112
:1009C0000109EEE7DFF87409B0F8B6041030DFF87B
:1009D0006C19A1F8B60410361022DFF88C19DFF874
:1009E0008C0902F05EFCF7E600208146484680B2A2
:1009F00010280DDADFF85009494689B2084490F80A
:100A000022008AF800001AF1010A19F10109EDE744
:100A1000DFF82809B0F8B6041030DFF82019A1F883
:100A2000B60410361022DFF84819DFF8480902F042
:100A300038FCD1E600208146484680B204280DDA11
:100A4000DFF80409494689B2084490F832008AF870
:100A500000001AF1010A19F10109EDE7DFF8DC08DD
:100A6000B0F8B604001DDFF8D418A1F8B604361D9E
:100A70000422DFF80419DFF8040902F012FCABE6E7
:100A8000DFF8C408C08E80B2000A8AF800001AF1AC
:100A90000100DFF8B418C98E017010F1010ADFF807
:100AA0009C08B0F8B604801CDFF89018A1F8B604D2
:100AB000B61C0222DFF8C818DFF8C80802F0F1FB04
:100AC0008AE6DFF8840890F838008AF800001AF106
:100AD000010ADFF86808B0F8B604401CDFF85C18BB
:100AE000A1F8B604761C0122DFF89C18DFF89C08F8
:100AF00002F0D7FB70E6DFF8500890F839008AF86A
:100B000000001AF1010ADFF83408B0F8B604401CFE
:100B1000DFF82818A1F8B604761C0122DFF8701857
:100B2000DFF8700802F0BDFB56E60020814648461B
:100B300080B204280DDADFF81008494689B208446B
:100B400090F83A008AF800001AF1010A19F1010937
:100B5000EDE7DFF8E807B0F8B604001DDFF8DC17B2
:100B6000A1F8B604361D0422DFF82C18DFF82C0893
:100B700002F097FB30E600208146484680B2042808
:100B80000DDADFF8C407494689B2084490F83E0000
:100B90008AF800001AF1010A19F10109EDE7DFF8FE
:100BA0009C07B0F8B604001DDFF89017A1F8B60452
:100BB000361D0422DFF8E817DFF8E80702F071FBC2
:100BC0000AE600208146484680B204280DDADFF8A4
:100BD0007807494689B2084490F842008AF8000034
:100BE0001AF1010A19F10109EDE7DFF85007B0F831
:100BF000B604001DDFF84417A1F8B604361D042220
:100C0000DFF8A417DFF8A40702F04BFBE4E50020AF
:100C10008146484680B204280DDADFF82C074946A1
:100C200089B2084490F846008AF800001AF1010AD7
:100C300019F10109EDE7DFF80407B0F8B604001D6B
:100C4000DFF8F816A1F8B604361D0422DFF86017A5
:100C5000DFF8600702F025FBBEE50020814648462C
:100C600080B204280DDADFF8E006494689B208446C
:100C700090F84A008AF800001AF1010A19F10109F6
:100C8000EDE7DFF8B806B0F8B604001DDFF8AC16E3
:100C9000A1F8B604361D0422DFF81C17DFF81C0784
:100CA00002F0FFFA98E5DFF8A006B0F84E0080B237
:100CB000000A8AF800001AF10100DFF88C16B1F87A
:100CC0004E10017010F1010ADFF87006B0F8B6049A
:100CD000801CDFF86816A1F8B604B61C0222DFF803
:100CE000E016DFF8E00602F0DCFA75E5DFF85806FA
:100CF000B0F8500080B2000A8AF800001AF1010032
:100D0000DFF84416B1F85010017010F1010ADFF855
:100D10002C06B0F8B604801CDFF82016A1F8B60443
:100D2000B61C0222DFF8A016DFF8A00602F0B9FA1E
:100D300052E5DFF81406B0F8520080B2000A8AF8D3
:100D400000001AF10100DFF80016B1F8521001702E
:100D500010F1010ADFF8E405B0F8B604801CDFF8F2
:100D6000DC15A1F8B604B61C0222DFF86416DFF821
:100D7000640602F096FA2FE5DFF8CC05B0F85400CF
:100D800080B2000A8AF800001AF10100DFF8B815F5
:100D9000B1F85410017010F1010ADFF8A005B0F8A5
:100DA000B604801CDFF89415A1F8B604B61C022224
:100DB000DFF82416DFF8240602F073FA0CE5DFF8FA
:100DC0008805B0F8560080B2000A8AF800001AF1CF
:100DD0000100DFF87415B1F85610017010F1010A26
:100DE000DFF85805B0F8B604801CDFF85015A1F8FC
:100DF000B604B61C0222DFF8E815DFF8E80502F0B9
:100E000050FAE9E4DFF84005B0F8580080B2000A73
:100E10008AF800001AF10100DFF82C15B1F858101B
:100E2000017010F1010ADFF81405B0F8B604801C57
:100E3000DFF80815A1F8B604B61C0222DFF8A815E1
:100E4000DFF8A80502F02DFAC6E4DFF8FC04B0F8DC
:100E50005A0080B2000A8AF800001AF10100DFF897
:100E6000E814B1F85A10017010F1010ADFF8CC044F
:100E7000B0F8B604801CDFF8C414A1F8B604B61CA0
:100E80000222DFF86C15DFF86C0502F00AFAA3E421
:100E9000DFF8B404B0F85C0080B2000A8AF8000001
:100EA0001AF10100DFF8A014B1F85C10017010F124
:100EB000010ADFF88804B0F8B604801CDFF87C145F
:100EC000A1F8B604B61C0222DFF82C15DFF82C05B9
:100ED00002F0E7F980E4DFF8700490F85E008AF829
:100EE00000001AF1010ADFF85404B0F8B604401CFF
:100EF000DFF84814A1F8B604761C0122DFF80015CB
:100F0000DFF8000502F0CDF966E4DFF83C0490F864
:100F10005F008AF800001AF1010ADFF82004B0F837
:100F2000B604401CDFF81414A1F8B604761C0122A4
:100F3000DFF8D414DFF8D40402F0B3F94CE4DFF89E
:100F40000804B0F8600080B2000A8AF800001AF1C4
:100F50000100DFF8F413B1F86010017010F1010A1C
:100F6000DFF8D803B0F8B604801CDFF8D013A1F87E
:100F7000B604B61C0222DFF89814DFF8980402F0D9
:100F800090F929E46220060026E4DFF8B003B0F807
:100F9000B614DFF8B00302F025F9ADF80200BDF891
:100FA000020080B2000A8AF800001AF10100BDF8C0
:100FB00002100170401CDFF88413B1F8B614891CCC
:100FC000DFF87823A2F8B614B2E19DF800101129D9
:100FD0006BDB9DF800101D2967DADFF83C249DF8D3
:100FE0000030A6214B4302EB0301A1F606310F00AE
:100FF000DFF828249DF80030A6214B4302EB0301C3
:10100000A1F606318846A6210D006521CB4A82F85B
:101010002C111321C94A82F82D11A178C74A82F8F0
:101020002E11E178C54A82F82F11290089B2090AE8
:10103000C24A82F83011C14981F83151DFF800A36A
:10104000002189464846290080B289B2884213D2DD
:10105000388880B2000A8AF800001AF10100398845
:10106000017010F1010A3888A8F80000BF1C18F1BF
:10107000020819F10209E5E7A91D89B2B14802F099
:10108000B1F8ADF80200BDF8020080B2000A8AF89B
:1010900000001AF10100BDF802100170401C15F1AA
:1010A0000801A64AA2F8B61442E19DF800103129C1
:1010B00067DB9DF800103D2963DAD94A9DF80030BE
:1010C00048214B4302EB0301A1F6C8518B46D54A98
:1010D0009DF8003048214B4302EB0301A1F6C851B3
:1010E000019148210D006521944A82F82C111321A9
:1010F000924A82F82D11A178904A82F82E11E17857
:101100008E4A82F82F11290089B2090A8B4A82F887
:1011100030118A4981F83151DFF824A20021894633
:101120004846290080B289B2884211D29BF800005B
:101130008AF800001AF1010A9BF800000199087072
:101140001BF1010B0198401C019019F10109E7E71F
:10115000A91D89B27B4802F045F8ADF80200BDF840
:10116000020080B2000A8AF800001AF10100BDF8FE
:1011700002100170401C15F10801704AA2F8B61463
:10118000D6E09DF80010E02969DB9DF80010F029F9
:1011900065DAA54A9DF8003006214B4302EB0301B6
:1011A000B1F5A8610F00A14A9DF8003006214B431C
:1011B00002EB0301B1F5A861884606210D00652107
:1011C0005E4A82F82C1113215C4A82F82D11A17815
:1011D0005A4A82F82E11E178584A82F82F112900D4
:1011E00089B2090A554A82F83011544981F83151BF
:1011F000DFF84CA1002189464846290080B289B217
:10120000884213D2388880B2000A8AF800001AF1A6
:1012100001003988017010F1010A3888A8F800002F
:10122000BF1C18F1020819F10209E5E7A91D89B2EE
:10123000444801F0D7FFADF80200BDF8020080B2CB
:10124000000A8AF800001AF10100BDF802100170CE
:10125000401C15F10801394AA2F8B61468E09DF85F
:101260000010F02964DB724A9DF8003022214B43C4
:1012700002EB0301B1F5FF510F006E4A9DF80030FB
:1012800022214B4302EB0301B1F5FF518846222195
:101290000D006521294A82F82C111321274A82F872
:1012A0002D11A178254A82F82E11E178234A82F87F
:1012B0002F11290089B2090A204A82F830111F49EA
:1012C00081F83151DFF878A000218946484629008D
:1012D00080B289B2884213D2388880B2000A8AF874
:1012E00000001AF101003988017010F1010A3888F4
:1012F000A8F80000BF1C18F1020819F10209E5E77F
:10130000A91D89B20F4801F06DFFADF80200BDF8CC
:10131000020080B2000A8AF800001AF10100BDF84C
:1013200002100170401C15F10801044AA2F8B6141D
:10133000BDE8F78F00640020646400202C000020CA
:101340005E010020580100202C65002090650020DF
:1013500096650020326500209A65002036650020E1
:101360009C65002038650020A26500203E650020B5
:10137000B26500204E650020C26500205E65002039
:10138000C665002062650020C865002064650020F5
:10139000C965002065650020CA65002066650020DB
:1013A000CE6500206A650020D26500206E650020B1
:1013B000D665002072650020DA6500207665002081
:1013C000DE6500207A650020E06500207C65002055
:1013D000E26500207E650020E46500208065002035
:1013E000E665002082650020E86500208465002015
:1013F000EA65002086650020EC65002088650020F5
:10140000EE6500208A650020EF6500208B650020D6
:10141000F06500208C65002060300020C03A00207C
:1014200020450020A049002058660020B866002012
:10143000405B0020605D00202DE9F14F82B00299F1
:1014400091F802905FEA09290299C97851EA0909DD
:1014500002998D78029991F803A02900C9B2002958
:1014600040F0B180DFF8881D0F00DFF8881D884646
:101470006421ADF802106521DFF87C2D82F82C1173
:101480001521DFF8742D82F82D11DFF8706D002121
:10149000DFF8642DA2F8B6140021894600218A469F
:1014A00000218B465846BDF8021080B2884231D2E6
:1014B0005046C0B2BDF8021080B288422AD23888A5
:1014C000B8F80010884218D0484680B2000A307040
:1014D000701C80F80090401C398889B2090A01709C
:1014E000401C39880170461CDFF80C0DB0F8B604BA
:1014F000001DDFF8041DA1F8B6043888A8F8000024
:10150000BF1C18F1020819F102091AF1020A1BF1B5
:10151000020BC7E7DFF8E00CB0F8B604002818D1DA
:10152000DFF8CC0C07003570701C00210170401CE6
:10153000398889B2090A0170401C39880170461C3B
:10154000DFF8B40CB0F8B604001DDFF8AC1CA1F84D
:10155000B604DFF8A40CB0F8B60480B2000ADFF8D5
:10156000981C81F82E01DFF8900CB0F8B604DFF873
:10157000881C81F82F01DFF8800CB0F8B604001D3C
:10158000DFF8741CA1F8B604DFF86C0CB0F8B614E0
:10159000DFF8480D01F026FEADF80000BDF80000B0
:1015A00080B2000A3070701CBDF800100170401C41
:1015B000DFF8441CB1F8B614891CDFF83C2CA2F803
:1015C000B61401F094B92900C9B2012940F040874E
:1015D0006221ADF802106521DFF81C2C82F82C1175
:1015E0001521DFF8142C82F82D11DFF8106C002182
:1015F000DFF8042CA2F8B6144FF48071894600215C
:101600008A465046C0B2622880F2B4865046C0B2C4
:1016100000284CD0062800F08A800A2800F0C880F4
:101620000C2800F00181122800F03F81222800F0F0
:101630007D81322800F0BC81362800F0FB813828FB
:1016400000F03482392800F067823A2800F09A824C
:101650003E2800F0D982422800F01883462800F086
:1016600057834A2800F096834E2800F0D6835028EE
:1016700000F01284522800F04B84542800F0848437
:10168000562800F0BB84582800F0F2845A2800F055
:1016900029855C2800F060855E2800F097855F282A
:1016A00000F0D385602800F0078600F05FBE0622B8
:1016B000DFF82C1CDFF82C0C01F0FEFD04002000EC
:1016C000C0B2002804D119F106091AF1060A98E7F8
:1016D000484680B2000A3070701C80F80090461CAA
:1016E000DFF8140BB0F8B604801CDFF80C1BA1F86F
:1016F000B60400208346584680B2062809DADFF88F
:10170000E40B594689B2405C3070761C1BF1010B2A
:10171000F1E7DFF8E40AB0F8B604801DDFF8D81A64
:10172000A1F8B60419F106091AF1060A69E70422BC
:10173000DFF8B41BDFF8B40B01F0BEFD040020009D
:10174000C0B2002804D119F104091AF1040A58E7BB
:10175000484680B2000A3070701C80F80090461C29
:10176000DFF8940AB0F8B604801CDFF88C1AA1F8F0
:10177000B60400208346584680B204280ADADFF80F
:10178000640B594689B2084480793070761C1BF18D
:10179000010BF0E7DFF8600AB0F8B604001DDFF8CF
:1017A000581AA1F8B60419F104091AF1040A28E735
:1017B0000222DFF83C1BDFF83C0B01F07DFD04004A
:1017C0002000C0B2002804D119F102091AF1020A5E
:1017D00017E7484680B2000A3070701C80F800900D
:1017E000401CDFF8141AB1F8B614891CDFF8082A77
:1017F000A2F8B614DFF8EC1A498989B2090A017017
:10180000401CDFF8E01A49890170461CDFF8E8093E
:10181000B0F8B604801CDFF8E019A1F8B60419F19D
:1018200002091AF1020AECE60622DFF8CC1ADFF808
:10183000CC0A01F041FD04002000C0B2002804D110
:1018400019F106091AF1060ADBE6484680B2000AD9
:101850003070701C80F80090461CDFF89C09B0F8CE
:10186000B604801CDFF89019A1F8B6040020834666
:10187000584680B206280ADADFF8680A594689B263
:101880000844007B3070761C1BF1010BF0E7DFF899
:101890006809B0F8B604801DDFF85C19A1F8B60439
:1018A00019F106091AF1060AABE61022DFF8501A00
:1018B000DFF8500A01F000FD04002000C0B200284B
:1018C00004D119F110091AF1100A9AE6484680B2BB
:1018D000000A3070701C80F80090461CDFF8180970
:1018E000B0F8B604801CDFF81019A1F8B604002087
:1018F0008346584680B210280ADADFF8E8095946CC
:1019000089B20844807C3070761C1BF1010BF0E733
:10191000DFF8E408B0F8B6041030DFF8DC18A1F8FE
:10192000B60419F110091AF1100A6AE61022DFF85C
:10193000D819DFF8D80901F0BFFC04002000C0B2BC
:10194000002804D119F110091AF1100A59E6484685
:1019500080B2000A3070701C80F80090461CDFF8DE
:101960009808B0F8B604801CDFF88C18A1F8B6040B
:1019700000208346584680B210280BDADFF864094D
:10198000594689B2084490F822003070761C1BF149
:10199000010BEFE7DFF86008B0F8B6041030DFF8AD
:1019A0005818A1F8B60419F110091AF1100A28E61E
:1019B0000422DFF8B41DDFF8B40D01F07DFC040053
:1019C0002000C0B2002804D119F104091AF1040A58
:1019D00017E6484680B2000A3070701C80F800900C
:1019E000461CDFF81408B0F8B604801CDFF80818AD
:1019F000A1F8B60400208346584680B204280BDACA
:101A0000DFF8E008594689B2084490F83200307097
:101A1000761C1BF1010BEFE7DFF8DC07B0F8B6042A
:101A2000001DDFF8D417A1F8B60419F104091AF162
:101A3000040AE6E50222DFF8381DDFF8380D01F070
:101A40003BFC04002000C0B2002804D119F10209B7
:101A50001AF1020AD5E5484680B2000A3070701CBF
:101A600080F80090401CDFF89017B1F8B614891C7C
:101A7000DFF88427A2F8B614DFF86818C98E89B297
:101A8000090A0170401CDFF85C18C98E0170461C01
:101A9000DFF86407B0F8B604801CDFF85C17A1F823
:101AA000B60419F102091AF1020AAAE50122DFF8C7
:101AB000C81CDFF8C80C01F0FFFB04002000C0B216
:101AC000002804D119F101091AF1010A99E54846E3
:101AD00080B2000A3070701C80F80090401CDFF863
:101AE0001817B1F8B614891CDFF80C27A2F8B61441
:101AF000DFF8F01791F838100170461CDFF8F8068F
:101B0000B0F8B604401CDFF8F016A1F8B60419F1DD
:101B100001091AF1010A74E50122DFF8D81DDFF886
:101B2000D80D01F0C9FB04002000C0B2002804D188
:101B300019F101091AF1010A63E5484680B2000A69
:101B40003070701C80F80090401CDFF8AC16B1F8C3
:101B5000B614891CDFF8A026A2F8B614DFF88417A3
:101B600091F839100170461CDFF88C06B0F8B60405
:101B7000401CDFF88416A1F8B60419F101091AF126
:101B8000010A3EE50422DFF8741DDFF8740D01F050
:101B900093FB04002000C0B2002804D119F104090D
:101BA0001AF1040A2DE5484680B2000A3070701C14
:101BB00080F80090461CDFF84006B0F8B604801CA0
:101BC000DFF83416A1F8B60400208346584680B2E8
:101BD00004280BDADFF80C07594689B2084490F85C
:101BE0003A003070761C1BF1010BEFE7DFF80806B6
:101BF000B0F8B604001DDFF80016A1F8B60419F11C
:101C000004091AF1040AFCE40422DFF8F81CDFF8E6
:101C1000F80C01F051FB04002000C0B2002804D1F0
:101C200019F104091AF1040AEBE4484680B2000AEB
:101C30003070701C80F80090461CDFF8BC05B0F8CE
:101C4000B604801CDFF8B015A1F8B6040020834666
:101C5000584680B204280BDADFF88806594689B264
:101C6000084490F83E003070761C1BF1010BEFE742
:101C7000DFF88405B0F8B604001DDFF87C15A1F884
:101C8000B60419F104091AF1040ABAE40422DFF8CF
:101C90007C1CDFF87C0C01F00FFB04002000C0B2BC
:101CA000002804D119F104091AF1040AA9E44846EC
:101CB00080B2000A3070701C80F80090461CDFF87B
:101CC0003805B0F8B604801CDFF82C15A1F8B6046E
:101CD00000208346584680B204280BDADFF8040659
:101CE000594689B2084490F842003070761C1BF1C6
:101CF000010BEFE7DFF80005B0F8B604001DDFF8D0
:101D0000F814A1F8B60419F104091AF1040A78E4E8
:101D10000422DFF8001CDFF8000C01F0CDFA04000B
:101D20002000C0B2002804D119F104091AF1040AF4
:101D300067E4484680B2000A3070701C80F800905A
:101D4000461CDFF8B404B0F8B604801CDFF8A81411
:101D5000A1F8B60400208346584680B204280BDA66
:101D6000DFF88005594689B2084490F84600307083
:101D7000761C1BF1010BEFE7DFF87C04B0F8B6042A
:101D8000001DDFF87414A1F8B60419F104091AF162
:101D9000040A36E40422DFF8841BDFF8840B01F028
:101DA0008BFA04002000C0B2002804D119F1040904
:101DB0001AF1040A25E4484680B2000A3070701C0B
:101DC00080F80090461CDFF83004B0F8B604801CA0
:101DD000DFF82414A1F8B60400208346584680B2E8
:101DE00004280BDADFF8FC04594689B2084490F85D
:101DF0004A003070761C1BF1010BEFE7DFF8F803A7
:101E0000B0F8B604001DDFF8F013A1F8B60419F11C
:101E100004091AF1040AFFF7F4BB0222DFF8041BDD
:101E2000DFF8040B01F048FA04002000C0B20028DB
:101E300005D119F102091AF1020AFFF7E2BB48467F
:101E400080B2000A3070701C80F80090401CDFF8EF
:101E5000A813B1F8B614891CDFF89C23A2F8B614B5
:101E6000DFF88014B1F84E1089B2090A0170401CE5
:101E7000DFF87014B1F84E100170461CDFF87803DB
:101E8000B0F8B604801CDC49A1F8B60419F10209C7
:101E90001AF1020AFFF7B5BB0222DFF8901ADFF849
:101EA000900A01F009FA04002000C0B2002805D110
:101EB00019F102091AF1020AFFF7A3BB484680B2E2
:101EC000000A3070701C80F80090401CCA49B1F8BC
:101ED000B614891CC84AA2F8B614DFF80814B1F881
:101EE000501089B2090A0170401CDFF8F813B1F8EC
:101EF00050100170461CC048B0F8B604801CBE49A2
:101F0000A1F8B60419F102091AF1020AFFF779BB28
:101F10000222DFF8201ADFF8200A01F0CDF90400D0
:101F20002000C0B2002805D119F102091AF1020AF5
:101F3000FFF767BB484680B2000A3070701C80F81B
:101F40000090401CAC49B1F8B614891CAA4AA2F80A
:101F5000B614DFF89013B1F8521089B2090A017073
:101F6000401CDFF88013B1F852100170461CA248E3
:101F7000B0F8B604801CA049A1F8B60419F1020912
:101F80001AF1020AFFF73DBB0222DFF8B019DFF8B1
:101F9000B00901F091F904002000C0B2002805D179
:101FA00019F102091AF1020AFFF72BBB484680B269
:101FB000000A3070701C80F80090401C8E49B1F807
:101FC000B614891C8C4AA2F8B614C649B1F854104C
:101FD00089B2090A0170401CC249B1F8541001705D
:101FE000461C8548B0F8B604801C8349A1F8B604A5
:101FF00019F102091AF1020AFFF703BB0222DFF806
:102000004419DFF8440901F057F904002000C0B278
:10201000002805D119F102091AF1020AFFF7F1BAF5
:10202000484680B2000A3070701C80F80090401C56
:102030007149B1F8B614891C6F4AA2F8B614A949BF
:10204000B1F8561089B2090A0170401CA549B1F8CF
:1020500056100170461C6848B0F8B604801C6649EA
:10206000A1F8B60419F102091AF1020AFFF7C9BA78
:102070000222DFF8D818DFF8D80801F01DF90400B3
:102080002000C0B2002805D119F102091AF1020A94
:10209000FFF7B7BA484680B2000A3070701C80F86B
:1020A0000090401C5449B1F8B614891C524AA2F859
:1020B000B6148C49B1F8581089B2090A0170401C55
:1020C0008849B1F858100170461C4B48B0F8B60466
:1020D000801C4949A1F8B60419F102091AF1020A53
:1020E000FFF78FBA0222DFF86C18DFF86C0801F0F6
:1020F000E3F804002000C0B2002805D119F102095C
:102100001AF1020AFFF77DBA484680B2000A307021
:10211000701C80F80090401C3749B1F8B614891C37
:10212000354AA2F8B6146F49B1F85A1089B2090AB3
:102130000170401C6B49B1F85A100170461C2E48C2
:10214000B0F8B604801C2C49A1F8B60419F10209B4
:102150001AF1020AFFF755BA0222DFF80018DFF879
:10216000000801F0A9F804002000C0B2002805D141
:1021700019F102091AF1020AFFF743BA484680B280
:10218000000A3070701C80F80090401C1A49B1F8A9
:10219000B614891C184AA2F8B6145249B1F85C105A
:1021A00089B2090A0170401C4E49B1F85C100170F7
:1021B000461C1148B0F8B604801C0F49A1F8B604BB
:1021C00019F102091AF1020AFFF71BBA0122DFF81E
:1021D0009417DFF8940701F06FF804002000C0B2F4
:1021E00000280DD119F101091AF1010AFFF709BA06
:1021F00000640020646400202C0000205C010020AA
:10220000484680B2000A3070701C80F80090401C74
:10221000DFF85817B1F8B614891CDFF85027A2F878
:10222000B614304991F85E100170461CDFF83C0787
:10223000B0F8B604401CDFF83417A1F8B60419F161
:1022400001091AF1010AFFF7DCB90122DFF82017B2
:10225000DFF8200701F030F804002000C0B20028A9
:1022600005D119F101091AF1010AFFF7CAB9484667
:1022700080B2000A3070701C80F80090401CDFF8BB
:10228000EC16B1F8B614891CDFF8E026A2F8B614F3
:10229000144991F85F100170461CDFF8D006B0F8C1
:1022A000B604401CDFF8C416A1F8B60419F1010900
:1022B0001AF1010AFFF7A5B90222DFF8BC16DFF810
:1022C000BC0600F0F9FF04002000C0B200281FD1B6
:1022D00019F102091AF1020AFFF793B95801002017
:1022E000906500202C650020966500203265002056
:1022F0009A650020366500209C6500203865002026
:10230000A26500203E650020B26500204E650020D9
:10231000484680B2000A3070701C80F80090401C63
:10232000DFF84816B1F8B614891CDFF84026A2F889
:10233000B614DFF84C16B1F8601089B2090A0170C2
:10234000401CDFF83C16B1F860100170461CDFF845
:102350001C06B0F8B604801CDFF81016A1F8B6040D
:1023600019F102091AF1020AFFF74BB962208246FD
:10237000FFF747B9DFF8F405B0F8B60400282ED10E
:10238000DFF8FC0507003570701C00210170401C4F
:10239000DFF8EC1509780170401CDFF8E415497886
:1023A0000170401CDFF8D81589780170401CDFF8F7
:1023B000D015C9780170401CDFF8C4150979017087
:1023C000401CDFF8BC1549790170461CDFF89C05FC
:1023D000B0F8B6040830DFF89415A1F8B604DFF8B9
:1023E0008C05B0F8B60480B2000ADFF8801581F8D9
:1023F0002E01DFF87805B0F8B604DFF8701581F823
:102400002F01DFF86805B0F8B604001DDFF85C1591
:10241000A1F8B604DFF85405B0F8B614DFF8940C50
:1024200000F0E0FEADF80000BDF8000080B2000A48
:102430003070701CBDF800100170401CDFF82C15C6
:10244000B1F8B614891CDFF82425A2F8B6144EE2C0
:102450002900C9B21129C0F2C9802900C9B21D29B9
:1024600080F2C480DFF8502C2B00DBB2A6214B4356
:1024700002EB0301A1F606310F00DFF8402C2B0020
:10248000DBB2A6214B4302EB0301A1F606318846DD
:10249000A621ADF802106521DFF8D02482F82C11B6
:1024A0001521DFF8C82482F82D11DFF8146C002103
:1024B000DFF8B824A2F8B61400218B465846BDF8C0
:1024C000021080B2884231D25046C0B2BDF802102C
:1024D00080B288422AD23888B8F80010884218D0D2
:1024E000484680B2000A3070701C80F80090401C92
:1024F000398889B2090A0170401C39880170461C6C
:10250000DFF86804B0F8B604001DDFF86014A1F825
:10251000B6043888A8F80000BF1C18F1020819F1A9
:1025200002091AF1020A1BF1020BC7E7DFF83C04AB
:10253000B0F8B604002820D1DFF87C1B2A00D2B204
:10254000A620424301EB0200A0F6063007003570DA
:10255000701C00210170401C398889B2090A017081
:10256000401C39880170461CDFF80004B0F8B6043E
:10257000001DDFF8F813A1F8B604DFF8F003B0F897
:10258000B60480B2000ADFF8E41381F82E01DFF808
:10259000DC03B0F8B604DFF8D41381F82F01DFF8BC
:1025A000CC03B0F8B604001DDFF8C013A1F8B604E0
:1025B000DFF8B803B0F8B614DFF8F80A00F012FE3E
:1025C000ADF80000BDF8000080B2000A3070701C49
:1025D000BDF800100170401CDFF89013B1F8B6147C
:1025E000891CDFF88823A2F8B61480E12900C9B25B
:1025F000E029C0F2C5802900C9B2F02980F2C0806C
:10260000DFF8942B2B00DBB206214B4302EB0301D6
:10261000B1F5A8610F00DFF8842B2B00DBB2062197
:102620004B4302EB0301B1F5A86188460621ADF8E2
:1026300002106521CD4A82F82C111521CB4A82F86F
:102640002D11DFF87C6A0021C84AA2F8B6140021D7
:102650008B465846BDF8021080B288422FD25046B1
:10266000C0B2BDF8021080B2884228D23888B8F8CB
:102670000010884216D0484680B2000A3070701CA4
:1026800080F80090401C398889B2090A0170401C0A
:1026900039880170461CB548B0F8B604001DB3492E
:1026A000A1F8B6043888A8F80000BF1C18F1020889
:1026B00019F102091AF1020A1BF1020BC9E7AB4832
:1026C000B0F8B60400281ED1DFF8CC1A2A00D2B226
:1026D0000620424301EB0200B0F5A8600700357008
:1026E000701C00210170401C398889B2090A0170F0
:1026F000401C39880170461C9C48B0F8B604001D87
:102700009A49A1F8B6049948B0F8B60480B2000A14
:10271000964981F82E019548B0F8B604934981F89E
:102720002F019248B0F8B604001D9049A1F8B604F4
:102730008E48B0F8B614DFF87C0900F053FDADF810
:102740000000BDF8000080B2000A3070701CBDF8B7
:1027500000100170401C8549B1F8B614891C834AE9
:10276000A2F8B614C3E000BFC26500205E65002079
:10277000C665002062650020C865002064650020F1
:102780002900C9B2F029C0F2B280DFF8142A2B0068
:10279000DBB222214B4302EB0301B1F5FF510F00E5
:1027A000DFF8002A2B00DBB222214B4302EB0301AE
:1027B000B1F5FF5188462221ADF8021065216B4A20
:1027C00082F82C111521694A82F82D11DFF8F06882
:1027D0000021664AA2F8B61400218B465846BDF87F
:1027E000021080B288422FD25046C0B2BDF802100B
:1027F00080B2884228D23888B8F80010884216D0B3
:10280000484680B2000A3070701C80F80090401C6E
:10281000398889B2090A0170401C39880170461C48
:102820005248B0F8B604001D5049A1F8B6043888E3
:10283000A8F80000BF1C18F1020819F102091AF1EA
:10284000020A1BF1020BC9E74848B0F8B604002899
:102850001ED1DFF84C192A00D2B22220424301EBEC
:102860000200B0F5FF5007003570701C00210170A8
:10287000401C398889B2090A0170401C39880170EE
:10288000461C3A48B0F8B604001D3849A1F8B60411
:102890003648B0F8B60480B2000A344981F82E01F7
:1028A0003248B0F8B604314981F82F012F48B0F80A
:1028B000B604001D2D49A1F8B6042C48B0F8B61492
:1028C000DFF8F00700F08EFCADF80000BDF8000066
:1028D00080B2000A3070701CBDF800100170401CFE
:1028E0002249B1F8B614891C204AA2F8B614BDE8F2
:1028F000F78F00BFC965002065650020CA6500200C
:1029000066650020CE6500206A650020D265002043
:102910006E650020D665002072650020DA65002013
:1029200076650020DE6500207A650020E0650020E5
:102930007C650020E26500207E650020E4650020C3
:1029400080650020E665002082650020E8650020A3
:1029500084650020EA65002086650020EC65002083
:1029600088650020EE6500208A6500202C0000208C
:10297000EF6500208B650020F06500208C6500204D
:102980002C6500202DE9F84F84B00400002594F850
:1029900002B05FEA0B2BE07850EA0B0BA0788DF8C1
:1029A000000094F803809DF80000002840F08A8021
:1029B0002179090260790143ADF80610BDF80600DF
:1029C000022190FBF1F0ADF80C00DFF8DC07642188
:1029D000ADF808104146C9B2022291FBF2F100EBBA
:1029E0004100070006200600002082465046BDF840
:1029F0000C1080B288425DD24046C0B2BDF80810CB
:102A000080B2884256D2300080B2205CADF802001D
:102A1000761CBDF802000002ADF80200BDF80210FD
:102A2000300080B2205C0143ADF80210761C4046B5
:102A3000C0B25C2802DB0120050032E04046C0B293
:102A40005A280FD1BDF80200642804D100F04AFCD6
:102A500000F025FF25E0BDF80200652821D100F037
:102A60001EFF1EE04046C0B25A281ADA4046C0B2E5
:102A700042280FD10020DFF83017A1F846000020CF
:102A8000DFF82417A1F848000422DFF820174620B9
:102A900000F05FFF02220DF102014046C0B200F0DB
:102AA00058FFBDF802003880BF1C18F102081AF167
:102AB000010A9BE72800C0B2002800F0DB8201F089
:102AC00050FAD7E29DF80000012840F038822179C1
:102AD000090260790143ADF80610BDF8060050FA0E
:102AE00088F0ADF80A00A01D81464046C0B2BDF88E
:102AF0000A1080B2884280F01B824046C0B2002893
:102B000048D006285BD00A286FD00C2879D012282C
:102B100000F08D80222800F0A980322800F0BD80CE
:102B2000362800F0D180382800F0DA80392800F00B
:102B3000E2803A2800F0EA803E2800F0FE80422839
:102B400000F01281462800F026814A2800F03A81E0
:102B50004E2800F05881502800F06281522800F081
:102B60006C81542800F07681562800F08081582826
:102B700000F097815A2800F0A0815C2800F0A9811C
:102B80005E2800F0B2815F2800F0B981602800F073
:102B9000C081CAE100208246504680B206280BDA86
:102BA00099F80000DFF80816524692B2885419F1DD
:102BB00001091AF1010AEFE718F1060895E700206C
:102BC0008246504680B204280CDA99F80000DFF8FB
:102BD000E015524692B21144887119F101091AF1B7
:102BE000010AEEE718F104087FE70221484600F0E9
:102BF00035FBDFF8BC15488119F1020918F102080C
:102C000073E700208246504680B206280CDA99F815
:102C10000000DFF89C15524692B21144087319F176
:102C200001091AF1010AEEE718F106085DE7002034
:102C30008246504680B2102815DA99F80000DFF875
:102C40007015524692B21144887419F10100DFF8F0
:102C50006015524692B21144897C017010F101094D
:102C60001AF1010AE5E718F110083EE70020824654
:102C7000504680B210280DDA99F80000DFF83015C0
:102C8000524692B2114481F8220019F101091AF159
:102C9000010AEDE718F1100827E7002082465046A8
:102CA00080B204280DDA99F80000DFF804155246C6
:102CB00092B2114481F8320019F101091AF1010AA6
:102CC000EDE718F1040810E70221484600F0C6FAC3
:102CD000DFF8DC14C88619F1020918F1020804E7CC
:102CE00099F80000DFF8C81481F8380019F10109DB
:102CF00018F10108F9E699F80000DFF8B41481F83A
:102D0000390019F1010918F10108EEE600208246A8
:102D1000504680B204280DDA99F80000DFF89014CC
:102D2000524692B2114481F83A0019F101091AF1A0
:102D3000010AEDE718F10408D7E600208246504664
:102D400080B204280DDA99F80000DFF864145246C6
:102D500092B2114481F83E0019F101091AF1010AF9
:102D6000EDE718F10408C0E600208246504680B224
:102D700004280DDA99F80000DFF83414524692B2B4
:102D8000114481F8420019F101091AF1010AEDE735
:102D900018F10408A9E600208246504680B20428B3
:102DA0000DDA99F80000DFF80814524692B2114487
:102DB00081F8460019F101091AF1010AEDE718F14D
:102DC000040892E600208246504680B2042817DAB2
:102DD00099F80000DFF8D813524692B2114481F8F6
:102DE0004A0019F10100DFF8C813524692B21144AB
:102DF00091F84A10017010F101091AF1010AE3E794
:102E000018F1040871E60221484600F027FADFF8BD
:102E1000A013A1F84E0019F1020918F1020864E6A6
:102E20000221484600F01AFADFF88413A1F8500096
:102E300019F1020918F1020857E60221484600F08C
:102E40000DFADFF86C13A1F8520019F1020918F11C
:102E500002084AE60221484600F000FADFF8501363
:102E6000A1F8540019F1020918F102083DE6022107
:102E7000484600F0F3F9DFF83813A1F8560019F1CD
:102E8000020918F10208DFF82803B0F85600DFF84D
:102E90001813A1F84E006422C349002000F059FD28
:102EA00023E60221484600F0D9F9C149A1F85800AB
:102EB00019F1020918F1020817E60221484600F04C
:102EC000CDF9BB49A1F85A0019F1020918F102081D
:102ED0000BE60221484600F0C1F9B549A1F85C00B3
:102EE00019F1020918F10208FFE599F80000B0494C
:102EF00081F85E0019F1010918F10108F5E599F86A
:102F00000000AB4981F85F0019F1010918F10108CF
:102F1000EBE50221484600F0A1F9A549A1F86000BF
:102F200019F102091BF1020BDFE562208046DCE5A6
:102F300062229F494FF4807000F00BFD9AE09DF8EB
:102F4000000011284DDB9DF80000192849DA994846
:102F50000078002840F08E80002082465046964936
:102F6000B1F8BA1480B288420ED29348514689B261
:102F7000084490F884039049524692B2114481F873
:102F8000A20F1AF1010AE9E79DF8000010388A49FA
:102F900081F8A20F8848B0F8BA0488490880012057
:102FA0008449087003208649087084480088811E7F
:102FB00089B2844800F016F9ADF80400BDF80400A9
:102FC00080B2000A7C497D4A1288114481F8A00F22
:102FD000BDF804007849794A1288114481F8A10F9C
:102FE00048E079480078002844D1002082465046C5
:102FF0007149B1F8BA1480B288420FD26E48514676
:1030000089B2084490F884036B49524692B2114445
:1030100041F2744288541AF1010AE8E79DF8000071
:103020006A4908706448B0F8BA0469490880012008
:103030006549087003206749087065480088811E4B
:1030400089B2624800F0CEF8ADF80400BDF8040083
:1030500080B2000A58495E4A1288114441F2724215
:103060008854BDF804005449594A1288114441F269
:103070007342885405B0BDE8F08F80B54E48B0F873
:10308000B204022815DA4C48B0F8B204012810D175
:1030900000204949A1F8B20401224FF480714E4842
:1030A00002F073F94448B0F8B62402494B4802F0E4
:1030B000CEF901BD5801002060300020C03A002048
:1030C0005C01002038B53C4890F8C404012861D167
:1030D0000020394981F8C4043748B0F8BA04811E89
:1030E00089B23F4800F07EF8040033483249B1F815
:1030F000BA14084490F8821309022F482E4AB2F8F5
:10310000BA24104490F8830301430D0020002900E5
:1031100080B289B288423DD140F6B8302649A1F844
:10312000BC04254890F88503132807D12C48FDF7E7
:10313000B7FA05202049A1F8B20427E01E4890F80C
:103140008503152807D12648FEF776F905201A4988
:10315000A1F8B2041AE0184890F88503202815D188
:103160001F48FFF70FFC0020134981F88703002058
:10317000114981F8880300200F4981F88903184814
:10318000FEF75AF905200C49A1F8B20400200A49BB
:10319000A1F8B00431BD000058660020B8660020D8
:1031A000405B0020605D0020006400204664002039
:1031B0002C650020681300202C00002058130020EC
:1031C00069130020CE0F00203A180020A014002020
:1031D0002A1800203B18002000000240B06900209F
:1031E000B003002070B403004FF6FF700A0092B2E3
:1031F000002A03D180B2C04380B22DE00022140027
:103200001A7815005B1C220092B2082A17DA020015
:1032100092B212F001022E00B6B216F0010696EA42
:10322000020F06D080B202004AF2010090EA52007A
:1032300001E080B24008641CADB26D08E3E7491EAE
:103240000A0092B2002AD9D10600320092B2120AC4
:1032500052EA0022100080B270BC704710B4020025
:103260000B00DBB2022B07D11478531C24021A780E
:10327000144320005A1C12E00B00DBB2042B0ED1C9
:103280001478531C24021A7814435B1C24021A7805
:1032900014435B1C24021A78144320005A1C10BCEF
:1032A000704713005A1EDBB2002B04D003780B705A
:1032B000401C491CF5E7704730B40400002013009F
:1032C0005A1EDBB2002B0AD023780D78AB4201D016
:1032D0000123180023780B70641C491CEFE7C0B26F
:1032E00030BC70471CB502226946FE2000F008FB86
:1032F000BDF8000041F25E3188420FD16422DFF850
:103300003014002000F0FCFADFF824044089002883
:1033100003D10320DFF818144881A1E064220021C2
:10332000DFF80C0402F09EFB41F25E30ADF80000C5
:1033300002226946FE2000F00CFB0320DFF8F013A8
:10334000A1F84E0040F20110DFF8E413A1F84C00A0
:103350005020DFF8DC13C8824620DFF8D41308833E
:103360000320DFF8CC1348833220DFF8C4138883AE
:103370000320DFF8BC1348810520DFF8B4138881EF
:103380000120DFF8AC1348840020DFF8A413888400
:103390000220DFF89C13C8840020010089B20929AB
:1033A00009DA411CDFF8882303009BB202EB4302D9
:1033B0001185401CF1E70024200080B204280ADABD
:1033C00014F10900DFF86813220092B201EB420108
:1033D000C881641CF0E70020DFF8541348870A20F6
:1033E000DFF84C1388870020DFF84413C8870520D6
:1033F000DFF83C13A1F840004820DFF83413A1F8AF
:1034000042000020DFF82813A1F846000020DFF872
:103410002013A1F848004FF4E260DFF81413A1F87C
:103420004A000020DFF80813A1F850000020DFF860
:103430000013A1F852000020DFF8F412A1F85400A4
:103440000120DFF8EC12A1F856000020DFF8E012AE
:10345000A1F85A006422DFF8D812002000F079FAAF
:1034600013BD80B5022269464FF4F07000F048FAAF
:10347000BDF8000041F25D31884220D16222DFF8C0
:10348000B4124FF4807000F03BFA0120DFF8A41270
:1034900081F85F001520DFF89C1281F85E0040F291
:1034A0008630DFF89012A1F858001620A149A1F843
:1034B0005A0040F29F309F49A1F85C00BAE06222B6
:1034C00000219C4802F0CEFA41F25D30ADF80000D8
:1034D000022269464FF4F07000F03BFA75209549DE
:1034E000887134209349C8715B2092490872D320B7
:1034F0009049487241F661608E49488170208D493B
:103500000870C7208B4948706F208A4988708420D2
:103510008849C87000208749087102208549487190
:103520007520844981F832003420824981F83300C3
:103530005B20804981F83400D3207E4981F8350032
:1035400041F661607B49C88670207A490873C720BC
:10355000784948736F207749887384207549C87308
:10356000002074490874022072494874C0207149CF
:1035700081F83A00A8206F4981F83B0000206D498E
:1035800081F83C000A206B4981F83D00FF20694921
:1035900081F83E00FF20674981F83F00FE20654921
:1035A00081F840000020634981F84100C020614952
:1035B00081F84200A8205F4981F8430000205D495E
:1035C00081F8440001205B4981F8450001205949F8
:1035D00081F838000120574981F839000120554908
:1035E000A1F84E0001205349A1F850000120514993
:1035F000A1F8540003204F49A1F8560001204D497D
:1036000081F85F0015204B4981F85E0040F286305A
:103610004849A1F8580016204649A1F85A0040F23E
:103620009F304449A1F85C00622242494FF4807007
:1036300000F08FF901BD80B50222694640F2FE60BC
:1036400000F05EF9BDF8000041F25D31884207D11B
:103650004FF4107239494FF4806000F051F92CE0BA
:103660004FF410720021354802F0FCF90B22344966
:10367000324802F001FA0B223249334802F0FCF9D9
:1036800001202E49A1F8300204202C49A1F8320271
:1036900001202A49A1F834024FF4107227494FF44F
:1036A000806000F056F941F25D30ADF80000022272
:1036B000694640F2FE6000F04CF901BD80B524225D
:1036C0000021224802F0CEF970220021204802F0A9
:1036D000C9F943F2340200211E4802F0C3F9642202
:1036E0000021134802F0BEF962220021114802F0C5
:1036F000B9F94FF426620021174802F0B3F94FF4EC
:10370000087200210C4802F0ADF960220021134834
:1037100002F0A8F9FFF7E6FDFFF7A3FEFFF78BFF26
:103720004FF4A07200210E4802F09CF901BD000088
:10373000006400202C650020405B002080540020A5
:1037400064EA020870EA0208D0540020346B0020BA
:10375000906300202C00002060300020586600207C
:103760007055002010F007035A490A684FF6FF0110
:103770000A4052EA032258490A4356490A607047F0
:1037800054480068C0F302207047012210F01F0166
:103790008A40524903005BB25B0941F8232070471D
:1037A00010B4020052B2002A09D50A014C4B0400A1
:1037B00064B214F00F04234403F8042C04E00A015B
:1037C000484B040064B21A5510BC704770B4030033
:1037D00013F00704D4F10700052801D3042001E009
:1037E000D4F10700251D072D01D2002500E0E51EBC
:1037F000012616FA00F0401E0140A940012010FAEF
:1038000005F56D1E2A401143080070BC7047BFF3D8
:103810004F8F3048016811F4E061334801432D486F
:103820000160BFF34F8F00BFFDE710B50400601EBD
:10383000B0F1807F01D301200EE0601E2B490860AB
:103840000F215FF0FF30FFF7ABFF00202849086031
:10385000072028490860002010BD10B50400200092
:10386000FFF780FF10BD2DE9F04104000D001600A8
:103870000027FFF785FF8046320029004046FFF70A
:10388000A5FF0100200040B2FFF78AFFBDE8F081EC
:1038900010B50400200040B2FFF777FF10BD80B5DF
:1038A000FFF7B5FF01BD10B504002000FFF7BDFF15
:1038B00010BD042806D10F49096851F004010D4AD2
:1038C000116005E00B49096831F00401094A1160F3
:1038D000704700000CED00E00000FA0500E100E098
:1038E00018ED00E000E400E00400FA0514E000E058
:1038F00018E000E010E000E080B500F06BF801BDDA
:103900007CB506000C001500002201212F4801F0B3
:103910003CFD03208DF80000300080B2000A8DF8D5
:10392000010030008DF802004FF47A7303226946DB
:10393000274802F0EEF84FF47A732A0092B2210081
:10394000234802F0BEF901220121204801F01DFDAB
:1039500073BD7CB504000D001600002201211B4838
:1039600001F013FD06208DF800004FF47A73012258
:103970006946174802F0CDF801220121134801F0F1
:1039800004FD00220121114801F0FFFC02208DF806
:103990000000200080B2000A8DF8010020008DF8A0
:1039A00002004FF47A7303226946094802F0B1F825
:1039B0004FF47A73320092B22900054802F0A9F858
:1039C00001220121014801F0E0FC73BD0004024026
:1039D000D867002010B5DFF87C09C07F012800F00F
:1039E0006B820120DFF86C19C877DFF8680900895D
:1039F000002806D0DFF85C090089401EDFF8541962
:103A00000881DFF850094089002806D0DFF8440912
:103A10004089401EDFF83C194881DFF83809808969
:103A2000002806D0DFF82C098089401EDFF8241911
:103A30008881DFF82009C089002806D0DFF8140942
:103A4000C089401EDFF80C19C881DFF80809008A18
:103A5000002806D0DFF8FC08008A401EDFF8F418C2
:103A60000882DFF8F008408A002806D0DFF8E40872
:103A7000408A401EDFF8DC184882DFF8D808008949
:103A8000002808D14EF66020DFF8C8180881012010
:103A9000DFF8C0180875DFF8BC084089002808D195
:103AA0004FF47A70DFF8AC1848810120DFF8A418D1
:103AB0004875DFF8A0088089002808D14FF4FA7013
:103AC000DFF8901888810120DFF888188875DFF802
:103AD0008408C089002807D16420DFF87818C881DD
:103AE0000120DFF87018C875DFF86808008A002820
:103AF00007D13220DFF85C1808820120DFF8541863
:103B00000876DFF85008408A002807D10A20DFF83D
:103B1000441848820120DFF83C1848760120DFF87D
:103B200034188876DFF82C084068022806D3DFF8BE
:103B300024084068401EDFF81C184860DFF81808A9
:103B4000B0F84A00C00527D5DFF80C0890F85000FF
:103B5000C00721D5DFF80008B0F90010DFF8F8073A
:103B6000808BDFF8F427528912180A2042439142D1
:103B70001BDADFF8E407B0F85400022815DADFF8A2
:103B8000DC07806E002810D0DFF8D007806E401E62
:103B9000DFF8C817886608E0DFF8BC0781894EF6B1
:103BA00060204143DFF8B40781660020DFF8A417E6
:103BB000C877DFF8A0070068401CDFF89817086096
:103BC0000024200080B20A2880F29280DFF890174B
:103BD000220092B240F2D240424301EB0200B0F820
:103BE000B004002816D0DFF87817220092B240F215
:103BF000D240424301EB0200B0F8B004411EDFF8AE
:103C0000602723009BB240F2D240434302EB030003
:103C1000A0F8B014DFF84817220092B240F2D24068
:103C2000424301EB0200B0F8BC04002816D0DFF8D4
:103C30003017220092B240F2D240424301EB020020
:103C4000B0F8BC04411EDFF8182723009BB240F2F5
:103C5000D240434302EB0300A0F8BC14DFF8001786
:103C6000220092B240F2D240424301EB0200B0F88F
:103C7000B204022816DBDFF8E816220092B240F206
:103C8000D240424301EB0200B0F8B204411EDFF81B
:103C9000D02623009BB240F2D240434302EB030004
:103CA000A0F8B214DFF8B816220092B240F2D24067
:103CB000424301EB0200B0F8C204022816DBDFF831
:103CC000A016220092B240F2D240424301EB020021
:103CD000B0F8C204411EDFF8882623009BB240F2F0
:103CE000D240434302EB0300A0F8C214641C68E70F
:103CF000DFF86C06B0F8BC04002817D0DFF85406D3
:103D000000686421B0FBF1F201FB1200332806D3F6
:103D100000224021DFF84C0601F037FB1EE00122B3
:103D20004021DFF8400601F030FB17E0DFF8240601
:103D300000684FF4FA71B0FBF1F201FB1200FB28AE
:103D400006D300224021DFF81C0601F01EFB05E02F
:103D500001224021DFF80C0601F017FBDFF8000616
:103D6000B0F8600E002817D0DFF8E805006864217D
:103D7000B0FBF1F201FB1200332806D30022102120
:103D8000DFF8E40501F001FB22E001221021DFF859
:103D9000D80501F0FAFA1BE0DFF8C40590F86D0EC3
:103DA00000280FD0DFF8B80590F86D0E401EDFF840
:103DB000B01581F86D0E00221021DFF8AC0501F07E
:103DC000E4FA05E001221021DFF89C0501F0DDFA9C
:103DD000DFF898050088002819D0DFF8780500681A
:103DE0006421B0FBF1F201FB1200332807D300225B
:103DF0004FF48061DFF8780501F0C7FA22E0012274
:103E00004FF48061DFF8680501F0BFFA1AE0DFF8CF
:103E10006405007800280ED0DFF858050078401EB1
:103E2000DFF85015087000224FF48061DFF840057C
:103E300001F0ABFA06E001224FF48061DFF83005B3
:103E400001F0A3FADFF830050088002819D0DFF868
:103E5000040500686421B0FBF1F201FB1200332875
:103E600007D300224FF40071DFF8040501F08DFA4A
:103E700022E001224FF40071DFF8F40401F085FA2A
:103E80001AE0DFF8F804007800280ED0DFF8EC0420
:103E90000078401EDFF8E414087000224FF400712F
:103EA000DFF8CC0401F071FA06E001224FF4007152
:103EB000DFF8BC0401F069FA10BD10B504002068F9
:103EC000DFF8BC14884206D100224FF48071DFF87D
:103ED000940401F05AFA2068DFF8A814884205D14A
:103EE00000220821DFF8800401F04FFA2068DFF893
:103EF000981488420DD100228021DFF86C0401F073
:103F000044FADFF88804007810F0FE00DFF87C1433
:103F100008702068DFF87814884206D100224FF438
:103F20008071DFF84C0401F030FA2068DFF8641487
:103F3000884205D100220821DFF8280401F025FA83
:103F400010BD80B50022DFF85014DFF8F80C02F045
:103F500094FA0022DFF85C1BDFF8E80C02F0DBF9D2
:103F600001BD80B5DFF8F003B0F85C0080B2000A54
:103F7000DFF82414C870DFF8E003B0F85C00DFF865
:103F800018140870DFF8D003B0F85E0080B2000AA1
:103F9000DFF804144870DFF8C003B0F85E00DFF803
:103FA000F8138870DFF8B003B0F8600080B2000A40
:103FB000DFF8001B0870DFF8A003B0F86000DFF83E
:103FC000F41A4870DFF89003B0F86200DFF8E41AE2
:103FD00088700022DFF8C013DFF8680C02F0CFF918
:103FE0000022DFF8D01ADFF85C0C02F007F901BDFF
:103FF000DFF86403C08F002818D002282CD024D307
:10400000042836D02FD3062840D038D308284BD0E8
:1040100043D30A2856D04ED30C2861D059D30E284A
:104020006CD064D3102877D06FD37CE0DFF88C1B82
:10403000DFF82403028DA620424301EB020030F892
:10404000A60CDFF81413088072E0DFF8740B008808
:10405000DFF8041308806BE0DFF8640B4088DFF8BA
:10406000F812088064E0DFF8580B408CBA490880E9
:104070005EE0DFF84C0B808CB749088058E0DFF831
:10408000400BB0F84400B449088051E0DFF8300B31
:10409000B0F84600B04908804AE0DFF8240BB0F8D9
:1040A0006600AD49088043E0DFF8140BB0F8680003
:1040B000A94908803CE0DFF8080BB0F88800A64961
:1040C000088035E0DFF8F80AB0F88A00A2490880D5
:1040D0002EE0DFF8EC0AB0F8AA009F49088027E03C
:1040E000DFF8DC0AB0F8AC009B49088020E0DFF87C
:1040F000D00AB0F8CC009849088019E0DFF8C00A6F
:10410000B0F8CE009449088012E0DFF8B40AB0F8A5
:10411000EE00914908800BE0DFF8A40AB0F8F00047
:104120008D49088004E0DFF8940A00888A490880F5
:10413000704780B58848B0F9000047F6FF718842A3
:1041400000F08F808448B0F900004FF6FF7188427C
:1041500000F087808048B0F84A00C0057DD57E48D1
:1041600090F85000C00778D57B48B0F8540000287C
:1041700008D0022829D013D3042853D048D30528C7
:1041800061D06EE001207449A1F854007248B0F883
:1041900052104FF6FE7001406F48A0F8521060E0D8
:1041A0006D48B0F900106C48808B6B4A5289121828
:1041B0000A204243914207DB6848806E002803D101
:1041C00002206549A1F854004BE06348B0F90010A3
:1041D0006148828B0A204243914218DA5E48B0F867
:1041E000520050F001005C49A1F852005A48B0F862
:1041F0004A00800507D55848B0F8520050F0020038
:104200005549A1F8520003205349A1F8540028E071
:10421000514890F85200800703D404204E49A1F879
:1042200054001EE04C48B0F900104B48808B4A4ABD
:10423000528912180A204243914203DB0520464965
:10424000A1F854000DE0444890F85200C00703D490
:1042500002204149A1F8540003E000203E49A1F8A2
:1042600054003D4890F84A00C00631D43A48B0F8AE
:104270004800002809D000203749A1F84800022250
:10428000DFF89C1B4820FFF764FB3348B0F846007A
:10429000002809D000203049A1F846000222DFF8AA
:1042A000841B4620FFF755FB2B4890F8520040072F
:1042B0000ED52948B0F852104FF6FB700140264841
:1042C000A0F852100222DFF8AC1B5220FFF741FB8E
:1042D00001BDDFF8A40B007A01283AD00120DFF8F5
:1042E000981B0872DFF8940B0068C04310F470400C
:1042F000DFF8841BC880DFF8801BC988DFF8782BC3
:104300009288914217D1DFF8701B0988322916DA9A
:10431000DFF8641B0988491CDFF85C2B1180DFF88B
:10432000581B098832290AD1DFF84C1BC988DFF8ED
:10433000482B518003E00021DFF83C2B1180DFF88F
:10434000381BC988DFF8302B91800021DFF8282B3B
:1043500011727047346B00200064002090630020CD
:104360002C00002000000240000C02403018002009
:10437000000802403D1800205E1300206B1300204F
:104380000010014000440040004800402C6C002018
:10439000004C004000500040206C00202DE9F0410E
:1043A00002F0ECF824220021DFF8D40A01F05AFBD5
:1043B00000270A2F08D240F2D2420021DFF8C40AB7
:1043C00001F050FB7F1CF4E770220021DFF8B80AEF
:1043D00001F048FB0A220021DFF89C0A01F042FBB1
:1043E0000A220021DFF8A40A01F03CFB642200212C
:1043F000DFF89C0A01F036FB64220021DFF8940A02
:1044000001F030FB64220021DFF88C0A01F02AFB66
:1044100062220021DFF8840A01F024FB62220021DD
:10442000DFF87C0A01F01EFB62220021DFF8740A2B
:1044300001F018FB5FF00008B8F1100F08D2A622B7
:104440000021DFF8780701F00DFB18F10108F3E710
:104450000027102F07D2A6220021DFF84C0A01F016
:1044600001FB7F1CF5E75FF00008B8F1100F08D2E0
:1044700006220021DFF8340A01F0F4FA18F10108ED
:10448000F3E70027102F07D206220021DFF8200AC9
:1044900001F0E8FA7F1CF5E75FF00008B8F1100FB3
:1044A00008D206220021DFF8F40B01F0DBFA18F144
:1044B0000108F3E70027102F07D222220021DFF89E
:1044C000000701F0CFFA7F1CF5E75FF00008B8F1B4
:1044D000100F08D222220021DFF8C40B01F0C2FA2B
:1044E00018F10108F3E70027102F07D2222200213C
:1044F000DFF8B00B01F0B6FA7F1CF5E72A220021A5
:10450000DFF8A40B01F0AEFA2A220021DFF89C0BA1
:1045100001F0A8FA2A220021DFF8940B01F0A2FA98
:104520000A220021DFF88C0B01F09CFA0A220021FC
:10453000DFF8840B01F096FA0A220021DFF87C0BE9
:1045400001F090FA14220021DFF8740B01F08AFACE
:1045500014220021DFF86C0B01F084FA14220021F0
:10456000DFF8640B01F07EFA06220021DFF85C0B15
:1045700001F078FA0A220021DFF83C0B01F072FA10
:1045800006220021DFF8480B01F06CFA4FF410729C
:104590000021DFF8400B01F065FA4FF410720021A2
:1045A000DFF8340B01F05EFA4FF410720021DFF8EF
:1045B0002C0B01F057FA00F07FFA00F07BFC00F0C2
:1045C000E4FB01F0FBFF00F006FC00F02DFC00F026
:1045D0007CFB00F0AAFB00F037FB00F00FFB00F0C3
:1045E000F1FA00224FF48071DFF8F40A00F0CDFEFA
:1045F00000220821DFF8EC0A00F0C7FE002280212B
:10460000DFF8E00A00F0C1FE00224FF48071DFF80D
:10461000D80A00F0BAFE00220821DFF8C40A00F030
:10462000B4FEFFF74BF8DFF8C40A0068C06850F02A
:104630002000DFF8B81A0968C860DFF8B40A00681B
:10464000C06850F02000DFF8A81A0968C860DFF8D9
:10465000A40A0068C06850F02000DFF8981A0968C2
:10466000C860DFF8940A0068C06850F02000DFF8E6
:10467000881A0968C860DFF8840A0068C06850F0CA
:104680002000DFF8781A0968C8606420DFF8F017A6
:1046900048604FF6FF70DFF8F0178880FF20DFF8E2
:1046A000601A08704FF49670DFF8D817A1F8560E0C
:1046B0004FF49670DFF84C1A08804FF49670DFF8CC
:1046C000481A08800020DFF8C81748800020DFF86B
:1046D000C017C8830020DFF8B817088401F07DFFF9
:1046E000FEF7F0FCFEF7C9FC02F069F802F0E1F811
:1046F00002F022FD02F067FE03F0C8F903F0DDFAD4
:10470000DFF87C07807E012805D10020DFF87017D4
:104710008876FFF7DEFDDFF86807407E012840F06D
:10472000BB800020DFF858174876FFF761FCFFF7E1
:1047300000FDDFF85C07B0F84E000400DFF850071A
:10474000B0F84C000500DFF84807B0F84C0080B224
:10475000000A060000212000C0B281421BD2DFF80F
:10476000280700EB4100C088002809D0DFF82007A7
:10477000408801228A401043DFF81427508008E067
:10478000DFF80C07408801228A409043DFF80027B9
:104790005080491CDFE700222800C0B282421BD2B1
:1047A000DFF8E40600EB4200C08C002809D0DFF8F7
:1047B000E006C08B012191400843DFF8D416C8837E
:1047C00008E0DFF8CC06C08B012191408843DFF878
:1047D000C016C883521CDFE700273000C0B28742F2
:1047E0001CD2DFF8A40600EB4700B0F84600002812
:1047F00009D0DFF89C06008C0121B9400843DFF89E
:104800009016088408E0DFF88806008C0121B94082
:104810008843DFF87C1608847F1CDEE7DFF870062B
:1048200090F82000C00709D447F6FF70DFF8901316
:10483000088047F6FF70DFF888134880DFF85006DD
:1048400090F82000800707D447F6FF70DC494884C1
:1048500047F6FF70DA498884DFF8340690F82000C4
:10486000400709D447F6FF70D549A1F8440047F640
:10487000FF70D349A1F84600DFF8140690F8200035
:10488000000709D447F6FF70CD49A1F8660047F646
:10489000FF70CB49A1F86800DFF8E405007E01282D
:1048A00005D10020DFF8D8150876FFF74AFBDFF8BE
:1048B000D005C07D012809D10020DFF8C415C875D6
:1048C0004AF6AA20DFF8441809680860DFF8B00546
:1048D000807D012814D10020DFF8A4158875DFF849
:1048E000A00590F82000002805D10120DFF89015E0
:1048F00081F8200004E00020DFF8841581F8200012
:10490000DFF88C05B0F84A00000469D5DFF87005BF
:10491000407D01287FF4E2AE0020DFF86415487581
:10492000DFF86C05B0F8420000283FF4D7AEDFF89E
:10493000600590F84A00C0067FF5D0AEDFF850055C
:1049400090F85000C0077FF5C9AEDFF8440590F835
:10495000520010F00C0F7FF4C1AEDFF83405B0F850
:104960004800401CDFF82815A1F84800DFF82005B2
:10497000B0F848003C282CDB0020DFF81415A1F823
:104980004800DFF80C05B0F84600401CDFF80015C1
:10499000A1F84600DFF8F804B0F84600DFF8F0149C
:1049A000B1F8421088420ED30020DFF8E414A1F8D9
:1049B0004600DFF8DC04B0F8520050F00400DFF8E5
:1049C000D014A1F852000222DFF858144620FEF756
:1049D000C0FF0222DFF848144820FEF7BAFF7DE648
:1049E000DFF89C04007D01287FF478AE0020DFF81A
:1049F00090140875DFF89804B0F8420000283FF4DE
:104A00006DAEDFF88C0490F84A00C0067FF566AE04
:104A1000DFF87C0490F85000C0077FF55FAEDFF848
:104A2000700490F8520010F00C0F7FF457AEDFF8CE
:104A30006004B0F84800401CDFF85414A1F84800A6
:104A4000DFF84C04B0F848003C282CDB0020DFF8ED
:104A50004014A1F84800DFF83804B0F84600401CC4
:104A6000DFF82C14A1F84600DFF82404B0F8460063
:104A7000DFF81C14B1F8421088420ED30020DFF892
:104A80001014A1F84600DFF80804B0F8520050F006
:104A90000400DFF8FC13A1F852000222DFF88413AF
:104AA0004620FEF756FF0222DD494820FEF751FF5F
:104AB00014E60000786B002000B5A9B0002000903B
:104AC000DFF84C06006850F08050DFF844160860AC
:104AD000DFF83C06006810F080500090009800203D
:104AE0000090DFF83006006850F44040DFF82416EC
:104AF0000860DFF82006006810F44040009000983D
:104B0000092006905FF48030079001200B9002206E
:104B10000C905FF480000D9019200E90C0200F9033
:104B200002201090042011900220129006A803F099
:104B300061FB002805D040F21531DFF8DC0500F0FC
:104B400005FB0F20019002200290002003904FF4FB
:104B50008050049000200590032101A803F044FD3B
:104B6000002805D040F22331DFF8AC0500F0EEFA62
:104B7000282013904FF400701C9000201F9013A861
:104B800003F024F9002805D040F22B31DFF8880526
:104B900000F0DCFA03F0CDFD4FF47A71B0FBF1F0D8
:104BA000FEF781FE0420FEF784FE002200215FF064
:104BB000FF30FEF758FE29B000BD00006030002035
:104BC000405B002080B5DFF85405DFF84015086031
:104BD0000620DFF83815486040F27120DFF82C1508
:104BE0008860DFF8280503F0C9FD002805D040F2F1
:104BF0005A31DFF8240500F0A9FA01BD80B5DFF8CD
:104C000020051049086000200E4948607F200D49AA
:104C10008860FF200B49C86000200A490861002015
:104C200008494861002007498861064801F080FA78
:104C3000002805D040F27631DFF8DC0400F086FA77
:104C400001BD0000586B002080B5DFF8D804DFF804
:104C5000D81408604FF48270DFF8CC14486000204C
:104C6000DFF8C41488600020DFF8BC14C86000209E
:104C7000DFF8B41408610020DFF8AC1448614FF489
:104C80000070DFF8A41488611020DFF89C14C8615C
:104C90000020DFF8941408620020DFF88C144862CA
:104CA0000020DFF8841488620A20DFF87C14C862D0
:104CB000DFF8740400F0E6FE002805D040F29131E0
:104CC000DFF8540400F042FA01BD80B5DFF85C045F
:104CD000DFF8241408604FF41650DFF81C14486005
:104CE0000020DFF8141488600020DFF80C14C8607E
:104CF0000020DFF8041408610C20DFF8FC13486181
:104D00000020DFF8F41388610020DFF8EC13C8619D
:104D1000DFF8E40300F060FB002805D04FF4697170
:104D2000DFF8F40300F012FA01BD80B5DFF80004EB
:104D3000DFF8C81308604FF41650DFF8C01348605E
:104D40000020DFF8B81388600020DFF8B013C860D7
:104D50000020DFF8A81308610C20DFF8A0134861D9
:104D60000020DFF8981388610020DFF89013C861F5
:104D7000DFF8880300F030FB002805D040F2B7319F
:104D8000DFF8940300F0E2F901BD80B5DFF8A40379
:104D9000D64908604FF41640D44948600020D349F2
:104DA00088600020D149C8600020D04908610C20EB
:104DB000CE4948610020CD4988610020CB49C861B7
:104DC000CA4800F009FB002804D040F21641D2483E
:104DD00000F0BCF901BD80B5D748C54908604FF463
:104DE0001650C34948600020C14988600020C0496E
:104DF000C8600020BE4908610C20BD494861002000
:104E0000BB4988610020BA49C861B94800F0E4FA9A
:104E1000002804D040F22941BF4800F097F901BDB5
:104E2000486400204664002080B5C448B149086049
:104E30004FF49640AF4948600020AE49886000209A
:104E4000AC49C8600020AB4908610C20A949486101
:104E50000020A84988610020A649C861A54800F043
:104E6000BBFA002804D040F23C41AB4800F06EF998
:104E700001BD000052640020D46B002010100240DD
:104E8000346B00202C00002090630020E06B002099
:104E90000064002064640020C86400202C650020A9
:104EA00090650020F4650020C03A0020586600207C
:104EB000B866002080B586B000200590A048006844
:104EC00050F010009E4908609D48006810F01000E6
:104ED00005900598002005909948006850F08000E2
:104EE000974908609648006810F080000590059882
:104EF000002005909248006850F001009049086039
:104F00008F48006810F0010005900598002005907A
:104F10008B48006850F004008949086088480068A0
:104F200010F0040005900598002005908448006862
:104F300050F00200824908608148006810F00200C9
:104F400005900598002005907D48006850F0080005
:104F50007B4908607A48006810F0080005900598C1
:104F600000224FF44361774800F00FFA002248F224
:104F700008115B4800F009FA01224021584800F06E
:104F800004FA00220121704800F0FFF900224FF4DA
:104F90008071554800F0F9F901224FF4C061524880
:104FA00000F0F3F9002288214E4800F0EEF90122CA
:104FB00010214C4800F0E9F94FF4436000900120C3
:104FC0000190002002900020039069465D4800F0A7
:104FD000D3F848F2081000900120019000200290C0
:104FE0000020039069463E4800F0C6F8402000903B
:104FF000112001900020029000200390694638485B
:1050000000F0BAF8012000900120019000200290E9
:105010000020039069464C4800F0AEF84FF4704011
:10502000009000200190012002906946454800F060
:10503000A3F84FF4807000900120019000200290AE
:10504000002003906946284800F096F84FF4C060AD
:1050500000901120019000200290002003906946EA
:10506000214800F089F8882000900120019000205C
:1050700002900020039069461A4800F07DF8102045
:1050800000901120019000200290002003906946BA
:10509000144800F071F807B000BD00001867002048
:1050A000605D0020805F0020B06A0020DC6A002084
:1050B000086B0020EC6B0020F86B0020046C0020D3
:1050C0008C6B0020A06B0020B46B0020106C0020C3
:1050D000186C002080540020C05600200059002089
:1050E00000000240000C024000080240B0690020AD
:1050F000F0690020306A00203068002070680020CD
:10510000391800205413002026180020C86B0020F6
:1051100040380240007000403CE802080030004087
:1051200000280040003C0040D8670020004C0040B0
:105130000050004000100140004400400048004082
:10514000303802400010024000040240FEE70EE04A
:1051500002684368024408305FEAC37C44BF4B44A2
:105160005B1E52F804CB43F804CB091FF9D150F869
:10517000041B0029ECD17047F8B40023002400255B
:105180000026102E80F0FF800122B24013000A6832
:105190001A4014009C4240F0F4804A68022A02D06F
:1051A0004A68122A1ED13200D20800EB8202176A26
:1051B0005FF00F0C16F00702D2B292001CFA02FC4C
:1051C00037EA0C07D1F810C016F00702D2B29200ED
:1051D0001CFA02FC5CEA07073D003200D20800EB33
:1051E0008202156207685FF0030C3200D2B25200EF
:1051F0001CFA02FC37EA0C0791F804C01CF0030CFF
:105200003200D2B252001CFA02FC5CEA07070760C7
:105210004A68012A08D04A68022A05D04A68112A39
:1052200002D04A68122A24D185685FF0030C32004C
:10523000D2B252001CFA02FC35EA0C05D1F80CC0BF
:105240003200D2B252001CFA02FC5CEA050585600D
:1052500042685FF0010C1CFA06FC32EA0C02D1F83D
:1052600004C0CCF3001C1CFA06FC5CEA0202170026
:105270004760C5685FF0030C3200D2B252001CFADE
:1052800002FC35EA0C05D1F808C03200D2B2520057
:105290001CFA02FC5CEA0505C5604A68D20070D5BC
:1052A000002200923F4A126852F480423D4F3A6019
:1052B0003C4A126812F480420092009A3A4A37003F
:1052C000BF0852F827705FF00F0C16F00302D2B23D
:1052D00092001CFA02FC37EA0C07344A904201D1D2
:1052E00000251EE0324A904201D1012519E0314AE1
:1052F000904201D1022514E02F4A904201D10325AA
:105300000FE02E4A904201D104250AE02C4A904237
:1053100001D1052505E02B4A904201D1062500E088
:105320000725EDB216F00302D2B2920095402F434A
:105330001D4A3500AD0842F82570234A1268A24381
:105340004D68ED0300D522431F4D2A601F4D2D6887
:10535000A5434F68BF0300D525431C4A15601C4A6E
:105360001268A2434F68FF0200D52243184D2A60FD
:10537000184D2D68A5434F68BF0200D52543154A37
:105380001560761CFDE6F1BC70471300DBB2002B04
:1053900003D00B009BB2836103E00B009BB21B04A4
:1053A00083617047443802400838014000000240E1
:1053B0000004024000080240000C024000100240BD
:1053C0000014024000180240003C0140043C01402F
:1053D000083C01400C3C014010B50400002C01D1F8
:1053E000012033E0A0690028FFD194F8390000289B
:1053F00005D1002084F83800200003F06CFA242046
:1054000084F839002068C06830F400502168C86012
:10541000200000F09BF92068006930F4904021687A
:1054200008612068406930F02A00216848612068DE
:10543000C06850F400502168C8600020E06320205C
:1054400084F83900202084F83A00002010BD10B400
:10545000030093F83900202823D1002903D010003D
:1054600080B2002801D101201CE093F83800012807
:1054700001D1022016E0012083F8380019629A84D5
:10548000DA840020D863212083F83900002083F8D3
:1054900038001868C06850F080001C68E060002088
:1054A00000E0022010BC70472DE9F8430600306888
:1054B00007683068D0F80C803068D0F8149000206D
:1054C000002517F00F04002C08D1B80606D55FEAB6
:1054D000886003D5300000F0E8F880E0002C6CD044
:1054E0005FEAC97002D418F4907F66D03800C00714
:1054F00006D55FEAC85003D5F06B50F00100F063A9
:10550000780706D54846C00703D5F06B50F0020077
:10551000F063B80706D54846C00703D5F06B50F0D6
:105520000400F063380706D54846C00703D5F06B82
:1055300050F00800F063F06B00283DD0B80605D5A8
:105540005FEA886002D5300000F0AFF8306840694B
:10555000800910F001000500F06B000701D4002D58
:1055600025D0300000F03DF83068406940061AD57B
:105570003068406930F0400031684861706B002845
:105580000DD00FF28100716B0865706B03F0AAFB00
:10559000002811D0706B716B096D88470CE03000EA
:1055A00003F0B4FB08E0300003F0B0FB04E030008F
:1055B00003F0ACFB0020F06311E0380606D55FEA8B
:1055C000086003D5300000F029F808E0780606D519
:1055D0005FEA486003D5300000F057F8FFE7BDE808
:1055E000F1830168C96831F490710268D160016883
:1055F00049694908490002685161202180F83A1040
:105600007047000038B50400A56B0020E885002035
:10561000E884280003F07AFB31BD0000010091F816
:10562000390021282FD18868B0F5805F11D1086A30
:1056300002001088C005C00D0B685860086900287A
:1056400003D1086A801C086209E0086A401C0862ED
:1056500005E0086A431C0B6200780B685860C88C30
:10566000401EC88480B200280BD10868C06830F0A2
:1056700080000B68D8600868C06850F040000B6874
:10568000D860002000E00220704710B504002068B8
:10569000C06830F040002168C860202084F83900DC
:1056A0002000FEF70AFC002010BD38B5040094F875
:1056B0003A00222848D1A068B0F5805F16D1A06AD0
:1056C00005002069002808D120684068C005C00D89
:1056D0002880A06A801CA0621AE02068406800F060
:1056E000FF002880A06A401CA06211E02069002809
:1056F00006D1A06A411CA16221684968017007E0D7
:10570000A06A411CA1622168496811F07F01017003
:10571000E08D401EE08580B2002813D12068C0686B
:1057200030F490702168C8602068406940084000EB
:1057300021684861202084F83A00200003F0E7FA4D
:10574000002002E0002000E0022032BD2DE9F843F5
:10575000040000212068026932F44052E0680243EC
:10576000206802612068C368BB480340A068034307
:105770002069034360690343E06903432068C36011
:105780002068456935F44075A06905432068456186
:10579000E069B0F5004F40F0B0802068AF49884222
:1057A00003D02068AE49884253D102F0D0FF814631
:1057B00002F0CDFF804602F0CAFF070002F0C7FFEB
:1057C000060002F0C4FF192101FB09F961684900D4
:1057D000B9FBF1F16422B1FBF2F2192101FB08F8E7
:1057E00061684900B8FBF1F319214F436168490032
:1057F000B7FBF1F16427B1FBF7F77FF0630101FB21
:105800000733D90032316423B1FBF3F35B0013F4A7
:10581000F87313EB021319214E4361684900B6FB7C
:10582000F1F21921484361684900B0FBF1F06421AD
:10583000B0FBF1F17FF0630000FB0122D0003230B9
:105840006421B0FBF1F010F00700C31820688360FA
:1058500000E102F071FF814602F06EFF804602F027
:105860006BFF070002F068FF060002F065FF1921D8
:1058700001FB09F961684900B9FBF1F16422B1FB50
:10588000F2F2192101FB08F861684900B8FBF1F355
:1058900019214F4361684900B7FBF1F16427B1FB5F
:1058A000F7F77FF0630101FB0733D900323164233E
:1058B000B1FBF3F35B0013F4F87313EB021319213C
:1058C0004E4361684900B6FBF1F219214843616813
:1058D0004900B0FBF1F06421B0FBF1F17FF063000F
:1058E00000FB0122D00032306421B0FBF1F010F057
:1058F0000700C31820688360ACE0206857498842DD
:1059000003D020685649884252D102F020FF8146D8
:1059100002F01DFF804602F01AFF070002F017FF99
:10592000060002F014FF192101FB09F961688900E2
:10593000B9FBF1F16422B1FBF2F2192101FB08F885
:1059400061688900B8FBF1F319214F436168890050
:10595000B7FBF1F16427B1FBF7F77FF0630101FBBF
:105960000733190132316423B1FBF3F313F0F00371
:1059700013EB021319214E4361688900B6FBF1F263
:105980001921484361688900B0FBF1F06421B0FB44
:10599000F1F17FF0630000FB01221001323064213D
:1059A000B0FBF1F010F00F00C3182068836051E0E5
:1059B00002F0C2FE814602F0BFFE804602F0BCFE4D
:1059C000070002F0B9FE060002F0B6FE192101FB45
:1059D00009F961688900B9FBF1F16422B1FBF2F2C7
:1059E000192101FB08F861688900B8FBF1F319215E
:1059F0004F4361688900B7FBF1F16427B1FBF7F70A
:105A00007FF0630101FB0733190132316423B1FBDD
:105A1000F3F313F0F00313EB021319214E43616803
:105A20008900B6FBF1F21921484361688900B0FB97
:105A3000F1F06421B0FBF1F17FF0630000FB012283
:105A4000100132306421B0FBF1F010F00F00C318E8
:105A500020688360BDE8F183F369FFFF0010014017
:105A60000014014010B5044610460A46014620467F
:105A700003F04EF9204610BD10B5044603F07CF942
:105A8000204610BD10B50400002C01D101203FE0DC
:105A9000606A00280020A06294F85100002805D117
:105AA000002084F85000200002F0EBFE022084F871
:105AB00051002068006830F040002168086061688B
:105AC000A0680143E0680143206901436069014324
:105AD000A06910F400700143E0690143206A0143AA
:105AE000A06A014320680160A169090C11F004015A
:105AF000606A0143206841602068C06930F400603A
:105B00002168C86100206065012084F851000020F0
:105B100010BD2DE9FC4706000D0017001C005FF0CA
:105B2000000A5FF0000896F85000012801D1022019
:105B3000C5E0012086F8500003F072F9814696F81E
:105B40005100012802D002208046B0E0002D03D091
:105B5000380080B2002802D101208046A7E003204F
:105B600086F85100002070653563B786F7860020FF
:105B7000B0630020B0870020F08700207064002010
:105B80003064B068B0F5004F05D13068006850F45B
:105B900080403168086030680068400605D430688D
:105BA000006850F0400031680860F068B0F5006FA0
:105BB00029D17068002802D0F08E012806D12888EB
:105BC0003168C860AD1CF08E401EF086F08E002853
:105BD00043D030688068800707D528883168C8605E
:105BE000AD1CF08E401EF086F0E7002C08D014F1BA
:105BF000010FEBD003F014F9B0EB0900A042E5D39C
:105C00000320804653E07068002802D0F08E0128FF
:105C100006D12878316808736D1CF08E401EF0861E
:105C2000F08E002819D030688068800707D5287862
:105C3000316808736D1CF08E401EF086F0E7002C72
:105C400008D014F1010FEBD003F0EAF8B0EB090033
:105C5000A042E5D30320804629E0CDF80090230040
:105C600001220221300000F0FCF9002802D00320BC
:105C700080461CE04A462100300000F043FA00282C
:105C800004D0012080462020706510E0B068002814
:105C900008D1002000903068C068009030688068AB
:105CA00000900098706D002801D0012080460120EE
:105CB00086F85100002086F850004046C0B2BDE88A
:105CC000F6872DE9FC4706000D0017001C005FF069
:105CD000000A5FF000087068B0F5827F0ED1B068EE
:105CE00000280BD1042086F8510000943B009BB2A1
:105CF0002A002900300000F0A1F89DE096F850003D
:105D0000012801D1022097E0012086F8500003F01D
:105D100087F8814696F85100012802D0022080467B
:105D200082E0002D03D0380080B2002802D101208B
:105D3000804679E0042086F8510000207065B56344
:105D4000B787F787002030630020B0860020F086F8
:105D50000020306400207064B068B0F5004F05D1B9
:105D60003068006830F4804031680860306800684E
:105D7000400605D43068006850F040003168086083
:105D8000F06800281CD1F08F002836D03068806879
:105D9000C00707D53068007B28706D1CF08F401E4F
:105DA000F087F0E7002C08D014F1010FEBD003F0DE
:105DB00037F8B0EB0900A042E5D30320804633E07A
:105DC000F08F002819D030688068C00707D5306888
:105DD000C0682880AD1CF08F401EF087F0E7002CD3
:105DE00008D014F1010FEBD003F01AF8B0EB090062
:105DF000A042E5D30320804616E07068B0F5827FAC
:105E00000DD1B068B0F5004F03D0B068B0F5806F29
:105E100005D13068006830F0400031680860706D6E
:105E2000002801D001208046012086F85100002082
:105E300086F850004046C0B2BDE8F6872DE9FE4F17
:105E400007000E0015009846DDF830900020019004
:105E5000002002900020009001245FF0000A97F8D3
:105E60005000012801D10220F9E0012087F85000FC
:105E700002F0D6FF834697F85100019078680290AF
:105E8000019801280CD00298B0F5827F05D1B8683E
:105E9000002802D10198042802D002208246D6E0D0
:105EA000002E05D0002D03D0404680B2002802D13C
:105EB00001208246CBE097F85100012802D105204D
:105EC00087F8510000207865BD63A7F83E80A7F8E9
:105ED0003C803E63A7F83680A7F834800020386401
:105EE0000020786438680068400605D43868006887
:105EF00050F0400039680860F868B0F5006F40D194
:105F00007868002802D0F88E012806D130883968D8
:105F1000C860B61CF88E401EF886F88E002802D1A4
:105F2000F88F00286ED0002C0FD0F88E00280CD0EF
:105F300038688068800708D530883968C860B61C22
:105F4000F88E401EF88600200400F88F00280CD040
:105F500038688068C00708D53868C0682880AD1CDC
:105F6000F88F401EF8870120040019F1010FD4D0EA
:105F700002F056FFB0EB0B004845CED3032082461B
:105F800065E07868002802D0F88E012806D13078C4
:105F900039680873761CF88E401EF886F88E002843
:105FA00002D1F88F00282DD0002C0FD0F88E0028B9
:105FB0000CD038688068800708D530783968087355
:105FC000761CF88E401EF88600200400F88F00280A
:105FD0000CD038688068C00708D53868C068287059
:105FE0006D1CF88F401EF8870120040019F1010F85
:105FF000D4D002F015FFB0EB0B004845CED3032000
:10600000824624E0CDF800B04B4601220221380040
:1060100000F027F8002802D00320824617E05A46F5
:106020004946380000F06EF8002804D0012082466E
:10603000202078650BE0B868002808D10020009087
:106040003868C06800903868806800900098012027
:1060500087F85100002087F850005046C0B2BDE8D4
:10606000FE8F2DE9F04105000E0017001C00DDF841
:106070001880286880683040B04201D1012000E0DB
:106080000020B8423BD014F1010FF2D0002C05D013
:1060900002F0C6FEB0EB0800A042EAD328684068D0
:1060A00030F0E000296848606868B0F5827F0DD163
:1060B000A868B0F5004F03D0A868B0F5806F05D18F
:1060C0002868006830F0400029680860A86AB0F5C8
:1060D000005F0CD1286801684DF6FF700140286808
:1060E00001602868006850F40050296808600120A9
:1060F00085F85100002085F85000032000E00020C2
:10610000BDE8F0817CB504000D00160000962B0060
:10611000002280212000FFF7A4FF002805D0606D39
:1061200050F020006065032000E0002076BD0000F4
:1061300010B50400002C01D101205EE0607F002832
:1061400004D100202077200002F091FB022060772C
:10615000CA2021684862532021684862200000F06C
:10616000D8F9002806D0FF20216848620420607713
:10617000012042E020688168DFF854030140206874
:10618000816020688168606801432069014360691B
:10619000014320688160E068216808612068006927
:1061A000A16850EA0140216808612068C06830F0A9
:1061B00080002168C8602068806880060BD42000B9
:1061C00000F08CF9002806D0FF20216848620420E6
:1061D0006077012011E02068006C30F48020216895
:1061E00008642068016CA069014320680164FF20F5
:1061F0002168486201206077002010BD2DE9F84336
:1062000005000E0014005FF00008287F012801D16E
:1062100002207EE00120287702206877002C1CD124
:1062200028688068400601D40020F070307800F0C3
:106230008DF98146707800F089F90700B07800F098
:1062400085F95FFA89F9FFB23F0257EA0947C0B200
:106250000743F07857EA004714E028688068400652
:1062600004D5307800F07EF9804601E00020F0701F
:10627000307877783F0257EA0047B0780743F078E4
:1062800057EA0047CA2029684862532029684862B3
:10629000280000F03EF9002808D0FF202968486255
:1062A0000420687700202877012032E0DFF82402FC
:1062B0003840296808602868806830F480202968A0
:1062C000886028688168F068014330690143286864
:1062D00081602868C06830F080002968C86028683C
:1062E000806880060DD4280000F0F8F8002808D057
:1062F000FF20296848620420687700202877012061
:1063000007E0FF202968486201206877002028778D
:106310000020BDE8F283F8B505000E00140000214E
:106320002868806A7060286800694004400CB0608A
:1063300028680768DFF89C0107403800000C10F05F
:106340003F0030703800000A10F07F00707017F0C6
:106350007F00B0703800000C10F04000F070002C8E
:106360000BD1307800F0FEF83070707800F0FAF859
:106370007070B07800F0F6F8B0700020F2BD2DE932
:10638000F84305000E0014000027287F012801D1E2
:10639000022070E00120287702206877002C07D1C6
:1063A0007078C00604D5707810F0EF000A30707075
:1063B000002C19D1F07800F0C9F88146707800F00F
:1063C000C5F88046B07800F0C1F85FFA89F95FFA45
:1063D00088F85FEA082858EA0948C0B250EA080875
:1063E000307858EA40380CE0F07896F801805FEA9F
:1063F000082858EA0048B07850EA0808307858EA87
:106400004038CA2029684862532029684862280019
:1064100000F07FF8002808D0FF2029684862042097
:10642000687700202877012025E0DFF8AC0010EA2B
:106430000800296848602868C06830F08000296832
:10644000C8602868806880060DD4280000F046F8EF
:10645000002808D0FF2029684862042068770020BF
:106460002877012007E0FF2029684862012068772B
:10647000002028770020BDE8F283F8B505000E0063
:106480001400002128684768DFF84C0007403800F6
:10649000000CF0703800000A10F01F00707017F048
:1064A0003F00B0703800400B10F007003070002C37
:1064B0000BD1F07800F056F8F070707800F052F8D8
:1064C0007070B07800F04EF8B0700020F2BD00009F
:1064D000BFFF8FFF7F7F7F003FFFFF0070B504008D
:1064E00000252068C06830F0A0002168C86002F074
:1064F00097FC06002068C068800608D402F090FC73
:10650000801B40F2E9318842F4D3032000E00020F0
:1065100070BD38B5040000252068C068400613D45B
:106520005FF0FF302168C86002F07AFC0500206847
:10653000C068400608D402F073FC401B40F2E93109
:106540008842F4D3032000E0002032BD0021020085
:10655000D2B20A2A02D3491C0A38F8E750EA0110DD
:10656000C0B2704700220300DBB21B09DBB20A2174
:106570004B4310F00F00C018C0B2704780B50E48F2
:10658000006850F400700C4908600B48006850F433
:106590008060094908600848006850F48070064926
:1065A00008600320FDF759F9002002F03FFC02F0DB
:1065B0000DF9002002BD0000003C024080B5012220
:1065C0000FF22101144802F057FC1449124802F05E
:1065D0009DFC114802F0FEFC01BD80B50E4802F0A2
:1065E00004FD01BD0A00D2B2012A06D0022A09D058
:1065F000042A0BD0052A01D00CE00BE00322084B43
:106600001A7007E00222064B1A7003E00122044BC5
:106610001A70FFE770470000204E0020080000209D
:106620002D6C0020DFF81803B0F8540E002804D1B8
:106630000020DFF80C13A1F85E0EDFF80403B0F8B9
:106640005E0EB0F58A7F04DB0020DFF8F412A1F8BB
:106650005E0EDFF8F0020168DFF8EC02007810F05F
:106660000100002808D00020B54AA2F85E0E0A20DA
:10667000B34AA2F8540E83E0B148B0F85E0E002889
:1066800015D10800AE4A92F8692EC0B290420ED1E0
:10669000AB48AB4AB2F85E2E104480F8281DA848DB
:1066A000B0F85E0E401CA64AA2F85E0E64E0A44854
:1066B000B0F85E0E012812D10800C0B204280ED135
:1066C0009F489F4AB2F85E2E104480F8281D9C48CF
:1066D000B0F85E0E401C9A4AA2F85E0E4CE0984854
:1066E000B0F85E0E022843DB954890F8290D042887
:1066F00039D19348B0F85E0E022813D19048904AE1
:10670000B2F85E2E104480F8281D8D48B0F85E0E59
:10671000401C8B4AA2F85E0E0800C0B2884AA2F85C
:106720005C0E29E08648B0F85E0E032824DB84481E
:10673000834AB2F85E2E104480F8281D8048B0F8D5
:106740005E0E401C7E4AA2F85E0E7D48B0F85E0EDA
:106750007B4AB2F85C2E521D90420DD10120784A3E
:1067600082F8680E08E00020754AA2F85E0E03E089
:106770000020734AA2F85E0E0A20714AA2F8540E55
:10678000704770B48278714B6D4991F8694E482119
:106790004C4303EB0401B1F14804032300210D0035
:1067A0001600ADB2B6B2B54207D21D00ADB2455D1E
:1067B00025705B1C641C491CF1E770BC704738B540
:1067C0005F48B0F8560E022872DA6148B0F84E40C1
:1067D0005B4890F8690E411C594A82F8691E2100F5
:1067E000C0B2C9B2884203D30120554981F8690E6D
:1067F0005348B0F8600E00280AD15649504890F826
:10680000692E0620424301EB0200002120F8061CFD
:106810004B4890F8690E4A4981F8D00A042048494B
:1068200081F8D10A0020464981F8D20A0020444963
:1068300081F8D30A0020424981F8D40A2420404933
:1068400081F8D50A06203E49A1F85A0E3C48B0F816
:106850005A1E4148FCF7C6FC0500280080B2000A19
:10686000374981F8D60A364880F8D75A3448B0F804
:106870005A0E801C3249A1F85A0E01228021374855
:10688000FEF783FD14202E4981F86D0E2E48007806
:1068900050F001002C4908702948B0F85A2E2E49B2
:1068A0002F48FEF7D4FD4FF4FA702549A1F8560E93
:1068B00031BD38B5224890F8680E01283FD100203C
:1068C0001F4981F8680E1E48B0F85E0E811E89B21D
:1068D0002448FCF787FC040019481949B1F85E1EEA
:1068E000084490F8261D09021548154AB2F85E2E94
:1068F000104490F8270D01430D002000290080B2BC
:1069000089B288421BD140F6B8300D49A1F8600E1B
:106910000B4890F8290D042807D11248FFF731FFE2
:1069200064200749A1F8560E09E0054890F8290DA2
:10693000102804D0024890F8290D0628FFD131BD57
:106940002C000020044800402C6C00202045002032
:106950000064002078670020FC0A0020000C024040
:10696000306A0020540D0020DFF8E80A0088002873
:1069700003D10020DFF8E01A0880DFF8DC0A008885
:10698000B0F58A7F03DB0020DFF8CC1A0880DFF83F
:10699000CC0A0168DFF8C00A0088002814D108007A
:1069A000C0B2652810D1DFF8B80ADFF8AC2A128827
:1069B000104441F2FA128154DFF89C0A0088401C0E
:1069C000DFF8942A10806DE1DFF88C0A0088012836
:1069D00020D10800C0B213280BD00800C0B215287F
:1069E00007D00800C0B2032803D00800C0B21028A6
:1069F00010D1DFF86C0ADFF8602A1288104441F2E7
:106A0000FA128154DFF8500A0088401CDFF8482A47
:106A1000108047E1DFF8400A00880228C0F23E817A
:106A2000DFF8400A0078132840F08C80DFF8280A4D
:106A30000088022810D1DFF8280ADFF81C2A128803
:106A4000104441F2FA128154DFF80C0A0088401C0D
:106A5000DFF8042A108025E1DFF8FC09008803280C
:106A600010D1DFF8FC09DFF8F0291288104441F258
:106A7000FA128154DFF8E0090088401CDFF8D829B9
:106A800010800FE1DFF8D0090088042810D1DFF86A
:106A9000D009DFF8C4291288104441F2FA12815457
:106AA000DFF8B4090088401CDFF8AC291080F9E059
:106AB000DFF8A4090088052810D1DFF8A409DFF861
:106AC00098291288104441F2FA128154DFF888099B
:106AD0000088401CDFF880291080E3E0DFF87809A7
:106AE0000088062829DBDFF880090078DFF87C2998
:106AF000127852EA0022DFF878090280DFF8600994
:106B0000DFF854291288104441F2FA128154DFF858
:106B100048090088401CDFF840291080DFF8380958
:106B20000088DFF84C2912880832904240F0BA8081
:106B30000120DFF840291070B4E00020DFF81829A8
:106B40001080AFE0DFF81C09007815285ED1DFF86F
:106B500008090088022810D1DFF80409DFF8F828B6
:106B60001288104441F2FA128154DFF8EC080088D0
:106B7000401CDFF8E428108094E0DFF8DC0800888F
:106B8000032810D1DFF8D808DFF8CC281288104489
:106B900041F2FA128154DFF8C0080088401CDFF887
:106BA000B82810807EE0DFF8B0080088042828DBD1
:106BB000DFF8C4080078DFF8C428127852EA00220F
:106BC000DFF8AC080280DFF89808DFF88C2812881C
:106BD000104441F2FA128154DFF87C080088401C0E
:106BE000DFF874281080DFF870080088DFF880284C
:106BF0001288921D904255D10120DFF8782810703C
:106C000050E00020DFF8502810804BE0DFF85408F7
:106C1000007803283DD1DFF840080088022815D10C
:106C2000DFF83C08DFF830281288104441F2FA12ED
:106C30008154DFF824080088401CDFF81C281080ED
:106C40000800C0B2DFF8282810802BE0DFF8080821
:106C50000088032826DBDFF80808DFF8FC27128805
:106C6000104441F2FA128154DFF8EC070088401C0E
:106C7000DFF8E4271080DFF8E0070088DFF8F0276E
:106C80001288521D90420DD10120DFF8E8271070C4
:106C900008E00020DFF8C027108003E00020DFF8C4
:106CA000B82710800A20DFF8AC27108070472DE944
:106CB000F84F020092F802E05FEA0E2ED17851EA16
:106CC0000E0EADF800E092F802E092F80380DFF8D3
:106CD000B01709781129C0F21B81DFF8A4170978D1
:106CE000192980F2158192F804905FEA09295179F7
:106CF00051EA09094E46310089B25FF0020991FB61
:106D0000F9F10D00DFF87C97DFF8741791F800A017
:106D1000A62101FB0AFA09EB0A01A1F60631C146D8
:106D20005FFA89F95FF0020A99FBFAF901EB490170
:106D30000C000621080000210F003900A94689B285
:106D40001FFA89F9494513D2010089B212F801905E
:106D5000401C5FEA0929010089B2515C51EA090926
:106D60004B46401C2380A41C18F102087F1CE4E75A
:106D7000DFF8141791F84A10890640F1C980DFF84E
:106D8000081791F85010C90740F1C280DFF8F016DB
:106D90000978113900290BD002290FD00BD304290F
:106DA00012D00ED3062915D011D3072915D016E01D
:106DB00001218C4613E002218C4610E004218C4610
:106DC0000DE008218C460AE010218C4607E02021C6
:106DD0008C4604E040218C4601E080218C46DFF89F
:106DE000A816C98F002950D1DFF89C16098D491EBD
:106DF000DFF88C9699F80090B9F11109494500F037
:106E00008780DFF88416C98811EA0C0F1ED0DFF8DE
:106E10007496DFF86C1691F800A0A62101FB0AFA1F
:106E200009EB0A01A1F60639DFF858A6DFF850167B
:106E300091F800B0A62101FB0BFB0AEB0B01A1F6B8
:106E40006221B1F90010A9F8001061E0DFF8349672
:106E5000DFF82C1691F800A0A62101FB0AFA09EB35
:106E60000A01A1F60639DFF81CA6DFF8141691F81E
:106E700000B0A62101FB0BFB0AEB0B01A1F686215A
:106E8000B1F90010A9F8001042E0DFF8FC15C9883C
:106E900011EA0C0F1ED0DFF8EC95DFF8E41591F83D
:106EA00000A0A62101FB0AFA09EB0A01A1F60639A6
:106EB000DFF8D0A5DFF8C81591F800B0A62101FBD6
:106EC0000BFB0AEB0B01A1F66221B1F90010A9F846
:106ED00000101DE0DFF8AC95DFF8A41591F800A0D4
:106EE000A62101FB0AFA09EB0A01A1F60639DFF82F
:106EF00094A5DFF88C1591F800B0A62101FB0BFBDF
:106F00000AEB0B01A1F68621B1F90010A9F80010D7
:106F1000BDE8F18F2DE9F04187783F02C67837430D
:106F2000061DDFF85C0500781128C0F20381DFF848
:106F300050050078192880F2FD80380080B20028C2
:106F40002AD030780400701C06783500401CBF1E23
:106F500090F800C0461C5FEA0C2C307850EA0C0C0C
:106F60006146761CDFF81CC5DFF8140590F800E0D8
:106F7000A62000FB0EFE0CEB0E00A0F60630AC4681
:106F80005FFA8CFC5FF0020E9CFBFEFC00EB4C00F9
:106F900002001180BF1ED0E7DFF8EC0490F84A0031
:106FA000800640F1C780DFF8E00490F85000C00789
:106FB00040F1C080DFF8C8040078113800280BD0F9
:106FC00002280FD00BD3042812D00ED3062815D0D8
:106FD00011D3072815D016E00120030013E002208A
:106FE000030010E0042003000DE0082003000AE085
:106FF0001020030007E02020030004E040200300ED
:1070000001E080200300DFF88004C08F00284FD10A
:10701000DFF87404008D401EDFF864C49CF800C0E3
:10702000BCF1110C604500F08580DFF85C04C0887D
:1070300018421ED0DFF84CC4DFF8440490F800E09A
:10704000A62000FB0EFE0CEB0E00A0F6063CDFF8BF
:1070500034E4DFF82C0490F80080A62000FB08F848
:107060000EEB0800A0F66220B0F90000ACF80000BA
:1070700060E0DFF810C4DFF8080490F800E0A62014
:1070800000FB0EFE0CEB0E00A0F6063CDFF8F4E36E
:10709000DFF8EC0390F80080A62000FB08F80EEB68
:1070A0000800A0F68620B0F90000ACF8000041E02E
:1070B000DFF8D403C08818421ED0DFF8C8C3DFF859
:1070C000C00390F800E0A62000FB0EFE0CEB0E00C3
:1070D000A0F6063CDFF8ACE3DFF8A40390F80080EC
:1070E000A62000FB08F80EEB0800A0F66220B0F91D
:1070F0000000ACF800001DE0DFF888C3DFF8800373
:1071000090F800E0A62000FB0EFE0CEB0E00A0F6AF
:10711000063CDFF870E3DFF8680390F80080A620F3
:1071200000FB08F80EEB0800A0F68620B0F900007E
:10713000ACF80000BDE8F08138B5DFF850030088F6
:10714000002804D14FF49670DFF840130880DFF870
:107150003C030088022880F22481DFF83003008895
:1071600001282ED14FF49670DFF820130880DFF845
:1071700020030078002824D1DFF8040300781128C8
:107180001FDBDFF8FC02007819281ADADFF80403A5
:10719000DFF8EC12097800EB410030F81C0C0028F5
:1071A0000FD0DFF8F002B649097800EB4100B94989
:1071B000B34A127801EB420131F81C1C491E20F839
:1071C0001C1CB5480078012824D1A54890F8A20FCE
:1071D00021280ADBA24890F8A20F292805DAA04846
:1071E00090F8A20F1030A649087001224FF4807168
:1071F000AA48FEF7CAF81420A9490870A9480288CD
:10720000921C92B2A849A948FEF721F90020A24990
:107210000870C6E09C48B0F84E0005009848007819
:107220001138072874D896480078401C9449087093
:107230002800C0B292490978113988425DD192483C
:1072400090F84A00800655D58F4890F85000C00746
:1072500050D5FF20824981F8A20F2020804981F873
:10726000A30F8948C088002808D100207C4981F8F4
:10727000A40F80207A4981F8A50F07E00020784903
:1072800081F8A40FA420764981F8A50F0020744945
:1072900081F8A60F0220724981F8A70F7A48B0F949
:1072A000000000126E4981F8A80F774800886C49E9
:1072B00081F8A90F08217C48FBF794FF0400200007
:1072C00080B2000A664981F8AA0F654880F8AB4F82
:1072D00001224FF480717148FEF757F8142070496D
:1072E00008700A2270497148FEF7B1F832206749E8
:1072F000088002E01120624908702800C0B260498D
:1073000009781139884202DA11205D49087002E0DB
:1073100011205B4908705D480088652841DB5848AA
:10732000007811280DDB56480078192809DA5448EE
:10733000007810384A4981F8A20F1320484981F893
:10734000A30F0020524908704D480078444981F845
:10735000A40F0020424981F8A50F0020404981F880
:10736000A60F00203E4981F8A70F06214E48FBF7E3
:1073700039FF0400200080B2000A394981F8A80FC3
:10738000374880F8A94F01224FF480714348FDF738
:10739000FCFF142042490870082243494348FEF785
:1073A00056F831BD3448007811280BDB324800789C
:1073B000192807DA37483049097800EB41000521E0
:1073C00020F81C1C704738B52A48007801283FD1A6
:1073D00000202849087020480088811E89B234485E
:1073E000FBF700FF04001E481B490988084441F2CE
:1073F000F811415C09021A48174A1288104441F2F8
:10740000F912805C01430D002000290080B289B28E
:1074100088421DD140F6B83026490880FFF7C2FFE8
:1074200010480078132803D12148FFF740FC06E0FC
:107430000C480078152802D11D48FFF76BFD00208D
:107440000449088032201149088001201049087041
:1074500031BD0000521300205C130020044C00409A
:107460002C000020271200202A1200202B120020BE
:107470005A13002066130020281200202912002031
:1074800067130020603000200064002054130020A7
:107490006A13002090630020681300200008024057
:1074A0006B13002058130020CE0F002030680020FE
:1074B000261200205E130020DFF88C080168DFF838
:1074C0008C080088002803D10020DFF88428108071
:1074D000DFF87C080088B0F58A7F03DB0020DFF846
:1074E00070281080DFF868080088002814D1080090
:1074F000C0B2652810D1DFF85C08DFF85428128884
:10750000104441F2CC628154DFF844080088401CEA
:10751000DFF83C2810806DE1DFF83408008801288E
:1075200020D10800C0B213280BD00800C0B2152823
:1075300007D00800C0B2032803D00800C0B210284A
:1075400010D1DFF81008DFF808281288104441F243
:10755000CC628154DFF8F8070088401CDFF8F02780
:10756000108047E1DFF8E80700880228C0F23E817A
:10757000DFF8E4070078132840F08C80DFF8D007AC
:107580000088022810D1DFF8CC07DFF8C427128862
:10759000104441F2CC628154DFF8B4070088401CEB
:1075A000DFF8AC27108025E1DFF8A4070088032866
:1075B00010D1DFF8A007DFF898271288104441F2B5
:1075C000CC628154DFF888070088401CDFF88027F0
:1075D00010800FE1DFF878070088042810D1DFF869
:1075E0007407DFF86C271288104441F2CC62815492
:1075F000DFF85C070088401CDFF854271080F9E0B2
:10760000DFF84C070088052810D1DFF84807DFF8BD
:1076100040271288104441F2CC628154DFF83007D1
:107620000088401CDFF828271080E3E0DFF82007FF
:107630000088062829DBDFF824070078DFF82027F8
:10764000127852EA0022DFF81C070280DFF80407F4
:10765000DFF8FC261288104441F2CC628154DFF836
:10766000F0060088401CDFF8E8261080DFF8E0060E
:107670000088DFF8F02612880832904240F0BA8085
:107680000120DFF8E4261070B4E00020DFF8C02607
:107690001080AFE0DFF8C006007815285ED1DFF873
:1076A000B0060088022810D1DFF8A806DFF8A0266F
:1076B0001288104441F2CC628154DFF894060088AD
:1076C000401CDFF88C26108094E0DFF884060088E8
:1076D000032810D1DFF87C06DFF8742612881044E6
:1076E00041F2CC628154DFF868060088401CDFF864
:1076F000602610807EE0DFF858060088042828DB2A
:10770000DFF868060078DFF86826127852EA00226F
:10771000DFF850060280DFF83C06DFF834261288D6
:10772000104441F2CC628154DFF824060088401CEA
:10773000DFF81C261080DFF818060088DFF8242602
:107740001288921D904255D10120DFF81C2610703E
:1077500050E00020DFF8F82510804BE0DFF8F80556
:10776000007803283DD1DFF8E8050088022815D10C
:10777000DFF8E005DFF8D8251288104441F2CC622A
:107780008154DFF8CC050088401CDFF8C425108048
:107790000800C0B2DFF8CC2510802BE0DFF8B00580
:1077A0000088032826DBDFF8AC05DFF8A425128863
:1077B000104441F2CC628154DFF894050088401CEB
:1077C000DFF88C251080DFF888050088DFF8942525
:1077D0001288521D90420DD10120DFF88C251070C7
:1077E00008E00020DFF86825108003E00020DFF8C3
:1077F000602510800A20DFF85425108070472DE99D
:10780000F04790F802805FEA0828C17851EA08083A
:1078100090F802C090F803E0DFF858150978E029E5
:107820004ADBDFF850150978F02945DA90F8049022
:107830005FEA0929417951EA09094D46290089B2CF
:107840005FF0020991FBF9F10C00DFF82C95DFF8ED
:10785000241591F800A0062101FB0AFA09EB0A01A0
:10786000B1F5A861F1465FFA89F95FF0020A99FB68
:10787000FAF901EB49010B0006210F0000210E006F
:107880003100A14689B21FFA89F9494580F08F80FD
:10789000390089B210F801907F1C5FEA092939008C
:1078A00089B2415C51EA09094A467F1C1A809B1C37
:1078B0001EF1020E761CE3E7DFF8B8140978F02910
:1078C00075DB90F804905FEA0929417951EA0909CA
:1078D0004D46290089B25FF0020991FBF9F10C00D5
:1078E000DFF89894DFF88C1491F800A0222101FBB6
:1078F0000AFA09EB0A01B1F5FF51F1465FFA89F97D
:107900005FF0020A99FBFAF901EB49010B0006212D
:107910000F0000210E003100A14689B21FFA89F93B
:10792000494513D2390089B210F801907F1C5FEAF3
:107930000929390089B2415C51EA09094A467F1C8C
:107940001A809B1C1EF1020E761CE4E7DFF82C1453
:10795000B1F900105FF00A0991FBF9FA09FB1A115D
:1079600005290DDBDFF81414B1F900105FF00A09E6
:1079700091FBF9F1491CDFF80494A9F800100BE021
:10798000DFF8F813B1F900105FF00A0991FBF9F183
:10799000DFF8E893A9F80010DFF8E01309885FF03A
:1079A0000A0911FB09F1DFF8D493A9F80010BDE82A
:1079B000F087F0B486783602C1780E43011DDFF8F7
:1079C000B4030078E0282FDBDFF8A8030078F02864
:1079D0002ADA300080B2002856D008780400481C0B
:1079E00001780D00401CB61E0778411C3F02087844
:1079F00007433A00491CDFF88073DFF8780390F8FA
:107A000000C0062000FB0CFC07EB0C00B0F5A860E2
:107A10002F00FFB25FF0020C97FBFCF700EB470072
:107A200003001A80B61ED4E7DFF848030078F02878
:107A30002ADB300080B2002826D008780400481CD9
:107A400001780D00401CB61E0778411C3F020878E3
:107A500007433A00491CDFF82473DFF8180390F855
:107A600000C0222000FB0CFC07EB0C00B0F5FF501F
:107A70002F00FFB25FF0020C97FBFCF700EB470012
:107A800003001A80B61ED4E7F0BC704770B5DFF86B
:107A9000F0020088022880F2EF80DFF8E802B0F8F8
:107AA0004C00002800F0E880DFF8D802B0F84C5015
:107AB000B448B0F84C60B6B2360AB1480088012824
:107AC0004AD14FF49670AE490880AF48007800283C
:107AD00042D1A8480078E0281FDBA6480078F028AB
:107AE0001BDAAA48A349097800EB4100B0F5CD7034
:107AF0000088002830D0A5489E49097800EB410055
:107B0000B0F5CD70A1499B4A127801EB4201B1F565
:107B1000CD710988491E01801EE096480078F02842
:107B20001ADB9A489349097800EB4100B0F5CD7013
:107B30000088002810D095488E49097800EB410054
:107B4000B0F5CD7091498B4A127801EB4201B1F545
:107B5000CD710988491E01808D480078012813D114
:107B6000012208218B48FDF710FC14208A49087077
:107B70008A480288921C92B289498A48FDF767FCBC
:107B800000208349087077E07A480078E0380F28B1
:107B900003D910380F2818D927E076480078401C00
:107BA0007449087073480078E0382900C9B28842E7
:107BB0000ADB3000C0B2002803D0F0206D49087005
:107BC00002E0E0206B49087012E06A480078401C2F
:107BD0006849087067480078F0383100C9B28842B7
:107BE00002DBE0206349087002E0E0206149087090
:107BF00060480078E0280BDB5E480078F02807DA60
:107C00005C480078664908701320674908700AE0EC
:107C100058480078F02806DB56480078604908701C
:107C200013206149087000205749087051480078B6
:107C30005E49087000205E49087000205D490870A8
:107C400000205D49087006215548FBF7CBFA040077
:107C5000200080B2000A5949087059480470012276
:107C600008214C48FDF791FB14204B49087008226D
:107C70004B494C48FDF7EBFB70BD3C480078E028D1
:107C80000DDB3A480078F02809DA4048374909788E
:107C900000EB4100B0F5CD70052101800CE03348C8
:107CA0000078F02808DB39483049097800EB4100BA
:107CB000B0F5CD7005210180704738B52A480078AD
:107CC00001283FD100202849087021480088811EE2
:107CD00089B23C48FBF786FA04001E481C49098813
:107CE000084441F2CA61415C09021A48184A1288E4
:107CF000104441F2CB62805C01430D00200029005A
:107D000080B289B288421DD140F6B8302E49088031
:107D1000FFF7B3FF10480078132803D12948FFF775
:107D20006EFD06E00C480078152802D12548FFF7C3
:107D300040FE0020054908801420114908800120D8
:107D40001149087031BD0000045000402418002083
:107D50002E1800202C000020F9160020FC16002010
:107D6000FD1600202C18002038180020FA160020DC
:107D7000FB1600203918002058660020405B0020C8
:107D800026180020006400203C180020906300208A
:107D90003A180020000002403D1800202A18002058
:107DA000A014002070680020A1140020A21400205C
:107DB000A3140020A4140020A5140020A614002061
:107DC000A7140020F8160020301800202DE9F843F1
:107DD00005005FF000090024002600272878C0076E
:107DE0000ED5DFF8F403016831F0C061E8690143A2
:107DF000DFF8E4030160E869002801D101200700F1
:107E0000287880070ED5DFF8D003016831F0C05123
:107E1000286A0143DFF8C0030160286A002801D105
:107E200001200700286880041ED5DFF8AC03016834
:107E300031F44011A86C0143DFF89C030160A86C89
:107E4000002801D101200700A86CB0F5001F0BD15C
:107E5000DFF88403006830F4F8506969491E50EA7D
:107E60000120DFF874130860286840041ED5DFF88D
:107E70006803016831F44001E86C0143DFF85803FE
:107E80000160E86C002801D101200700E86CB0F522
:107E9000000F0BD1DFF84003006830F4F850696937
:107EA000491E50EA0120DFF83013086028780007E7
:107EB00040F1848000200090DFF82003006850F03B
:107EC0008050DFF818130860DFF81003006810F026
:107ED000805000900098DFF80803006850F480702C
:107EE000DFF8FC12086000F09BFF8146DFF8F0022B
:107EF0000068C00507D400F093FFB0EB0900032829
:107F0000F4D3032066E1DFF8DC02006810F440706F
:107F10000400002C2CD0686A10F44070844227D0F2
:107F2000DFF8C002006830F4407004000120DFF880
:107F3000B81208600020DFF8B0120860DFF8A40271
:107F40000460DFF8A0020068C00711D500F068FFE8
:107F50008146DFF890020068800709D400F060FFD6
:107F6000B0EB090041F289318842F2D3032031E1BC
:107F7000686A10F44070B0F5407F0DD1DFF86C02F4
:107F8000016831F4F8116A6ADFF8640202401143B3
:107F9000DFF85802016007E0DFF85002006830F4B3
:107FA000F810DFF848120860DFF838020068696AE4
:107FB0000905090D0843DFF82C12086028784007EE
:107FC00004D595F85400DFF8E01508602878C0065D
:107FD00009D5DFF8E405016831F44001E86A01439E
:107FE000DFF8D4050160287880060FD5DFF8C805D2
:107FF000016831F00061286B0143DFF8BC050160C6
:10800000286BB0F1006F01D10120070028784006ED
:1080100009D5DFF8A405016831F08051A86A014351
:10802000DFF894050160012F03D02868802840F014
:108030008F800020DFF87415086000F0F1FE8046A4
:10804000DFF86C050068000107D500F0E9FEB0EB31
:1080500008000328F4D30320BCE0286DDFF8541592
:1080600008602878C00702D5E869002816D028786B
:10807000800702D5286A002810D02878800603D50A
:10808000286BB0F1006F09D02878400613D5A86A94
:10809000002810D1286BB0F1006F0CD16868A96876
:1080A00050EA8110E96850EA0160296950EA0170DC
:1080B000DFF8081508602868800402D5A86C00283D
:1080C00005D0286840041FD5E86C00281CD1DFF8D3
:1080D000EC040068C0F3036006006868A96850EA11
:1080E000811050EA0660296950EA0170DFF8CC146B
:1080F0000860DFF8E400006840094001A969491EF2
:108100000843DFF8D4100860287800060CD56868AA
:10811000A96850EA8110E96850EA0160296950EACB
:108120000170DFF8981408600120DFF880140860FF
:1081300000F076FE8146DFF878040068000107D47D
:1081400000F06EFEB0EB09000328F4D3032041E0F9
:108150002868C00509D5DFF88000016821F00041DA
:10816000686B0143DFF8700001602868800509D55D
:10817000DFF86400016831F40041A86B0143DFF8C7
:10818000580001602868400509D5DFF84C000168F7
:1081900021F00041E86B0143DFF83C0001602868F2
:1081A000000509D5DFF83000016831F48041286C02
:1081B0000143DFF8240001602868C00409D5DFF816
:1081C000F803016821F04041686C0143DFF8E803DF
:1081D00001600020BDE8F2838C3802404038024044
:1081E0000070004070380240400E4742083802409C
:1081F000FFFCFF0F7CB5040000252078C0076FD579
:10820000DFF8CC03006810F00C0004280BD0DFF876
:10821000C003006810F00C0008280ED1DFF8A0039E
:108220000068400209D5DFF8A0030068800357D535
:108230006068002854D10120B5E16068B0F5803F46
:1082400008D1DFF88403006850F48030DFF8781339
:10825000086024E06068B0F5A02F10D1DFF8680353
:10826000006850F48020DFF860130860DFF85803DE
:10827000006850F48030DFF8501308600FE0DFF83A
:108280004803006830F48030DFF83C130860DFF802
:108290003803006830F48020DFF82C130860606831
:1082A00000280ED000F0BCFD0500DFF81C030068BC
:1082B000800315D400F0B4FD401B6528F5D30320DE
:1082C00071E100F0ADFD0500DFF8FC0200688003FD
:1082D00006D500F0A5FD401B6528F5D3032062E11B
:1082E000207880075CD5DFF8E802006810F00C0FFA
:1082F0000BD0DFF8DC02006810F00C0008281AD15F
:10830000DFF8BC020068400215D4DFF8BC02006848
:10831000800704D5E068012801D0012043E1DFF89F
:10832000A802006830F0F800216950EAC100DFF8C7
:108330009812086034E0E06800281ED00120DFF8C1
:108340009412086000F06CFD0500DFF87C02006804
:10835000800706D400F064FD401B0328F5D30320FA
:1083600021E1DFF86402006830F0F800216950EA8A
:10837000C100DFF85412086012E00020DFF8541248
:10838000086000F04DFD0500DFF83C020068800742
:1083900006D500F045FD401B0328F5D3032002E17C
:1083A0002078000726D56069002812D00120DFF868
:1083B0002812086000F034FD0500DFF810020068A4
:1083C000800717D400F02CFD401B0328F5D30320B1
:1083D000E9E000208049086000F022FD05007B48AC
:1083E0000068800706D500F01BFD401B0328F6D36C
:1083F0000320D8E02078400740F1808000267748AD
:108400000068C0000FD4002000907448006850F04D
:108410008050724908607148006810F080500090E8
:108420000098012006006E480068C00513D46C480F
:10843000006850F480706A49086000F0F1FC0500A3
:1084400067480068C00506D400F0EAFC401B03281A
:10845000F6D30320A7E0A068012806D15948006898
:1084600050F00100574908601BE0A06805280CD1B6
:108470005448006850F004005249086051480068B0
:1084800050F001004F4908600BE04E48006840087A
:1084900040004C4908604B48006830F004004949EE
:1084A0000860A06800280FD000F0BAFC050045481D
:1084B0000068800718D400F0B3FC401B41F28931FA
:1084C0008842F4D303206EE000F0AAFC05003D488A
:1084D0000068800708D500F0A3FC401B41F28931F9
:1084E0008842F4D303205EE03000C0B2012805D1F9
:1084F0003A48006830F0805038490860A069002888
:1085000050D03348006810F00C00082848D0A0690B
:10851000022834D100203349086000F081FC0600B5
:1085200029480068800106D500F07AFC801B0328EA
:10853000F6D3032037E0E169206A0143606A51EA1B
:108540008011A06A4008401E51EA0041E06A51EAE9
:108550000061206B51EA0071194801600120214936
:10856000086000F05DFC050017480068800119D420
:1085700000F056FC401B0328F6D3032013E0002034
:108580001849086000F04CFC05000F4800688001A5
:1085900008D500F045FC401B0328F6D3032002E079
:1085A000012000E0002076BDE0114742680047420C
:1085B00000380240D81047429438024084380240C4
:1085C00004380240703802400038024074380240DB
:1085D0000838024000004742800E474240380240BF
:1085E000007000406000474270B504000D00002C90
:1085F00001D101209CE05B48006810F00F00A84208
:1086000009D2584805705748006810F00F00A8427A
:1086100001D001208CE02078800719D52078400710
:1086200005D55148006850F4E0504F490860207863
:10863000000705D54C48006850F460404A4908607E
:108640004948016831F0F001A068014346480160E3
:108650002078C00736D56068012805D143480068F6
:10866000800313D4012063E06068022802D06068B0
:10867000032805D13D480068800107D4012057E058
:108680003A480068800701D4012051E0364801686B
:1086900089088900606801433348016000F0C0FB2D
:1086A00006003148006810F00C006168B0EB810FE3
:1086B00008D000F0B5FB801B41F289318842F0D32D
:1086C000032035E02748006810F00F00854209D2EA
:1086D000244805702348006810F00F00A84201D01C
:1086E000012025E02078400707D51F48016831F4B4
:1086F000E051E06801431C4801602078000708D57C
:108700001948006830F46040216950EAC1001649F8
:10871000086000F07DFE1649134A1268C2F3031286
:10872000895CC84013490860002000F07FFB0020EE
:1087300070BD10480068704780B5FFF7FAFF0E491A
:10874000094A1268C2F38222895CC84002BD80B522
:10875000FFF7EFFF0849044A1268C2F34232895C0E
:10876000C84002BD003C02400838024000380240C8
:1087700044EA0208040000207CEA020838B504003C
:10878000002C01D1012020E04CF6CC40216808608B
:1087900045F2555021680860606821684860A0680B
:1087A0002168886000F03CFB05002068C068002854
:1087B00006D000F035FB401B3128F6D3032004E03F
:1087C0004AF6AA2021680860002032BD80B500204A
:1087D0000090DFF8C004006850F48040DFF8B41463
:1087E0000860DFF8B004006810F480400090009842
:1087F00000200090DFF8A004006850F08050DFF8FF
:1088000098140860DFF89004006810F08050009021
:1088100000980320FBF721F8002200217FF00B00D5
:10882000FBF721F8002200217FF00A00FBF71BF87C
:10883000002200217FF00900FBF715F8002200213B
:108840007FF00400FBF70FF8002200217FF0030007
:10885000FBF709F8002200217FF00100FBF703F885
:10886000002200215FF0FF30FAF7FDFF01BD016833
:10887000DFF82C24914203D10121DFF82824116074
:10888000704710B586B004002068DFF81C148842D9
:108890001FD100200090DFF80004006850F4004071
:1088A000DFF8F4130860DFF8F003006810F400400C
:1088B0000090009838200190022002900020039040
:1088C000032004900620059001A9DFF8D003FCF7EF
:1088D00053FC06B010BD10B586B004002068DFF868
:1088E000CC13884239D100200590DFF8AC03006832
:1088F00050F40020DFF8A0130860DFF89C03006844
:1089000010F40020059005984FF48060009002203C
:1089100001900120029003200390082004906946F2
:10892000DFF88C03FCF728FC4FF400600090022075
:1089300001900120029003200390082004906946D2
:10894000DFF87003FCF718FC002200213420FAF74E
:108950008AFF3420FAF79CFF9AE12068DFF8581369
:10896000884238D100200590DFF82C03006850F4CD
:108970008010DFF824130860DFF81C03006810F48F
:108980008010059005984FF48050009002200190CF
:108990000120029003200390082004906946DFF82C
:1089A0001403FCF7E9FB0420009002200190012051
:1089B000029003200390082004906946DFF8F0023B
:1089C000FCF7DAFB002200213520FAF74CFF3520B6
:1089D000FAF75EFF5CE12068DFF8E012884229D1F7
:1089E00000200590DFF8B002006850F08040DFF80A
:1089F000A8120860DFF8A002006810F0804005901F
:108A000005984FF4C0700090022001900120029060
:108A100003200390082004906946DFF8A402FCF7C5
:108A2000ABFB002200215220FAF71DFF5220FAF77B
:108A30002FFF2DE12068DFF88C12884228D100201A
:108A40000590DFF85402006850F00040DFF848124B
:108A50000860DFF84402006810F0004005900598B7
:108A60000320009002200190012002900320039037
:108A7000082004906946DFF84802FCF77DFB0022DD
:108A800000215320FAF7EFFE5320FAF701FFFFE031
:108A90002068DFF83412884229D100200590DFF8E1
:108AA000F401006850F04000DFF8E8110860DFF8DA
:108AB000E401006810F04000059005984FF4404034
:108AC00000900220019001200290032003900B20CF
:108AD00004906946DFF8D801FCF74EFB0022002124
:108AE0005820FAF7C0FE5820FAF7D2FED0E02068EE
:108AF000DFF8D811884226D100200590DFF89401D4
:108B0000006850F08000634908606248006810F017
:108B10008000059005980C20009002200190012013
:108B20000290032003900B2004906946DFF8900127
:108B3000FCF722FB002200215920FAF794FE59206D
:108B4000FAF7A6FEA4E020686149884225D10020FA
:108B500005905048006850F010004E4908604D489C
:108B6000006810F01000059005984FF4C060009068
:108B7000022001900120029003200390072004901E
:108B800069465448FCF7F8FA002200212520FAF73C
:108B90006AFE2520FAF77CFE7AE020684E4988427A
:108BA00024D1002005903C48006850F400303A4938
:108BB00008603948006810F400300590059860207E
:108BC00000900220019001200290032003900720D2
:108BD000049069463648FCF7CFFA0022002126208F
:108BE000FAF741FE2620FAF753FE51E020683B4990
:108BF000884225D1002005902748006850F4802045
:108C0000254908602448006810F4802005900598E4
:108C10004FF4407000900220019001200290032048
:108C200003900720049069462148FCF7A5FA00222A
:108C300000212720FAF717FE2720FAF729FE27E060
:108C400020682749884223D10020059011480068F8
:108C500050F020000F4908600E48006810F0200016
:108C600005900598C02000900220019001200290FC
:108C7000032003900820049069460E48FCF77CFA14
:108C8000002200214720FAF7EEFD4720FAF700FE08
:108C900006B010BD44380240403802400004024093
:108CA000002800403C0E4742003C0040004C004081
:108CB000000C0240000802400050004000780040D4
:108CC00000100240007C004000180140001C0140E0
:108CD00000100140000002400044004000480040F5
:108CE00000140140010091F83500022803D08020D3
:108CF0004865012009E0052081F835000868006812
:108D0000400840000A6810600020704770477047B4
:108D100062F30F2262F31F42401810F0030308D0E1
:108D2000C91A1FD3DB0748BF00F8012D28BF20F860
:108D3000022D130030B414461546103928BF20E91F
:108D40003C00FAD8490728BF20E90C0048BF40F88A
:108D5000042D890028BF20F8022D48BF00F8012DFE
:108D600030BC7047C91818BF00F8012DCB0728BFC9
:108D700000F8012D7047000062B38B0708D0521E27
:108D800011F8013B00F8013B00F024808B07F6D17D
:108D9000830740F0208000BF103A07D330B4B1E819
:108DA0003810103AA0E83810F9D230BC530724BF6D
:108DB000B1E80810A0E8081044BF51F8043B40F89F
:108DC000043BD20724BF31F8022B20F8022B44BF0A
:108DD0000B7803707047121F17D35B0009D151F84D
:108DE000043B20F8023B1B0C121F20F8023BF6D27A
:108DF0000BE051F8043B00F8013B1B0A20F8023B52
:108E00001B0C121F00F8013BF3D238BF121D521E7B
:108E100024BF11F8013B00F8013BF8D8704700006F
:108E200001480068704700BF246C002010B50400A2
:108E30004FF47A700D490978B0FBF1F00C490968DC
:108E4000B1FBF0F0FAF72FFD002801D001200CE073
:108E5000102C09D2002221005FF0FF30FAF703FD49
:108E600004480460002000E0012010BD280000201C
:108E7000040000200000002070B504000D00160062
:108E8000002C01D1022013E084F8BC630020C4F858
:108E900074030020C4F87803200000F00AF82800CA
:108EA000002801D0C4F8C453200000F045FB002086
:108EB00070BD010000200F2806D2002201EB8003C4
:108EC000C3F87C23401CF6E70022B2F5007F06D2EF
:108ED000002001EB020383F81C01521CF5E700207F
:108EE000087000204870012088700020C1F8B80385
:108EF000012008764020887100204876002081F803
:108F00001C03012081F81D030020704710B40200EB
:108F10000023002910D0D2F8780300280AD1D2F813
:108F20007803441CC2F8784302EB8000C0F8701349
:108F3000002002E0022000E00220C0B210BC704716
:108F400010B4020000200B0092F83643DBB2A342BB
:108F500002D282F81F1301E002231800C0B210BC35
:108F60007047F0B404000025002604F232372800D0
:108F700040B202282BDA280040B25FF01A0C10FB36
:108F80000CF038440A30060070798C465FFA8CFC8D
:108F9000604503D00800C0B2FF2816D1B0799446CE
:108FA0005FFA8CFC604503D01000C0B2FF280CD1E2
:108FB000F0799C465FFA8CFC604503D01800C0B283
:108FC000FF2802D12800C0B202E06D1CCFE7FF20CD
:108FD000F0BC704710B50400200000F0E9FA012150
:108FE000200000F0F6FB002010BD38B584B004006E
:108FF00002208DF80C0000252078002815D00128CB
:1090000020D002281FD0032800F0D38005284DD09F
:10901000062800F0AF8007285AD0082864D0092815
:109020006DD00A2800F0BB80D3E094F81E0300281E
:1090300007D001202070C82000F01BFC200000F0A9
:1090400009FBC6E0C5E0642000F013FC200000F03E
:10905000EBFA84F81D03052020700021200000F0A9
:1090600031FC60718021200000F02CFC2071A0797F
:1090700080B202900020019094F81D03009094F8B3
:109080001C3380222179200000F0F9FBA07980B206
:1090900002900020019094F81D03009094F81C3376
:1090A00000226179200000F0EAFB92E0200000F04D
:1090B00093F800280BD1002084F81F0394F83103A3
:1090C000012802D10820207001E00720207080E0F4
:1090D000D4F8C403002806D001212000D4F8C4230A
:1090E00090470820207074E094F8371389B220006C
:1090F00000F0CAFC002801D10920207069E0D4F8F2
:109100007803002835D00020C4F87403002005003F
:109110002800C0B2002814D12800C0B204EB80009F
:10912000D0F87003007994F84113884207D12800E1
:10913000C0B204EB8000D0F87003C4F874036D1C57
:10914000E6E7D4F87403002811D02000D4F8741393
:1091500089688847002807D1062020700321200055
:10916000D4F8C423904704E00C20207001E00C20C8
:1091700020702EE0D4F8740300280DD02000D4F81D
:109180007413096988478DF80C009DF80C000028BD
:1091900004D10A20207001E00C20207019E0D4F8DE
:1091A0007403002804D02000D4F874134969884758
:1091B0000FE02000FFF77DFED4F87403002807D0ED
:1091C0002000D4F87413C96888470020C4F87403D9
:1091D000FFE7002005B030BD3EB5040001256078F2
:1091E00000280DD002283ED034D3042871D067D394
:1091F000062800F08C8076D3072800F09C80AEE033
:109200000821200000F0A3FB002822D194F82703B6
:10921000A07101206070A07980B2029000200190BE
:1092200094F81D03009094F81C33802221792000CB
:1092300000F025FBA07980B202900020019094F804
:109240001D03009094F81C3300226179200000F087
:1092500016FB84E01221200000F079FB002801D1E8
:10926000022060707BE00121200000F0F6FB002866
:1092700025D1022000F0FDFA012084F81C03032010
:109280006070A07980B202900020019094F81D03D4
:10929000009094F81C3380222179200000F0EFFA2E
:1092A000A07980B202900020019094F81D030090F4
:1092B00094F81C3300226179200000F0E0FA4EE0BF
:1092C0000921200000F062FB002801D10420607019
:1092D00045E0B4F83413200000F058FB002801D119
:1092E000052060703BE094F82E0300280CD0FF238B
:1092F00014F58E7294F82E13200000F064FB002801
:1093000004D10620607001E00620607027E094F828
:109310002F0300280CD0FF2314F58E7294F82F131E
:10932000200000F050FB002804D10720607001E00D
:109330000720607013E094F8300300280CD0FF235E
:1093400014F58E7294F83013200000F03CFB0028D6
:1093500004D10020050001E000200500FFE72800FF
:10936000C0B23EBDC0F8B813704710B50400D4F8C1
:10937000B803401CC4F8B803200000F001F810BD89
:1093800010B5040020780A2808D1D4F87403002806
:1093900004D02000D4F874138969884710BD10B533
:1093A0000400207800280CD1012084F81E03D4F892
:1093B000C40300280AD004212000D4F8C423904715
:1093C00004E02078012801D102202070002010BD87
:1093D00010B50400200000F009F92179200000F008
:1093E00089FA6179200000F085FA002084F81E03D4
:1093F000D4F8C403002804D005212000D4F8C423E5
:109400009047200000F0D4F803202070002010BD09
:10941000F0B500240025002600271E48006810F043
:109420000C00002804D0042804D0082804D02FE021
:1094300019482EE019482CE01948006810F03F0048
:1094400004001748006840020CD515480068C0F3B6
:1094500088101249A1FB00012200002300F07AFDD0
:1094600005000BE00E480068C0F388100A49A1FB14
:1094700000012200002300F06DFD0500084800688F
:10948000C0F30140401C40000600B5FBF6F000E0D0
:109490000148F0BD083802400024F40040787D0106
:1094A0000438024010B586B004002068B0F1A04F27
:1094B0002AD14FF4C0500190022002900020039066
:1094C000032004900A20059001A93448FBF754FEBC
:1094D0003348006850F08000314908600020009057
:1094E0003048006850F480402E4908602D480068DC
:1094F00010F4804000900098002200214320FAF7E9
:10950000B2F94320FAF7C4F906B010BD10B5040053
:10951000D4F89402FFF729FF10BD10B50400D4F869
:109520009402FFF73CFF10BD10B50400D4F894027C
:10953000FFF74EFF10BD704710B5040094F8BC0350
:10954000012828D11848C0F894421748C4F8C0032D
:109550005FF0A040144908600C2013498860032084
:109560001149C86000201049086102200E49886135
:1095700000200D49C8610C4800F004FE002803D00B
:10958000D8210A48FBF7E2FD074801F0E5F80100A1
:109590002000FFF7E7FE002010BD000000000240A1
:1095A0003438024044380240E8510020C4E7020841
:1095B00070B5040000260025D4F8C00301F08FF830
:1095C00001000800C0B2002805D0022807D004D34B
:1095D000032806D007E0002006E0022004E0012076
:1095E00002E0022000E00220C0B270BD70B50400AD
:1095F00000260025D4F8C00301F088F80100080017
:10960000C0B2002805D0022807D004D3032806D012
:1096100007E0002006E0022004E0012002E0022032
:1096200000E00220C0B270BD38B504000125D4F8B6
:10963000C00301F097F8002803D0022805D002D318
:1096400005E0002004E0012002E0022000E001200B
:10965000C0B232BD70B5040000260025D4F8C003A6
:1096600001F067F801000800C0B2002805D0022808
:1096700007D004D3032806D007E0002006E002202C
:1096800004E0012002E0022000E00220C0B270BD30
:1096900038B504000D002900C9B2D4F8C00301F0A8
:1096A00055F832BD2DE9FE4304000D0016001F00E1
:1096B0005FF000095FF00008BDF8300002909DF8EF
:1096C0002C0001909DF8280000903B00DBB2320096
:1096D000D2B22900C9B2D4F8C00300F081FD010064
:1096E0000800C0B2002805D0022807D004D3032800
:1096F00006D007E0002006E0022004E0012002E09E
:10970000022000E00220C0B2BDE8FE83F8B50400EC
:109710000D00002700262900C9B2D4F8C00300F0CC
:10972000C8FD01000800C0B2002805D0022807D0FB
:1097300004D3032806D007E0002006E0022004E05E
:10974000012002E0022000E00220C0B2F2BD2DE9BB
:10975000F84384B004000D0016001F005FF00009FC
:109760005FF000089DF83C000390BDF838000290BF
:109770000D9801909DF8300000903B00DBB2320064
:10978000D2B22900C9B2D4F8C00300F0AAFD01008A
:109790000800C0B2002805D0022807D004D303284F
:1097A00006D007E0002006E0022004E0012002E0ED
:1097B000022000E00220C0B205B0BDE8F08338B559
:1097C00004000D002900C9B2D4F8C00300F0B7FFAF
:1097D00032BD38B504000D0094F8BC030128C82040
:1097E00001F036FE002032BD30B40300D3F8C04390
:1097F0000D00EDB22820454304EB050090F83B0036
:10980000002808D00D00EDB22820454304EB0500E8
:1098100080F8502007E00D00EDB22820454304EB0E
:10982000050080F85120002030BC704730B40200A1
:109830000024D2F8C0330D00EDB22820454303EBDD
:10984000050090F83B00002808D00D00EDB228205C
:10985000454303EB050090F8500007E00D00EDB222
:109860002820454303EB050090F85100C0B230BCFE
:10987000704710B50400200001F0EAFD10BDFEB5F0
:1098800004000D0016001F00BDF8280002909DF88E
:10989000240001909DF8200000903B00DBB23200D4
:1098A000D2B22900C9B22000FFF7FCFE0020FEBDA5
:1098B00038B504000D002900C9B22000FFF726FFCB
:1098C000002032BD38B504000D00200000F027F85C
:1098D000010089B24FF6FF72914209D02900C9B246
:1098E00051F40041020092B204EB8202C2F87C13F0
:1098F000C0B232BD02000800C0B20B280DDA080069
:10990000C0B202EB8000D0F87C034004400C0B0096
:10991000DBB202EB8303C3F87C0300207047010035
:10992000002000221000C0B20B280DDA1000C0B2D7
:1099300001EB8000D0F87C03000403D4D2B2100005
:1099400080B203E0521CEDE74FF6FF7070477CB524
:1099500004000D002800C0B280B2009014F58E7390
:109960004FF480720021200000F050F80600C0B2D1
:10997000002808D12A00D2B292B214F58E7114F5E3
:10998000487000F0ADF83000C0B276BDF8B5040004
:109990000D0014F11C07280080B200903B004FF42A
:1099A00000720021200000F031F80600C0B200284B
:1099B00006D12A0092B2390004F2323000F0BFF82A
:1099C0003000C0B2F2BD2DE9FC4104000D001600CC
:1099D0001F00380080B2009014F58E732A00D2B2B6
:1099E00052F4407292B20021200000F00FF880463D
:1099F000C0B2002806D13A0092B2310014F58E7040
:109A000000F036F94046C0B2BDE8F6812DE9F041DC
:109A100005000E0090461F00069CA878012814D16E
:109A200056F08000287406206874A5F8128040461D
:109A300080B210F47F40B0F5407F03D140F209407E
:109A4000A88201E00020A882EC82220092B23900B4
:109A5000280000F038F9BDE8F08138B504000D00A9
:109A6000A07801280AD10020207405206074280005
:109A7000C0B260820020A0820020E082002200218B
:109A8000200000F020F932BD38B504000D00A078A8
:109A9000012808D10020207409206074658200200C
:109AA000A0820020E08200220021200000F00BF9BB
:109AB00032BD38B504000D00A07801280AD102207B
:109AC000207401206074002060822800C0B2A0824F
:109AD0000020E08200220021200000F0F4F832BDD6
:109AE00010B40B7803704B7843708B78CC782402D9
:109AF000E31843800B7903714B7943718B79837140
:109B0000CB79C37113009BB2092B16DB0B7A4C7A0D
:109B10002402E31803818B7ACC7A2402E318438170
:109B20000B7B4C7B2402E31883818B7B8373CB7B81
:109B3000C3730B7C03744B7C437410BC70472DE9DA
:109B4000F84F04000D00160028005FF000095FF0D8
:109B5000000AAB462978217069786170A978EA78A3
:109B60001202511861802979217169796171A9798D
:109B7000A171E979E171297A2172310089B20A294A
:109B800051DB0920ADF8000000200700484640B234
:109B9000022848DABDF800006188884243D269464D
:109BA000584600F087F883469BF801000428EDD161
:109BB000484640B21A2110FB01F020440A30070049
:109BC0005946380000F031F80020824600208046D7
:109BD000504640B2397900B209B2884220DABDF865
:109BE0000000618888421BD26946584600F062F83E
:109BF00083469BF801000528EAD1484640B21A2165
:109C000010FB01F02044514649B200EBC100143072
:109C100080465946404600F01BF81AF1010AD7E782
:109C200019F10109B2E7BDE8F18F0A7802704A78AC
:109C300042708A788270CA78C2700A7902714A7951
:109C400042718A798271CA79C2710A7A0272704746
:109C50000A7802704A7842708A788270CA78C27034
:109C60000A794B791B029A1882808A79827170472F
:109C700070B44578032D1BD11500ADB20678B61E21
:109C8000B54202DB0478A41E00E01400801C00250D
:109C90002B001D002600ADB2B6B2B54206D21D00A3
:109CA000ADB2455D0D70491C9B1CF2E700250D709F
:109CB00070BC704702000888137850FA83F008805F
:109CC000107810447047F8B504000D001600012705
:109CD000A078012802D0022809D020E0A560A68142
:109CE000012020760220A0700120070017E020004C
:109CF00000F018F807003800C0B2002806D1012093
:109D0000A070002020760020070007E03800C0B2D5
:109D1000022803D10120A07002200700FFE73800CD
:109D2000C0B2F2BDF8B5040001260027207E01284C
:109D300016D0C0F00B81032846D01AD3052868D06E
:109D40004ED3072800F0988071D3092800F0BC801A
:109D5000C0F09E800B2800F0E180C0F0C380F5E0E9
:109D6000627914F11001200001F086FB02202076B8
:109D7000ECE061792000FFF722FD07003800C0B257
:109D800001281AD1207C10F080000500E08A00280C
:109D900009D02800C0B2802802D10320207612E02A
:109DA000052020760FE02800C0B2802802D10920CB
:109DB000207608E00720207605E03800C0B20428AD
:109DC00001D10B202076C1E0D4F8B803E0812379DB
:109DD000A289A168200001F085FB04202076B5E06F
:109DE00021792000FFF7EBFC07003800C0B2012802
:109DF00001D1092020763800C0B2052802D1032005
:109E0000060005E03800C0B2042801D10B202076FE
:109E10009CE0012000906379A289A168200001F0F4
:109E200040FBD4F8B803E081062020768EE061790B
:109E30002000FFF7C4FC07003800C0B2012802D19F
:109E40000720207617E03800C0B2052804D10C2086
:109E50002076032006000EE03800C0B2022802D1AE
:109E60000520207607E03800C0B2042803D10B207B
:109E700020760220060069E02379002200212000DC
:109E800001F030FBD4F8B803E081082020765DE0D3
:109E900021792000FFF793FC07003800C0B20128A9
:109EA00004D10D202076002006000CE03800C0B25E
:109EB000042802D10B20207605E03800C0B2052826
:109EC00001D10320060041E00120009063790022C7
:109ED0000021200001F0E5FAD4F8B803E0810A205F
:109EE000207633E061792000FFF769FC0700380035
:109EF000C0B2012804D1002006000D2020760CE01D
:109F00003800C0B2022802D10920207605E03800CE
:109F1000C0B2042801D10B20207617E0607E401CDF
:109F20006076607E032807DA2000FFF75FFB0120E0
:109F300020760120A07008E006212000D4F8C42378
:109F400090470020607602200600FFE73000C0B294
:109F5000F2BD0000BBBBE1B1B2F5803F80F07E8076
:109F6000022A1ED98C46B1FBF2F102FB11C31B047D
:109F700043EA1043B3FBF2FC02FB1C3380B240EA1D
:109F80000343B3FBF2F002FB103240EA0C40002323
:109F90007047022A05D98446B0FBF2F002FB10C2DA
:109FA00070474AB105D100F0010249085FEA30006C
:109FB000704700220023704701F0E6BA0B00020050
:109FC000002100207047904271EB030CF6D3B3F5EB
:109FD000803F2FD2F0B5B3FA83F7B1FA81F4A7F13D
:109FE0000F0E3D1B5340CEF1200602FA0EF2F34154
:109FF0005340B5F10F0746D80F3C2C444140C4F103
:10A000002006A040F1414140B1FBF3F603FB1611DD
:10A01000A2FB0645001BA94102D2761E80185941B9
:10A0200080EA010221FA0EF362FA0EF200215A4090
:10A030003046F0BD30B4B1FBF3FC03FB1C11A2FBB6
:10A040000C45001BA94103D2ACF1010C8018594109
:10A0500030BC02460B46604600217047B2F1807F5B
:10A0600065D3F0B5B2FA82F7B1FA81F4C7F10F0601
:10A070003D1B22FA06F307F1110EF24120355A403A
:10A08000B5F10F07B8D94140C4F12006A040F14115
:10A090004140B1FBF3FC03FB1C11A2FB0C45001B70
:10A0A000A94103D2BCF1010C801859410F2F12D3E2
:10A0B0000F3FC90341EA5041B1FBF3F603FB161110
:10A0C000A2FB0645D4EBC030A94102D2761E80180F
:10A0D000594146EACC3C07B34140C7F12006B8409D
:10A0E000F1414140B1FBF3F603FB1611A2FB06451B
:10A0F000001BA94102D2761E8018594180EA010254
:10A1000021FA0EF3C7F1200462FA0EF20CFA07F0FE
:10A110005A402CFA04F13043F0BD80EA010221FAE2
:10A120000EF3002162FA0EF260465A40F0BD8C46F2
:10A13000B1FBF2F102FB11C31B0243EA1063B3FB54
:10A14000F2FC02FB1C331B024CEA002043EA1063C2
:10A15000B3FBF2FC02FB1C331B024CEA002043EA77
:10A160001063B3FBF2FC02FB1C331B024CEA002021
:10A1700043EA1063B3FBF2FC02FB1C324CEA002002
:10A180000023704710B58AB00400002C01D10120D3
:10A1900024E0032084F891022000FFF783F920686F
:10A1A00001F032FA211D83B068463422FEF7F4FD37
:10A1B0000EBC206801F0EAF90121206801F02BFAB9
:10A1C000211D83B068463422FEF7E6FD0EBC2068F0
:10A1D00001F0C2FA012084F8910200200AB010BDFB
:10A1E0002DE9FE4F0700884691469A460C9C0D9D2E
:10A1F0000E9E5FF0000B97F89002012801D102201B
:10A2000055E0012087F890024146C9B22820414319
:10A2100007EB010080F838A04146C9B2282041432D
:10A2200007EB0100A0F840604146C9B22820414335
:10A2300007EB010080F839804146C9B2282041432C
:10A2400007EB010080F83F5019F07F014246D2B27F
:10A250002820424307EB020080F83A104946C9B271
:10A26000C9094246D2B22820424307EB020080F8D7
:10A270003B104146C9B22820414307EB010080F85A
:10A280003C40300080B202902800C0B20190200013
:10A29000C0B200905346DBB24A46D2B24146C9B280
:10A2A000386801F044FB002187F89012C0B2BDE885
:10A2B000FE8F70B504000D00002694F8900201286E
:10A2C00001D102200CE0012084F890022900C9B2DB
:10A2D000206801F026FD002084F890023000C0B212
:10A2E00070BD2DE9F84F0700884691469A460A9CB2
:10A2F000DDF82CB00C9D0D9E4146C9B2282041438B
:10A3000007EB010080F83B904146C9B22820414349
:10A3100007EB010080F83FA02000C0B2002809D15F
:10A3200003214246D2B22820424307EB020080F8C4
:10A33000421008E002214246D2B22820424307EBF5
:10A34000020080F842105046C0B2002807D0022810
:10A350004AD0C0F0DB80032800F09880DFE02000C6
:10A36000C0B201283FD14846C0B200283BD12800E6
:10A3700080B2002808D101214246D2B228204243AF
:10A3800007EB020080F851104146C9B22820414332
:10A3900007EB010090F85100002809D10021424646
:10A3A000D2B22820424307EB020080F8421008E0B6
:10A3B00002214246D2B22820424307EB020080F835
:10A3C00042104146C9B22820414307EB010090F8F2
:10A3D0005C00022807D04146C9B22820414307EB60
:10A3E000010080F83D609AE04846C0B200282FD1B5
:10A3F0004146C9B22820414307EB010090F85100C3
:10A40000002809D100214246D2B22820424307EB5E
:10A41000020080F8421008E002214246D2B2282011
:10A42000424307EB020080F842104146C9B228209F
:10A43000414307EB010090F85C00022825D041461B
:10A44000C9B22820414307EB010080F83D601CE0C1
:10A450004146C9B22820414307EB010090F8500063
:10A46000002809D100214246D2B22820424307EBFE
:10A47000020080F8421008E002214246D2B22820B1
:10A48000424307EB020080F8421048E04846C0B261
:10A4900000281DD14146C9B22820414307EB0100E5
:10A4A00090F85100002809D100214246D2B228205C
:10A4B000424307EB020080F8421026E002214246A8
:10A4C000D2B22820424307EB020080F842101CE081
:10A4D0004146C9B22820414307EB010090F85000E3
:10A4E000002809D100214246D2B22820424307EB7E
:10A4F000020080F8421008E002214246D2B2282031
:10A50000424307EB020080F8421008E00021424677
:10A51000D2B22820424307EB020080F842104146A5
:10A52000C9B22820414307EB0100C0F844B029001C
:10A5300089B24246D2B22820424307EB020081642E
:10A5400000214246D2B22820424307EB020080F8A5
:10A550005C1000214246D2B22820424307EB0200A1
:10A56000C1644146C9B22820414307EB010080F88D
:10A57000398000214246D2B22820424307EB020034
:10A5800080F85D103A69D2B24146C9B228204143F1
:10A5900007EB010010F13801386801F0C3FABDE89B
:10A5A000F28FF8B50400256800260027206801F026
:10A5B000B1F8012840F09280206801F0A5F8002849
:10A5C00000F08C80206801F09FF8800203D55FF4D2
:10A5D000001021684861206801F096F8C00203D598
:10A5E0005FF4801021684861206801F08DF8400117
:10A5F00003D55FF0806021684861206801F084F82D
:10A60000800702D5022021684861206801F07CF8AB
:10A61000800012D515F58860006830F02E0015F521
:10A62000886108602000FEF77FFF0121206801F0AB
:10A6300003F95FF0005021684861206801F064F878
:10A64000C00102D5200000F09DFE206801F05CF8FA
:10A65000000705D52000FEF759FF08202168486152
:10A66000206801F051F8800124D5206801F054FBE6
:10A67000070000200600A068864217D23800F0408C
:10A68000C00711D515EB461010F5A0600068000456
:10A6900005D53100C9B2200000F06AF804E03100AD
:10A6A000C9B2200000F033FB761CE4E75FF00070D5
:10A6B00021684861206801F027F8C0060ED520689F
:10A6C000806930F0100021688861200000F0D8FD1A
:10A6D0002068806950F0100021688861F1BD10B5D4
:10A6E000040094F89002012801D102200DE001201D
:10A6F00084F89002206800F080FF0121206801F0BA
:10A70000DFF8002084F89002002010BD10B504008E
:10A7100094F89002012801D1022009E0012084F878
:10A720009002206801F0E6FB002084F890020020EF
:10A7300010BD10B50400206801F0A7F810BDC9B223
:10A7400028225143084490F85C007047C9B228227F
:10A7500051430844C06C704710B50400206801F0F4
:10A76000E1F810BD10B50400206801F0D0F810BD6C
:10A77000F8B504000D00266800272800C0B216EBCB
:10A78000401010F5A0608068400718D52800C0B2BE
:10A7900016EB401010F5A060042181602800C0B2C3
:10A7A00016EB401010F5A0602900C9B216EB41115C
:10A7B00011F5A061C96851F00201C16081E0280073
:10A7C000C0B216EB401010F5A0608068800608D576
:10A7D0002800C0B216EB401010F5A0602021816067
:10A7E0006FE02800C0B216EB401010F5A060806842
:10A7F00000072ED52800C0B216EB401010F5A0605F
:10A800002900C9B216EB411111F5A061C96851F0D8
:10A810000201C16005212A00D2B22820424304EB84
:10A82000020080F85D102800C0B216EB401010F551
:10A83000A060102181602800C0B216EB401010F516
:10A84000A060082181602900C9B2206801F069FA7E
:10A8500037E02800C0B216EB401010F5A060806809
:10A8600040052ED52800C0B216EB401010F5A060B0
:10A870002900C9B216EB411111F5A061C96851F068
:10A880000201C1602900C9B2206801F04AFA28001B
:10A89000C0B216EB401010F5A060102181600821B5
:10A8A0002A00D2B22820424304EB020080F85D1057
:10A8B0002800C0B216EB401010F5A0604FF4806184
:10A8C00081602800C0B216EB401010F5A0608068CF
:10A8D00080051ED52800C0B216EB401010F5A06010
:10A8E0002900C9B216EB411111F5A061C96851F0F8
:10A8F0000201C1602900C9B2206801F012FA2800E3
:10A90000C0B216EB401010F5A0604FF400718160EA
:10A91000FCE12800C0B216EB401010F5A060806882
:10A92000C00740F1A9802069002817D02900C9B2CA
:10A930002820414304EB0100816C2800C0B216EBD3
:10A94000401010F5A06000694003400B091A2A006E
:10A95000D2B22820424304EB0200C16401212A0044
:10A96000D2B22820424304EB020080F85D1000219F
:10A970002A00D2B22820424304EB0200816528005D
:10A98000C0B216EB401010F5A060012181602900D3
:10A99000C9B22820414304EB010090F83F00002891
:10A9A00009D02900C9B22820414304EB010090F8E6
:10A9B0003F0002281DD12800C0B216EB401010F550
:10A9C000A0602900C9B216EB411111F5A061C96858
:10A9D00051F00201C1602900C9B2206801F0A1F95B
:10A9E0002800C0B216EB401010F5A0601021816065
:10A9F0002FE02900C9B22820414304EB010090F860
:10AA00003F00032825D12800C0B216EB401010F5F6
:10AA1000A060006850F000502900C9B216EB411147
:10AA200011F5A061086001212A00D2B2282042431A
:10AA300004EB020080F85C102900C9B228204143D1
:10AA400004EB010090F85C202900C9B22000FEF759
:10AA500072FD2900C9B22820414304EB010090F89F
:10AA6000501091F001012A00D2B22820424304EB99
:10AA7000020080F8501049E12800C0B216EB4010E7
:10AA800010F5A0608068800740F1A1802800C0B266
:10AA900016EB401010F5A0602900C9B216EB411169
:10AAA00011F5A061C96831F00201C1602900C9B285
:10AAB0002820414304EB010090F85D00012809D1F2
:10AAC00001212A00D2B22820424304EB020080F880
:10AAD0005C1066E02900C9B22820414304EB010064
:10AAE00090F85D00052809D105212A00D2B228205E
:10AAF000424304EB020080F85C1052E02900C9B226
:10AB00002820414304EB010090F85D00062809D09D
:10AB10002900C9B22820414304EB010090F85D00F0
:10AB200008283ED12900C9B22820414304EB010086
:10AB3000816D4A1C2B00DBB22820434304EB030049
:10AB40008265042911D300212A00D2B22820424371
:10AB500004EB0200816504212A00D2B2282042437E
:10AB600004EB020080F85C1008E002212A00D2B257
:10AB70002820424304EB020080F85C102800C0B299
:10AB800016EB401010F5A060006830F0804050F0E7
:10AB9000004007002800C0B216EB401010F5A0607E
:10ABA00007602800C0B216EB401010F5A06002212B
:10ABB00081602900C9B22820414304EB010090F8CC
:10ABC0005C202900C9B22000FEF7B5FC9EE02800F9
:10ABD000C0B216EB401010F5A0608068000635D5B5
:10ABE0002800C0B216EB401010F5A0602900C9B2D1
:10ABF00016EB411111F5A061C96851F00201C16065
:10AC00002900C9B22820414304EB0100816D491C91
:10AC10002A00D2B22820424304EB020081650621BB
:10AC20002A00D2B22820424304EB020080F85D10D3
:10AC30002900C9B2206801F074F82800C0B216EBF0
:10AC4000401010F5A060802181605FE02800C0B254
:10AC500016EB401010F5A0608068C00656D529009C
:10AC6000C9B22820414304EB010090F83F000328BB
:10AC700014D12800C0B216EB401010F5A0602900D6
:10AC8000C9B216EB411111F5A061C96851F002017A
:10AC9000C1602900C9B2206801F043F803212A00ED
:10ACA000D2B22820424304EB020080F85D10280055
:10ACB000C0B216EB401010F5A06010218160290091
:10ACC000C9B22820414304EB010090F83F0000285E
:10ACD00009D02900C9B22820414304EB010090F8B3
:10ACE0003F00022812D12800C0B216EB401010F528
:10ACF000A060006830F0804050F00040070028005D
:10AD0000C0B216EB401010F5A0600760F1BD70B541
:10AD100004000D0026682800C0B216EB401010F5A4
:10AD2000A0608068400718D52800C0B216EB40101C
:10AD300010F5A060042181602800C0B216EB40101D
:10AD400010F5A0602900C9B216EB411111F5A06100
:10AD5000C96851F00201C16091E22800C0B216EB4F
:10AD6000401010F5A060806880063AD52800C0B277
:10AD700016EB401010F5A060202181602900C9B2B7
:10AD80002820414304EB010090F83D00012840F0E9
:10AD9000768204212A00D2B22820424304EB02002A
:10ADA00080F85D102800C0B216EB401010F5A060CE
:10ADB0002900C9B216EB411111F5A061C96851F023
:10ADC0000201C1602900C9B2206800F0AAFF022177
:10ADD0002A00D2B22820424304EB020080F85C1023
:10ADE0004DE22800C0B216EB401010F5A06080685C
:10ADF00040062ED504212A00D2B22820424304EB7B
:10AE0000020080F85D1000212A00D2B228204243BF
:10AE100004EB020081652800C0B216EB401010F56B
:10AE2000A0602900C9B216EB411111F5A061C968F3
:10AE300051F00201C1602900C9B2206800F071FF21
:10AE40002800C0B216EB401010F5A06040218160D0
:10AE500015E22800C0B216EB401010F5A060806823
:10AE600080051ED52800C0B216EB401010F5A0607A
:10AE70002900C9B216EB411111F5A061C96851F062
:10AE80000201C1602900C9B2206800F04AFF280011
:10AE9000C0B216EB401010F5A0604FF40071816055
:10AEA000EDE12800C0B216EB401010F5A0608068FC
:10AEB000C0072ED500212A00D2B22820424304EB3D
:10AEC000020081652800C0B216EB401010F5A060AA
:10AED0002900C9B216EB411111F5A061C96851F002
:10AEE0000201C1602900C9B2206800F01AFF2800E1
:10AEF000C0B216EB401010F5A06001218160012165
:10AF00002A00D2B22820424304EB020080F85D10F0
:10AF1000B5E12800C0B216EB401010F5A0608068C3
:10AF2000000726D52800C0B216EB401010F5A0602F
:10AF3000082181602800C0B216EB401010F5A06017
:10AF40002900C9B216EB411111F5A061C96851F091
:10AF50000201C1602900C9B2206800F0E2FE0521AB
:10AF60002A00D2B22820424304EB020080F85D1090
:10AF700085E12800C0B216EB401010F5A060806893
:10AF8000C0062ED500212A00D2B22820424304EB6D
:10AF9000020081652800C0B216EB401010F5A060D9
:10AFA0002900C9B216EB411111F5A061C96851F031
:10AFB0000201C1602900C9B2206800F0B2FE03217D
:10AFC0002A00D2B22820424304EB020080F85D1030
:10AFD0002800C0B216EB401010F5A060102181606F
:10AFE0004DE12800C0B216EB401010F5A06080685B
:10AFF000000626D52800C0B216EB401010F5A06060
:10B000002900C9B216EB411111F5A061C96851F0D0
:10B010000201C1602900C9B2206800F082FE062149
:10B020002A00D2B22820424304EB020080F85D10CF
:10B030002800C0B216EB401010F5A060802181609E
:10B040001DE12800C0B216EB401010F5A06080682A
:10B0500040052FD52800C0B216EB401010F5A060B7
:10B060002900C9B216EB411111F5A061C96851F070
:10B070000201C1602900C9B2206800F052FE280018
:10B08000C0B216EB401010F5A060102181602800BE
:10B09000C0B216EB401010F5A0604FF480618160E3
:10B0A00008212A00D2B22820424304EB020080F893
:10B0B0005D10E4E02800C0B216EB401010F5A0606F
:10B0C0008068800740F1DB802800C0B216EB40109A
:10B0D00010F5A0602900C9B216EB411111F5A0616D
:10B0E000C96831F00201C1602900C9B2282041437A
:10B0F00004EB010090F85D00012826D101212A000F
:10B10000D2B22820424304EB020080F85C102900F0
:10B11000C9B22820414304EB010090F83F00022807
:10B1200040F098802900C9B22820414304EB010077
:10B1300090F8511091F001012A00D2B22820424328
:10B1400004EB020080F8511084E02900C9B22820E5
:10B15000414304EB010090F85D00032809D102216E
:10B160002A00D2B22820424304EB020080F85C108F
:10B1700070E02900C9B22820414304EB010090F897
:10B180005D00042812D102212A00D2B228204243B5
:10B1900004EB020080F85C1000212A00D2B22820C3
:10B1A000424304EB020080F83D1053E02900C9B28D
:10B1B0002820414304EB010090F85D00052809D1E7
:10B1C00005212A00D2B22820424304EB020080F875
:10B1D0005C103FE02900C9B22820414304EB010084
:10B1E00090F85D00062809D02900C9B22820414303
:10B1F00004EB010090F85D0008282BD12900C9B2AA
:10B200002820414304EB0100816D4A1C2B00DBB276
:10B210002820434304EB03008265042911D3002155
:10B220002A00D2B22820424304EB020081650421A7
:10B230002A00D2B22820424304EB020080F85C10BE
:10B2400008E002212A00D2B22820424304EB020087
:10B2500080F85C102800C0B216EB401010F5A0601A
:10B26000022181602900C9B22820414304EB01007A
:10B2700090F85C202900C9B22000FEF75CF970BD8F
:10B280002DE9F04705002E680020002100272A68DC
:10B29000D2F8208018F00F09C8F3434AC8F30A1403
:10B2A0005246022A02D0052A66D066E0002C62D0FF
:10B2B0004946C9B22820414305EB0100406C0028F3
:10B2C00059D0220092B24946C9B22820414305EB29
:10B2D0000100416C286800F003FA4946C9B22820F1
:10B2E000414305EB0100406C00EB04014A46D2B239
:10B2F0002820424305EB020041644946C9B2282098
:10B30000414305EB0100C16C61184A46D2B22820C6
:10B31000424305EB0200C1644846C0B216EB401040
:10B3200010F5A06000691649084224D04846C0B212
:10B3300016EB401010F5A060006830F0804050F02F
:10B34000004007004846C0B216EB401010F5A06060
:10B3500007604946C9B22820414305EB010090F837
:10B36000501091F001014A46D2B22820424305EB29
:10B37000020080F8501000E0FFE7BDE8F087000011
:10B380000000F81F3EB50400256815F588600068C8
:10B39000019015F5886000680090009830F02E004C
:10B3A0000090019880070FD50198C00708D5206844
:10B3B000806930F00050216888612000FEF7ADF808
:10B3C000009850F0020000900198000733D50098D3
:10B3D00050F008000090019840071ED5A06902288F
:10B3E0000FD1019810F4C020B0F5802F04D10221B4
:10B3F000206800F021FA0CE00121206800F01CFA1E
:10B4000007E0E068032804D14EF6602015F580615E
:10B4100048602000FEF781F80DE015F588600068AF
:10B4200030F02E0015F5886108602068806950F0C2
:10B430000050216888610198800603D5009850F07B
:10B4400020000090009815F58861086037BD000065
:10B4500070B50400FDF7E4FC0500260016F1010FAD
:10B4600002D0044800783618FDF7DAFC401BB042E1
:10B47000FAD370BD280000207FB504000D0016002F
:10B4800000200390082002900195002000900023E6
:10B4900000223100C9B22000FEF759F9002004B0A3
:10B4A00070BD2DE9FF4105000E0090461F000A9C6B
:10B4B00095F81D03002801D0002004002000C0B230
:10B4C0000390404680B20290019601200090002334
:10B4D00000223900C9B22800FEF739F9002004B073
:10B4E000BDE8F081F8B584B004000D0016001F001F
:10B4F00000200390300080B202900195012000905E
:10B50000002301223900C9B22000FEF720F90020F3
:10B5100005B0F0BD2DE9FF4105000E0090461F006B
:10B520000A9C95F81D03002801D00020040020008B
:10B53000C0B20390404680B2029001960120009074
:10B54000022300223900C9B22800FEF700F90020CA
:10B5500004B0BDE8F081F8B584B004000D00160019
:10B560001F0000200390300080B20290019501205E
:10B570000090022301223900C9B22000FEF7E7F84B
:10B58000002005B0F0BD0000704700000EB418B5F3
:10B5900004000898012817D1A06B30F48030A06314
:10B5A000E168DFF8F0000140E160E06830F440104D
:10B5B000E0600F98012803D1E06850F48010E0604B
:10B5C000200000F0ABF809E0E06850F04000E060D7
:10B5D000200000F0A3F85FF48030A06306980128F3
:10B5E00007D1A06850F00600A060A06850F02000CD
:10B5F000A060002012BC5DF810FB0100886850F0CC
:10B600000100886000207047010088684008400001
:10B6100088600020704738B504000D00E06830F005
:10B62000C040E0602800C0B2012804D1E06850F0BA
:10B630000050E06007E02800C0B2002803D1E068B5
:10B6400050F08040E0603220FFF702FF002032BD62
:10B6500002000023880150F0200010615B1CDFF81D
:10B66000F400834201D3032003E010698006F5D47F
:10B67000002070470100002210200861521CDFF8F2
:10B68000D400824201D3032003E00869C006F5D448
:10B6900000207047BFFFBDFFF0B50500059C0026E8
:10B6A00000272000C0B2002818D1180080B2C01CAA
:10B6B0008008060000200700B7420FD2D1F800C072
:10B6C00096465FFA8EFE4FF4805000FB0E5E1EF52C
:10B6D000805ECEF800C07F1C091DEDE70020F0BDA4
:10B6E00030B4030000201500ADB2ED1CAD080024FD
:10B6F000AC4206D213F5805000680860641C091D36
:10B70000F6E7080030BC70470200002350699169D9
:10B7100008407047406910F00100704701000022A6
:10B72000521C0C48824201D3032011E00869002812
:10B73000F6D50023086950F0010008615B1C05483C
:10B74000834201D3032003E00869C007F6D4002038
:10B7500070470000410D03000EB430B50400002016
:10B7600014F560610860A06B50F40010A0630598A8
:10B7700003280BD1B4F1A04F08D014F58060006805
:10B7800050F0040014F58061086007E014F5806053
:10B79000006830F0040014F580610860102120007A
:10B7A000FFF756FF2000FFF765FF0025049885424C
:10B7B0000ED214EB451010F5A0605FF0FF318160F0
:10B7C00014EB451010F5A0600021C1606D1CEDE781
:10B7D0000121200000F074F8C820FFF739FE002096
:10B7E000A0615FF0FF306061B4F1A04F09D180200B
:10B7F0006062DFF80C05A062DFF80805C4F80001FC
:10B8000009E04FF400706062DFF8FC04A062DFF82A
:10B81000FC04C4F800010698002803D1A06950F088
:10B820001000A061A169DFF8E8040143A1610020D4
:10B8300030BC5DF810FB0000020012F5806000686B
:10B840008008800012F58063186012F5806000683F
:10B850000B00DBB213F00303184312F5806318608A
:10B860000800C0B2012805D14BF6803012F5806384
:10B87000586008E00800C0B2022804D141F270709C
:10B8800012F580635860002070471CB5040014F561
:10B89000886000680090009830F02E0000900098BA
:10B8A00050F4807014F5886108600A20FFF7D0FD1D
:10B8B000009830F4807014F588610860002016BD8F
:10B8C00081B0020012F5886000680090009830F0A6
:10B8D0002E0000900098C00409D40800C0B20128CE
:10B8E00005D1009850F4805012F5886318600098D4
:10B8F000C00409D50800C0B2002805D1009830F472
:10B90000805012F588631860002001B0704781B044
:10B91000010011F58860006800900098C0F3414074
:10B9200001B0704710F58060806880B270472DE9E3
:10B93000F0410700069C079E089D0800C0B217EB67
:10B94000401010F5A0605FF0FF3CC0F808C0300068
:10B95000C0B2002805D0022803D059D3032837D01D
:10B9600075E00800C0B217EB401010F5A06040F27F
:10B970009D4CC0F80CC0100613D50800C0B217EBE0
:10B98000401010F5A0608C465FFA8CFC17EB4C1C45
:10B990001CF5A06CDCF80CC05CF4807CC0F80CC01A
:10B9A00015E0B7F1A04F12D00800C0B217EB40105D
:10B9B00010F5A0608C465FFA8CFC17EB4C1C1CF554
:10B9C000A06CDCF80CC05CF0600CC0F80CC03EE071
:10B9D0000800C0B217EB401010F5A06040F29D6C5B
:10B9E000C0F80CC0100612D50800C0B217EB40100A
:10B9F00010F5A0608C465FFA8CFC17EB4C1C1CF514
:10BA0000A06CDCF80CC05CF4807CC0F80CC01EE0BC
:10BA10000800C0B217EB401010F5A06040F2252CD2
:10BA2000C0F80CC0100612D50800C0B217EB4010C9
:10BA300010F5A0608C465FFA8CFC17EB4C1C1CF5D3
:10BA4000A06CDCF80CC05CF4C07CC0F80CC017F52E
:10BA5000806080695FF0010C1CFA01FC5CEA000068
:10BA600017F5806CCCF81800B86950F00070B86118
:10BA700094465FFA8CFC5FEADC1C1CF0010C200091
:10BA8000C0B2022802D15FF0010E01E05FF0000EAB
:10BA90001800C0B2800510F0FE5090465FFA88F89A
:10BAA0005FEAC82818F4F04858EA00005FFA8CFCF6
:10BAB00050EACC305FFA8EFE50EA4E40B4465FFA50
:10BAC0008CFC5FEA8C4C1CF4402C5CEA0000AC4619
:10BAD0001FFA8CFC5FEA4C5C5FEA5C5C5CEA00008D
:10BAE0008C465FFA8CFC17EB4C1C1CF5A06CCCF858
:10BAF00000003000C0B2032811D10800C0B217EB1B
:10BB0000401010F5A060006850F000508C465FFABD
:10BB10008CFC17EB4C1C1CF5A06CCCF80000002032
:10BB2000BDE8F0812DE9FE4F04000D001600002055
:10BB30008DF8000000275FF0000A4FF480785FF076
:10BB4000000BB4F1A04F23D02879002820D1300079
:10BB5000C0B2002808D16879012805D16978200091
:10BB600000F0A3F90020C8E03000C0B201280FD1D6
:10BB7000687814EB401010F5A060697814EB41115F
:10BB800011F5A061C96831F06001C16000206871E1
:10BB90002869002813D0286929894018401E29895E
:10BBA000B0FBF1F94046494680B289B2884208D2DA
:10BBB000C146494689B228894143296101E05FF0C5
:10BBC0000109E878002804D0494689B22889414310
:10BBD0002961687814EB401010F5A06029694903C9
:10BBE000490B4A4692B24B4B13EAC2431943AA7A15
:10BBF000520712F0C042114301613000C0B2002868
:10BC000006D0687814EB401010F5A060E968416137
:10BC100014F58060D0F808A01AF0010A9AF0010A21
:10BC2000687814EB401010F5A060697814EB4111AE
:10BC300011F5A061096831F000510160687814EBDA
:10BC4000401010F5A060697814EB411111F5A06166
:10BC500009685246D2B251EA42710160687814EB29
:10BC6000401010F5A060006830F0804050F00040B7
:10BC70000190687814EB401010F5A0600199016004
:10BC80003000C0B2002837D1E878002834D12869C4
:10BC9000002831D0E879002805D0022803D011D33C
:10BCA00003280FD01FE02869C01C80080700E06A45
:10BCB00080B2390089B2884203D2A06950F02000D6
:10BCC000A06110E02869C01C8008070014F580609E
:10BCD000006980B2390089B2884203D2A06950F06D
:10BCE0008060A061FFE7002000902B699BB26A781A
:10BCF000E9682000FFF7D0FC0020BDE8FE8F0000BF
:10BD000080006000E0004000000200010003E0004D
:10BD1000080020A30000F81F10F58060406980B281
:10BD2000704710B4020000230800C0B212EB4010AC
:10BD300010F5A0600068C0F3814000280AD0080018
:10BD4000C0B212EB401010F5A0600068C0F3814053
:10BD5000022853D10800C0B212EB401010F5A060C9
:10BD6000006850F080400C00E4B212EB441414F56B
:10BD7000A0642060D06A10F47F0F2ED10800C0B2FA
:10BD800012EB401010F5A060006820F000400C009D
:10BD9000E4B212EB441414F5A06420600800C0B2B1
:10BDA00012EB401010F5A060006850F000400C004D
:10BDB000E4B212EB441414F5A06420605B1C40F262
:10BDC000E93083426ED20800C0B212EB401010F589
:10BDD000A06000680028F1D464E00800C0B212EB53
:10BDE000401010F5A060006850F000400C00E4B274
:10BDF00012EB441414F5A064206053E00800C0B2B4
:10BE000012EB401010F5A060006850F080400C006C
:10BE1000E4B212EB441414F5A064206012F58060C3
:10BE2000006900042ED10800C0B212EB401010F5DA
:10BE3000A060006820F000400C00E4B212EB441453
:10BE400014F5A06420600800C0B212EB401010F599
:10BE5000A060006850F000400C00E4B212EB441403
:10BE600014F5A06420605B1C40F2E930834219D2D3
:10BE70000800C0B212EB401010F5A0600068002866
:10BE8000F1D40FE00800C0B212EB401010F5A06032
:10BE9000006850F000400C00E4B212EB441414F5BA
:10BEA000A0642060002010BC704730B40200012361
:10BEB00000240800C0B212EB401010F5A0601D0075
:10BEC000EDB2ED0455F0004505610800C0B212EB7B
:10BED000401010F5A060056835F0804555F000452C
:10BEE0000800C0B212EB401010F5A0600560002001
:10BEF00030BC7047F8B5050000262800FFF784FB2A
:10BF000010212800FFF7A4FB2800FFF7B3FB002057
:10BF10000100C9B2102916DA0100C9B215EB4111AE
:10BF200011F5A061096851F0804121F0004131F420
:10BF300000410C000100C9B215EB411111F5A061DF
:10BF40000C60401CE4E700273800C0B2102824DA57
:10BF50003800C0B215EB401010F5A060006850F03A
:10BF6000804050F0004030F4004004003800C0B27F
:10BF700015EB401010F5A0600460761C40F2E9302B
:10BF8000864208D23800C0B215EB401010F5A06010
:10BF900000680028F1D47F1CD6E75FF0FF3015F56C
:10BFA000806148615FF0FF3068612800FFF725FB82
:10BFB0000020F2BD00F5E0700268914203D2806873
:10BFC0000028F9D1704743681A449142F7D270476C
:10BFD0001B49D1F8D801A8B94FF48050C1F8DC0151
:10BFE0004FF480324FF0FF30C1F8E401C1F8E801AE
:10BFF000C1F8E0210420C1F8EC01C1F8BC011148EE
:10C00000C1F8D8010120704701F1080313F0070FB0
:10C010000EBF0023C3F1080303F007031944D21A2B
:10C020008161C26042F001034B60091D4FF0280C92
:10C0300041F802C0024AD2F8E831C36170470000FB
:10C04000A06100206859883C2DE9F04F83B0064676
:10C05000AFF30080F52E1E4D80F01D820B2E31BFF8
:10C0600010260B36F608F6002868F408E04010F0B9
:10C07000030F4CD0C04300F00100041905F1280063
:10C0800000EBC4074FEAC408BE687068C008C0006F
:10C09000404518BF01F0FCF9D6F80890BE4208BF31
:10C0A00001F0F6F94E4508BF01F0F2F97068C008DA
:10C0B000C000404518BF01F0EBF94F450AD1286890
:10C0C000012101FA04F420EA04042C6010E000BF0E
:10C0D000A06100202869814508D3D9F80C10B1422D
:10C0E00004D1C7F80890C9F80C7001E001F0D0F94C
:10C0F00048F00300311D7060301D51F8082042F0F7
:10C10000010240F8082006F1080800F022BFA968E3
:10C11000B14280F0B783002800F0A580012707FA1C
:10C1200004F1490000FA04F4484201430C40604223
:10C130000440641E200B00F01000C440610901F0AF
:10C140000801CC40A20802F00402D440630803F0C6
:10C1500002030818DC401018C4F3400818184044C3
:10C1600024FA08F4241805F1280000EBC40A4FEA69
:10C17000C408DAF80890D9F80400C008C0004045A7
:10C1800018BF01F085F9D9F808B0D14508BF01F012
:10C190007FF9D94508BF01F07BF9D9F80400C00840
:10C1A000C000404518BF01F073F9DA4506D1286890
:10C1B00007FA04F420EA04042C600DE029698B4599
:10C1C00008D3DBF80C00484504D1CAF808B0CBF816
:10C1D0000CA001E001F05CF9A8EB060846F00300B2
:10C1E00009F10402C9F8040048F00101915109EB7A
:10C1F0000602019242F80880AC684FEAD40ABAF10C
:10C200001F0F88BF01F044F92CB3CDF800A005F151
:10C2100028006E6900EBCA0AD346102C38BF01F023
:10C2200037F92968009821FA00F2D30703D4874030
:10C230000F432F6007E0DAF80800296988422CBF15
:10C24000834601F025F9CAF80860CBF80C60C6F8FF
:10C2500008B0C6F80CA0C5F8088009F108080198D4
:10C26000686100F076BE6868002800F02D834142C6
:10C270000840401E010B01F01001C840420902F0C5
:10C280000802D040830803F00403D840440804F0B7
:10C2900002045118E0405918C0F34007611805F531
:10C2A000987C3944F84040185CF820104868C00871
:10C2B000C0008946A0EB060A08E001464868C008AD
:10C2C000C000801B50453CBF824689460869002853
:10C2D000F3D149690029F1D128698145C0F0D8809E
:10C2E000D9F80410C90806EB0A07C900B94218BFFB
:10C2F00001F0CEF809EB06008145019080F0C8807E
:10C30000D9F80C40D9F818804C450DD0D9F8080060
:10C310002969884223D3C2684A4504BFA1684945B8
:10C320001DD1C460A0601CE009F114010C6834B98F
:10C3300009F110010C68A4B101E011460C6804F188
:10C3400014021068002802BF04F1100210680028CF
:10C35000F3D12869814202D300220A6001E001F092
:10C3600097F8B8F1000F3ED0D9F81C0005F5987188
:10C3700001EB80010A6891450AD13CBB6A68012340
:10C3800003FA00F022EA00006860002008602AE05A
:10C390002969884517D3D8F81000484514BFC8F854
:10C3A0001440C8F81040F4B129698C4219D3C4F87C
:10C3B0001880D9F8100058B1884226BF20618461E6
:10C3C00001F066F804E001F063F8ECE70C60EBE7DD
:10C3D000D9F8140038B12969884202D360618461B8
:10C3E00001E001F055F8BAF1100F0CD247F003004C
:10C3F00009F10401C9F8040009F10400CA5942F026
:10C400000102C2513EE046F0030109F10402C9F8FD
:10C4100004104AF001009051019941F80AA0A8685F
:10C420000090C4081F2C88BF01F032F8009828B390
:10C4300005F128000099D5F8148000EBC407BB462D
:10C44000102938BF01F024F8286820FA04F1CA073F
:10C4500005D4012101FA04F404432C6006E0B86815
:10C46000296988422CBF834601F012F8C7F808807A
:10C47000CBF80C80C8F808B0C8F80C70C5F808A054
:10C480000198686119F1080800F0FC8100F061BDB5
:10C4900000F0FEFFF6E116F1400F28BF4FF0FF3627
:10C4A00080F0F0810B36F6086B68F600002B00F088
:10C4B000E9810027300AC6F1000808BF002423D014
:10C4C000B0F5803F28BF1F241ED2A0F58071090C53
:10C4D00001F008018840A0F58052120C02F004021D
:10C4E0009040A0F58044240CC1F10E0104F0020438
:10C4F000891A091BA04001EBD031C81D26FA00F4AF
:10C5000004F0010404EB410405F5987151F824008E
:10C5100040B31F2C0FBFB4464FEA540CCCF1190C9A
:10C5200006FA0CFCBE46414601E04FEA4C0C42685C
:10C53000D208D200921B8A4207D3426910304FEAD8
:10C54000DC7850F828003AB103E011000746F4D136
:10C5500005E0824218BF96460028E6D1704688461C
:10C56000B8BBC7BB012101FA04F464006042044374
:10C57000234000F08781584203405B1E180B00F0F7
:10C580001000C340590901F00801CB409A0802F09D
:10C590000402D3405C0804F002040818E3401018B9
:10C5A000C3F3400C201805F5987E604423FA0CF381
:10C5B0001B185EF823000CE008464168C908C90052
:10C5C000891B41453CBF8846074601690029F3D1D4
:10C5D00040690028F1D1002F00F05481A868801B29
:10C5E000804580F04F8129698F42FFF451AF786810
:10C5F000C00806EB080AC000504518BF00F048FF0D
:10C6000007EB060B5F45BFF443AFFC68D7F8189003
:10C61000BC420CD0B8682969884223D3C268BA42A8
:10C6200004BFA168B9421DD1C460A0601CE007F13D
:10C6300014010C6834B907F110010C68A4B101E0D1
:10C6400011460C6804F114021068002802BF04F1BE
:10C65000100210680028F3D12869814202D3002219
:10C660000A6001E000F014FFB9F1000F3BD0F86957
:10C6700005F5987101EB80010A6897420AD134BB35
:10C680006A68012303FA00F022EA000068600020D3
:10C69000086028E02969894516D3D9F81000B84206
:10C6A00014BFC9F81440C9F81040E4B129698C429C
:10C6B00017D3C4F81890386958B1884226BF206152
:10C6C000846100F0E5FE04E000F0E2FEEDE70C60BE
:10C6D000ECE7786938B12969884202D360618461E6
:10C6E00001E000F0D5FEB8F1100F0BD24AF00300C4
:10C6F000391D7860381D51F80A2042F0010240F8D7
:10C700000A20BBE046F003013A1D796048F00100C1
:10C7100090514FEAD8004BF808801F2822D805F125
:10C72000280101EBC004296821FA00F2D307A146D1
:10C7300005D4012202FA00F00843286006E0A06850
:10C74000296988422CBF814600F0A2FEC4F808B0D7
:10C7500007F10800C9F80CB040F8069007F10C0189
:10C760008C518BE05FEA182008BF002123D0B0F580
:10C77000803F28BF1F211ED2A0F58072120C02F04C
:10C7800008029040A0F58051090C01F00401884096
:10C79000A0F580431B0CC2F10E0203F00203521AF3
:10C7A000D21A984002EBD032D01D28FA00F101F0E5
:10C7B000010101EB420105F5987202EB810007F1DE
:10C7C0001402CBF81C100023935107F1100293516F
:10C7D0006A6822FA01F3DC0711D4012303FA01F19C
:10C7E00011436960C0F800B0CBF8180007F10801E8
:10C7F00007F10C0040F806B041F806B03EE00268D0
:10C800001F291DBF4908C1F1190108FA01F141466C
:10C8100000E002465068C008C000404518D002F150
:10C820001003C80F03EB8003490018680028F0D1FB
:10C830002869834220D3C3F800B007F10C01CBF87C
:10C84000182041F806B007F1080040F806B015E0DE
:10C85000296990688A4228BF88420DD3C0F80CB07D
:10C8600007F10801C2F808B0885107F10C008251A5
:10C870000022CBF8182001E000F00AFE17F10808AA
:10C8800040F06783A868B0421ED3811B6A691029F3
:10C890000AD3141DA96041F001009319A051595009
:10C8A00046F0030656600BE00021A96040F0030447
:10C8B000111D5460141D0E5846F001062650002329
:10C8C0006B6102F1080844E3E8688642C0F03183F6
:10C8D000D5F8D80108B9FFF77BFBD5F8E011881926
:10C8E0002F30491E20EA01018E4280F03083D5F8B6
:10C8F000B80140B1D5F8B02189188A4280F0278369
:10C900008842C0F0248300F0C7FD00281CBF0768E0
:10C9100010F1010F00F01B83D5F8B011AC69791844
:10C92000C5F8B011D5F8B021D5F8B4118A4238BF96
:10C930000A46C5F8B42114BB296909B1884200D25E
:10C9400028610021C5F8CC114FF0FF31D5F8D8216E
:10C950006A622962C5F8C001C5F8C471002105F1F9
:10C9600028029260D26002F1080353611361891CAE
:10C9700010321F29F5D9A7F12802014619E005F563
:10C98000E071804600E08968B9B108684A680244ED
:10C990009045F8D1087B02070FD40A6894420CD363
:10C9A0004B681A44944208D2FB184B602146E86851
:10C9B0003A182846FFF728FBB8E22869804538BFB7
:10C9C000C5F8108005F5E07008EB070100E080680D
:10C9D000002800F0B08102688A42F8D1017B0A0782
:10C9E00000F1A9810168C0F800804268BF18476063
:10C9F00008F1080010F0070F04D0C0F1080000F0A3
:10CA00000700804401F1080212F0070F06D001F17F
:10CA10000800C0F1080000F0070001440F46A7EB32
:10CA2000080008EB0604A0EB060B46F00306C8F866
:10CA30000460BC4228BF00F02BFD3879C10758BF05
:10CA400000F026FDBBF1100F38BF00F021FDA869F2
:10CA5000874208D1E9688B44C5F80CB0AC614BF053
:10CA60000100606064E1686987420AD1A9686C616D
:10CA70008B44C5F808B04BF00100606044F80BB07F
:10CA800056E1786800F00301012940F0B380C00846
:10CA9000C000C1081F2902903DD8BA680092FE6804
:10CAA0000191B74208BF00F0F3FC0098874208BF2D
:10CAB00000F0EEFC78680199C008C000B0EBC10F2F
:10CAC00018BF00F0E5FC0199009A05F1280000EB81
:10CAD000C100824208D011462A699142C0F0858087
:10CAE000CA68BA4240F0818000998E4206D101980E
:10CAF0002A68012383409A432A6078E0864205D061
:10CB000029698E4271D3B068B8426ED10098C66070
:10CB10000099B1606BE0B8690090FE68BE420CD02D
:10CB2000B8682969884223D3C268BA4204BFB16891
:10CB3000B9421DD1C660B0601CE007F114010E6857
:10CB400036B907F110010E68A6B101E011460E6872
:10CB500006F114021068002802BF06F110021068E6
:10CB60000028F3D12869814202D300220A6001E043
:10CB700000F08EFC0098002839D0F86905F598710E
:10CB800001EB80010A6897420AD126BB6A6801233B
:10CB900003FA00F022EA000068600020086026E046
:10CBA00000992869814213D30869B84214BF4E61C5
:10CBB0000E61E6B129698E4217D30098B0613869D9
:10CBC00058B1884226BF3061866100F061FC04E004
:10CBD00000F05EFCEDE70E60ECE7786938B129699A
:10CBE000884202D37061866101E000F051FC029935
:10CBF0007F188B4479684908490079604BF001003F
:10CC000060604FEADB0644F80BB01F2E22D805F116
:10CC1000280000EBC607B946BBF1100F38BF00F083
:10CC200037FC286820FA06F1CA0705D4012101FA69
:10CC300006F606432E6006E0B868296988422CBFD4
:10CC4000814600F025FCBC60C9F80C40C4F808908F
:10CC5000E7606DE05FEA1B2008BF002123D0B0F53C
:10CC6000803F28BF1F211ED2A0F58072120C02F057
:10CC700008029040A0F58051090C01F004018840A1
:10CC8000A0F580431B0CC2F10E0203F00203521AFE
:10CC9000D21A984002EBD032D01D2BFA00F101F0ED
:10CCA000010101EB4201E161002305F59872636126
:10CCB00002EB810023616A6822FA01F3DE0707D4E0
:10CCC000012303FA01F1114369600460A0611DE0D2
:10CCD00002681F291DBF4908C1F119010BFA01F1B2
:10CCE000594600E002465068C008C000584510D0C0
:10CCF00002F11003C80F03EB8003490018680028F5
:10CD0000F0D12869834211D31C60A261E460A46061
:10CD10000EE0296990688A4228BF884206D3C46021
:10CD20009460A060E2600020A06101E000F0B0FB30
:10CD300008F108080DE121462846FFF73BF9016894
:10CD4000426801EB020AAAF1270111F007000EBFA9
:10CD50000021C1F1080101F007010AEB0100A0F177
:10CD60002F0B04F110018B4538BFA3460BF11802BD
:10CD7000002101920091A7F1280241462846FFF7C1
:10CD800043F90BF1080010F0070F18BF00F080FB0B
:10CD90001B20CBF8040005F5E07292E809500BF176
:10CDA0000801072281E8095000210BF10800C5F8AD
:10CDB000CC11C5F8C801C5F8C08101980099C5F823
:10CDC000C47100E0001D491C00F108035345426096
:10CDD000F8D30129D8BF00F05BFBA34500F0A68083
:10CDE000ABEB040B201D221D50F80B104908490025
:10CDF00042F80B104BF0010060604FEADB0A44F888
:10CE00000BB0BAF11F0F23D805F1280000EBCA08B8
:10CE10004746BBF1100F38BF00F03AFB286820FAF4
:10CE20000AF1CA0705D4012101FA0AF10843286072
:10CE300007E0D8F80800296988422CBF074600F0AF
:10CE400027FBC8F80840FC60A760C4F80C806DE0C0
:10CE50005FEA1B2008BF002123D0B0F5803F28BF28
:10CE60001F211ED2A0F58072120C02F00802904021
:10CE7000A0F58051090C01F004018840A0F5804321
:10CE80001B0CC2F10E0203F00203521AD21A984090
:10CE900002EBD032D01D2BFA00F101F0010101EBC1
:10CEA000420105F59872002302EB8100E1616361A4
:10CEB00023616A6822FA01F3DB0707D4012303FA2E
:10CEC00001F1114369600460A0611DE002681F293F
:10CED0001DBF4908C1F119010BFA01F1594600E0E3
:10CEE00002465068C008C000584510D002F1100337
:10CEF000C80F03EB8003490018680028F0D12869A7
:10CF0000834211D31C60A261E460A4600EE0296931
:10CF100090688A4228BF884206D3C4609460A060AB
:10CF2000E2600020A06101E000F0B2FAE868864209
:10CF30000DD2801BA969E8608A19AA6140F001003E
:10CF4000506046F003064E6001F1080801E04FF022
:10CF50000008AFF30080404600F095BA002800D1E9
:10CF600070472DE9F047A0F10805AFF30080DFF826
:10CF70001C6531698D42C0F08382686800F003024D
:10CF8000012A00F07D82C2084FEAC209C20705EB00
:10CF9000090839D42C6810F0030F00F06D8260424C
:10CFA00005448D42A144C0F06B827069854200F057
:10CFB000DD80E408202C71D2D5F80CA0AF6855456F
:10CFC00008BF00F065FABD4208BF00F061FA68686A
:10CFD000C008C000B0EBC40F18BF00F059FA06F14A
:10CFE000280000EBC400874205D031698F4252D33C
:10CFF000FA68AA424FD1BA453FD13068012101FAFF
:10D0000004F420EA04043460454580F03982D8F8FD
:10D010000440E00740F13482A10700F18281B06949
:10D02000804540F0B680F168B5618944C6F80C903F
:10D0300049F00100686071698D4202D10020706181
:10D04000B060F169494580F01782D6F8D80108B977
:10D05000FEF7BEFFB169002900F00E82F0682928B2
:10D0600024BF3046FEF7A6FFF069F168884280F0E1
:10D0700003824FF0FF30F061FEE1824506D0306957
:10D08000824508D3DAF80810A94204D1C7F80CA0E9
:10D09000CAF80870B8E700F0FBF9B5E7EC68AF69CB
:10D0A000AC420BD0A868884222D3C168A94204BF11
:10D0B000A268AA421CD1C460A0601BE005F1140262
:10D0C000146834B905F1100214689CB101E01A46E5
:10D0D000146804F114031868002802BF04F1100357
:10D0E00018680028F3D18A4202D30021116001E0C0
:10D0F00000F0CEF9002F87D0E86906F5987101EBB2
:10D1000080010A6895420AD124BB7268012303FAA0
:10D1100000F022EA000070600020086074E73169C6
:10D120008F4214D33869A84214BF7C613C61002C43
:10D130003FF46AAF31698C42ADD3A761286958B119
:10D14000884226BF2061846100F0A2F904E000F06B
:10D150009FF9ECE70C60EDE7686900283FF454AFF5
:10D160003169884297D3606184614DE798F8040083
:10D1700000F0030003287FF447AFC6F8089049F099
:10D180000101D8F8040040084000C8F804006960B4
:10D190000AE0706980450AD1B16875618944C6F8B2
:10D1A000089049F00100686045F8099064E1E408DE
:10D1B000E400A144E408202C3AD2D8F80CA0D8F816
:10D1C0000870D04508BF00F063F9B84508BF00F00B
:10D1D0005FF9D8F80400C008C000B0EBC40F18BF56
:10D1E00000F056F906F1280000EBC400874207D092
:10D1F00031698F42C0F08880FA68424540F08480EF
:10D20000BA4507D13068012101FA04F420EA040488
:10D2100034607BE0824506D03069824574D3DAF809
:10D220000810414570D1C7F80CA0CAF808706DE02D
:10D23000D8F80C40D8F8187044450DD0D8F808003C
:10D240003169884223D3C268424504BFA168414581
:10D250001DD1C460A0601CE008F114010C6834B951
:10D2600008F110010C68A4B101E011460C6804F14A
:10D2700014021068002802BF04F110021068002890
:10D28000F3D13069814202D300220A6001E000F04C
:10D29000FFF8002F3AD0D8F81C0006F5987101EB82
:10D2A00080010A6890450AD11CBB7268012303FA09
:10D2B00000F022EA000070600020086026E031697A
:10D2C0008F4213D33869404514BF7C613C61ECB197
:10D2D00031698C4218D3A761D8F8100058B1884240
:10D2E00026BF2061846100F0D3F804E000F0D0F89C
:10D2F000EDE70C60ECE7D8F8140038B131698842EA
:10D3000002D36061846101E000F0C2F849F00100DD
:10D31000686045F8099071698D420BD1C6F8089094
:10D32000AAE064086400C8F8044049F0010068609D
:10D3300045F809904FEAD907202F22D206F128009C
:10D3400000EBC704A046B9F1100F38BF00F0A0F8F9
:10D35000306820FA07F1CA0705D4012101FA07F75E
:10D360000743376006E0A068316988422CBF8046D9
:10D3700000F08EF8A560C8F80C50C5F80880EC6085
:10D380007AE05FEA192008BF002123D0B0F5803F82
:10D3900028BF1F211ED2A0F58072120C02F00802D5
:10D3A0009040A0F58051090C01F004018840A0F5DF
:10D3B00080431B0CC2F10E0203F00203521AD21A70
:10D3C000984002EBD032D01D29FA00F101F00101A2
:10D3D00001EB420106F59872002302EB8100E9613E
:10D3E0006B612B61726822FA01F3DC0707D4012319
:10D3F00003FA01F1114371600560A8611DE0026844
:10D400001F291DBF4908C1F1190109FA01F1494657
:10D4100000E002465068C008C000484510D002F144
:10D420001003C80F03EB8003490018680028F0D1EF
:10D430003069834211D31D60AA61ED60AD600EE0DA
:10D44000316990688A4228BF884206D3C5609560DA
:10D45000A860EA600020A86101E000F019F8306AD5
:10D46000401E08D13062D6F8C80100E0806800286C
:10D47000FCD14FF0FF303062AFF30080BDE8F087A1
:10D4800000F006F8F8E703B0BDE8F08FA0610020D7
:10D49000012000F017B800000749086808B1002013
:10D4A00070470648C008C00008600549C908C9009F
:10D4B000091A0160704700BF286C0020377C0020EB
:10D4C000308C002080B5AFF30080024A1100182094
:10D4D000ABBEFBE7260002002DE9FF4705005FF029
:10D4E0000008022650230622D5F87403017928008B
:10D4F000FBF737FD07003800C0B2FF2801D102203A
:10D50000B8E03900C9B22800FBF71AFD4FF480706B
:10D51000FEF79AFDD5F87413C861D5F87403C06995
:10D52000040095F81F131A20414305EB010090F801
:10D530004803000612D595F81F131A20414305EB46
:10D54000010090F84803E07195F81F131A20414339
:10D5500005EB0100B0F84A03608111E095F81F1354
:10D560001A20414305EB010090F84803A07195F89B
:10D570001F131A20414305EB0100B0F84A03208134
:10D5800095F81F131A20414305EB010090F8500352
:10D59000000612D595F81F131A20414305EB010030
:10D5A00090F85003E07195F81F131A20414305EBE2
:10D5B0000100B0F85203608111E095F81F131A20A2
:10D5C000414305EB010090F85003A07195F81F133B
:10D5D0001A20414305EB0100B0F8520320810020DE
:10D5E000A4F8F8000020A4F8FA000020207300201E
:10D5F00060730020A073A1792800FCF763F96071C3
:10D60000E1792800FCF75EF92071280000F0CBFAE0
:10D610005FF068085FF0000914F1900A4A4641463D
:10D620005046FBF775FB208902900220019095F887
:10D630001D03009095F81C33A27961792800FCF74E
:10D640001EF9608902900220019095F81D03009058
:10D6500095F81C33E27921792800FCF710F90022B3
:10D6600021792800FCF7C0F8002261792800FCF736
:10D67000BBF80020C0B204B0BDE8F08738B50400A4
:10D68000D4F87403C5696879002809D06979200045
:10D69000FCF70EF969792000FCF72CF9002068717D
:10D6A0002879002809D029792000FCF701F9297987
:10D6B0002000FCF71FF900202871D4F87403C0691A
:10D6C000002808D0D4F87403C06900F065FC00207D
:10D6D000D4F87413C861002032BDF8B50500D5F840
:10D6E0007403C6690127B07B002804D0022802D049
:10D6F000032830D038E03100280000F041FA07005C
:10D700003800C0B2032803D1002030600020070099
:10D710003800C0B200281DD13078401C3060002095
:10D7200004002000C0B23168884213D202212200D6
:10D73000D2B23420424306EB020080F8921000215E
:10D740002200D2B23420424306EB020080F8C1101E
:10D75000641CE6E708E000212800FCF7AAF900288D
:10D7600001D1F07BB073FFE73800C0B2F2BD2DE904
:10D77000F0410400D4F87403C569012601275FF065
:10D780000108287B002803D0012800F0DC81DDE1BE
:10D79000B5F8F8002968884280F0CA81B5F8F81019
:10D7A0003420414305EB0100012180F89110B5F8C8
:10D7B000F8103420414305EB010090F89000002858
:10D7C0000DD0022859D0032800F0EE80042813D091
:10D7D000052800F03981082800F0A381A7E1B5F8F9
:10D7E000F8103420414305EB0100042180F890102B
:10D7F000D4F8B803C5F8FC00B5F8F810342041435C
:10D8000005EB010010F19F02B5F8F810C9B2200035
:10D8100000F05DFC07003800C0B2002808D1B5F860
:10D82000F8103420414305EB0100022180F89010EC
:10D830003800C0B2022809D1B5F8F81034204143AD
:10D8400005EB0100052180F8901015E03800C0B20A
:10D85000042811D1B5F8F8103420414305EB01003C
:10D86000012180F89010B5F8F8103420414305EB01
:10D870000100022180F8911064E1B5F8F810C9B2F6
:10D88000200000F08BFB80464046C0B2002837D114
:10D89000B5F8F8103420414305EB010090F89200F0
:10D8A000002809D0B5F8F8103420414305EB0100F9
:10D8B000012180F8C11008E0B5F8F8103420414388
:10D8C00005EB0100002180F8C110B5F8F8103420F4
:10D8D000414305EB0100032180F89010B5F8F810E2
:10D8E0003420414305EB0100002180F89110B5F888
:10D8F000F8103420414305EB0100002180F892101C
:10D900004046C0B2022838D1B5F8F810342041435F
:10D9100005EB010090F89200022809D0B5F8F81044
:10D920003420414305EB0100012180F8C11008E0DB
:10D93000B5F8F8103420414305EB0100002180F8D0
:10D94000C110B5F8F8103420414305EB0100052162
:10D9500080F89010B5F8F8103420414305EB010031
:10D96000012180F89110B5F8F8103420414305EBFF
:10D970000100022180F8921015E04046C0B2042850
:10D9800011D1B5F8F8103420414305EB0100012115
:10D9900080F89010B5F8F8103420414305EB0100F1
:10D9A000022180F89110CDE0B5F8F8103420414301
:10D9B00005EB010010F19402B5F8F810C9B220008F
:10D9C00000F025FB07003800C0B2002817D1B5F8D9
:10D9D000F8103420414305EB0100012180F890103C
:10D9E000B5F8F8103420414305EB0100002180F820
:10D9F0009110B5F8F800401CA5F8F80023E03800B5
:10DA0000C0B2022809D1B5F8F8103420414305EB23
:10DA10000100052180F8901015E03800C0B20428FC
:10DA200011D1B5F8F8103420414305EB0100012174
:10DA300080F89010B5F8F8103420414305EB010050
:10DA4000022180F891107DE0B5F8F81034204143B0
:10DA500005EB010010F19C02B5F8F810C9B22000E6
:10DA600000F0CDFB07003800C0B2002834D1B5F873
:10DA7000F8103420414305EB010090F89C00062883
:10DA800009D0B5F8F8103420414305EB010090F8B7
:10DA90009C00022812D1D4F8B813D5F8FC00091A5A
:10DAA00042F21070814209D2B5F8F8103420414397
:10DAB00005EB0100022180F8901043E0B5F8F81062
:10DAC0003420414305EB0100012180F89010B5F8A6
:10DAD000F800401CA5F8F8003800C0B2022809D1AF
:10DAE000B5F8F8103420414305EB0100082180F817
:10DAF000901015E03800C0B2042811D1B5F8F81024
:10DB00003420414305EB0100012180F89010B5F865
:10DB1000F8103420414305EB0100022180F89110F8
:10DB200010E0B5F8F800401CA5F8F8000AE009E09C
:10DB30000020A5F8F8000120287302212000D4F865
:10DB4000C423904702E000200600FFE73000C0B287
:10DB5000BDE8F081010000207047000010B504000E
:10DB600021202074FF206074002060820020A082A9
:10DB70000020E082002200212000FCF7A4F810BD64
:10DB800038B504000D00A1202074FE206074002030
:10DB900060820020A0820120E08201222900200072
:10DBA000FCF791F832BD0100D1F87403C269DFF8C7
:10DBB000DC035065DFF8D8039065012082F850003F
:10DBC000012082F85200002070472DE9F84F040030
:10DBD0000D00012601275FF001085FF00009D4F86D
:10DBE0007403D0F81CA05FF0000B9AF850000128D5
:10DBF00018D0C0F07381032852D023D3052800F039
:10DC000098805AD3072800F0E980C0F0A180092845
:10DC100000F01681C0F0EE800B2800F05381C0F0B8
:10DC200026815BE18AF8615002208AF850000120C9
:10DC300000909AF805301F221AF154012000FDF7D8
:10DC400069FC4BE19AF805102000FBF7B8FD81460E
:10DC50004846C0B2012813D1DAF85C0000280BD086
:10DC60009AF86000000603D503208AF8500016E0F9
:10DC700005208AF8500012E007208AF850000EE0D4
:10DC80004846C0B2022803D101208AF8500006E0BD
:10DC90004846C0B2052802D10A208AF850001DE18A
:10DCA0009AF80430BAF80A20DAF88C102000FDF750
:10DCB00052FC04208AF8500010E19AF80410200069
:10DCC000FBF77DFD81464846C0B2012829D1BAF84C
:10DCD0000A00DAF85C1088420ED2DAF88C00BAF842
:10DCE0000A100844CAF88C00DAF85C10BAF80A0086
:10DCF000091ACAF85C1002E00020CAF85C00DAF8E1
:10DD00005C00002809D09AF80430BAF80A20DAF842
:10DD10008C102000FDF71FFC0AE007208AF8500055
:10DD200006E04846C0B2052802D109208AF8500012
:10DD3000D4E0012000909AF80530BAF80820DAF80B
:10DD40008C102000FDF7E6FB06208AF85000C5E0A5
:10DD50009AF805102000FBF732FD81464846C0B214
:10DD600001282BD1BAF80800DAF85C1088420ED2EC
:10DD7000DAF88C00BAF808100844CAF88C00DAF80F
:10DD80005C10BAF80800091ACAF85C1002E000201A
:10DD9000CAF85C00DAF85C0000280BD00120009083
:10DDA0009AF80530BAF80820DAF88C102000FDF750
:10DDB000B1FB12E007208AF850000EE04846C0B2DE
:10DDC000022803D105208AF8500006E04846C0B278
:10DDD000052802D10A208AF850007FE09AF8043022
:10DDE0000D221AF178012000FDF7B5FB08208AF812
:10DDF000500073E09AF804102000FBF7E0FC814625
:10DE00004846C0B2012813D101208AF850000120F1
:10DE10008AF85200200000F088F880464046C0B2E0
:10DE2000002802D10020060009E00220060006E0DA
:10DE30004846C0B2052802D109208AF850004DE0BA
:10DE400000222900C9B2200000F04CF80700380079
:10DE5000C0B2002803D107208AF8500006E038003D
:10DE6000C0B2042802D10B208AF8500036E001220B
:10DE70002900C9B2200000F035F807003800C0B210
:10DE8000002817D19AF805102000FBF7CFFC834635
:10DE9000DBF10102D2B29AF805102000FBF7A4FCD6
:10DEA00000229AF804102000FBF79EFC09208AF853
:10DEB000500006E03800C0B2042802D10B208AF8D6
:10DEC00050000BE02000FFF749FE06003000C0B212
:10DED000002802D101208AF85000FFE73000C0B2CC
:10DEE000BDE8F28F2DE9F04104000D001600022775
:10DEF000D4F87403D0F81C803000C0B2002802D0DF
:10DF0000012807D00DE098F807102000FBF7D1FD9D
:10DF1000070006E098F806102000FBF7CAFD07008E
:10DF2000FFE73800C0B2BDE8F08170B50400D4F856
:10DF30007403C569012629792000FBF7A9FB0D2888
:10DF400002D0022006001EE0A86F1249884218D1B4
:10DF5000E86FA96D884216D195F88400002802D197
:10DF6000002006000FE095F88400012802D101206E
:10DF7000060008E095F88400022804D1022006007B
:10DF800001E0022006003000C0B270BD555342438C
:10DF90005040302055534253FEF7E0BF2DE9F04783
:10DFA00004000D000226D4F87403C76997F85200E4
:10DFB000012802D002281FD025E00020F8650020AB
:10DFC00087F860000A2087F862005FF010085FF0B1
:10DFD000000917F1630A4A4641465046FAF798FE8F
:10DFE000002087F86300012087F85000022087F89E
:10DFF00052000120060006E02900C9B22000FFF708
:10E00000E4FD0600FFE73000C0B2BDE8F0872DE96F
:10E01000F84F04000D0016000127D4F87403D0F85F
:10E020001C8098F85200012802D0022824D04AE02F
:10E030000820C8F85C00802088F860000A2088F872
:10E0400062005FF010095FF0000A18F1630B52469E
:10E0500049465846FAF75CFE252088F863000120FF
:10E0600088F85000022088F8520018F11000C8F813
:10E070008C000120070026E02900C9B22000FFF72C
:10E08000A4FD07003800C0B200281BD1D8F88C00CE
:10E09000C078D8F88C10897850EA0120D8F88C1014
:10E0A000497850EA0140D8F88C10097850EA0160AC
:10E0B0003060D8F88C00C079D8F88C10897950EA93
:10E0C0000120B080FFE73800C0B2BDE8F28F2DE933
:10E0D000F84F86B004000D0016000227D4F8740330
:10E0E000D0F81C8098F85200012802D0022833D0C2
:10E0F00080E02420C8F85C00802088F860000A20B6
:10E1000088F862005FF00A095FF0000A18F1630BFB
:10E11000524649465846FAF7FBFD122088F863003C
:10E12000680188F86400002088F86500002088F8FD
:10E130006600242088F86700002088F86800012025
:10E1400088F85000022088F8520018F11000C8F832
:10E150008C00012007004DE02900C9B22000FFF724
:10E1600034FD07003800C0B2002842D122200590BB
:10E1700000200490B146049A05994846FAF7C8FD74
:10E18000D8F88C00007810F01F007070D8F88C0060
:10E190000078C0B240093070D8F88C004078C0B226
:10E1A000C009B07008200390D8F88C0008300290A5
:10E1B00016F10309039A02994846FAF7DDFD5FF06C
:10E1C0001009D8F88C001030019016F10C0A4A465C
:10E1D00001995046FAF7D0FD5FF0040AD8F88C0098
:10E1E0002030009016F11D0B524600995846FAF760
:10E1F000C3FDFFE73800C0B207B0BDE8F08F2DE9DE
:10E20000F84F04000D0016000227D4F87403D0F86C
:10E210001C8098F85200012802D0022833D04BE02D
:10E220000E20C8F85C00802088F860000A2088F87A
:10E2300062005FF010095FF0000A18F1630B5246AC
:10E2400049465846FAF764FD032088F863006801E0
:10E2500088F86400002088F86500002088F86600CF
:10E260000E2088F86700002088F86800012088F8F0
:10E270005000022088F8520018F11000C8F88C00F5
:10E280000120070018E02900C9B22000FFF79DFC1B
:10E2900007003800C0B200280DD1D8F88C00807873
:10E2A00010F00F003070D8F88C00007B7070D8F838
:10E2B0008C00407BB070FFE73800C0B2BDE8F28F41
:10E2C000DFF8B003B0F88209002804D10020DFF89D
:10E2D000A423A2F88C09DFF89C03B0F88C09B0F5F0
:10E2E0008A7F04DB0020DFF88C23A2F88C09DFF89A
:10E2F00088030268DFF87C03B0F88C09002816D187
:10E300001000C0B2652812D1DFF86803DFF864336B
:10E31000B3F88C39184480F85628DFF85803B0F861
:10E320008C09401CDFF84C33A3F88C099CE1DFF822
:10E330004403B0F88C09012822D11000C0B2132880
:10E340000BD01000C0B2152807D01000C0B20328AF
:10E3500003D01000C0B2102812D1DFF81803DFF884
:10E360001433B3F88C39184480F85628DFF80403C6
:10E37000B0F88C09401CDFF8FC32A3F88C0973E17B
:10E38000DFF8F002B0F88C090228C0F26881DFF8EB
:10E39000E40290F85708132840F09D80DFF8D4027B
:10E3A000B0F88C09022812D1DFF8C802DFF8C432B5
:10E3B000B3F88C39184480F85628DFF8B802B0F862
:10E3C0008C09401CDFF8AC32A3F88C094CE1DFF873
:10E3D000A402B0F88C09032812D1DFF89802DFF804
:10E3E0009432B3F88C39184480F85628DFF8840248
:10E3F000B0F88C09401CDFF87C32A3F88C0933E1BB
:10E40000DFF87002B0F88C09042812D1DFF864023A
:10E41000DFF86032B3F88C39184480F85628DFF8FA
:10E420005402B0F88C09401CDFF84832A3F88C097C
:10E430001AE1DFF84002B0F88C09052812D1DFF8A4
:10E440003402DFF83032B3F88C39184480F856289B
:10E45000DFF82002B0F88C09401CDFF81832A3F86E
:10E460008C0901E1DFF80C02B0F88C0906282CDBDE
:10E47000DFF8000290F85A08DFF8F83193F85B38BB
:10E4800053EA00231900DFF8EC01DFF8E831B3F8B4
:10E490008C39184480F85628DFF8D801B0F88C0978
:10E4A000401CDFF8D031A3F88C09DFF8C801B0F8C0
:10E4B0008C090B009BB20833984240F0D5800120B4
:10E4C000DFF8B03183F89609CEE00020DFF8A43100
:10E4D000A3F88C09C8E0DFF89C0190F857081528CC
:10E4E00069D1DFF89001B0F88C09022812D1DFF869
:10E4F0008401DFF88031B3F88C39184480F856284D
:10E50000DFF87001B0F88C09401CDFF86831A3F81F
:10E510008C09A9E0DFF85C01B0F88C09032812D15E
:10E52000DFF85001DFF84C31B3F88C39184480F82B
:10E530005628DFF84001B0F88C09401CDFF8343170
:10E54000A3F88C0990E0DFF82C01B0F88C090428BE
:10E550002BDBDFF8200190F85808DFF8183193F82A
:10E56000593853EA00231900DFF80801DFF80431B5
:10E57000B3F88C39184480F85628DFF8F800B0F862
:10E580008C09401CDFF8EC30A3F88C09DFF8E400BC
:10E59000B0F88C090B009BB29B1D984264D10120FE
:10E5A000DFF8D03083F896095EE00020DFF8C43051
:10E5B000A3F88C0958E0DFF8BC0090F8570803284E
:10E5C00047D1DFF8B000B0F88C09022818D1DFF885
:10E5D000A400DFF8A030B3F88C39184480F856282E
:10E5E000DFF89000B0F88C09401CDFF88830A3F801
:10E5F0008C091000C0B2DFF87C30A3F88A0933E040
:10E60000DFF87000B0F88C0903282DDBDFF8640018
:10E61000DFF86030B3F88C39184480F85628DFF8FA
:10E620005400B0F88C09401CDFF84830A3F88C097E
:10E63000DFF84000B0F88C09DFF83830B3F88A39D9
:10E640005B1D984210D10120DFF8283083F896092D
:10E650000AE00020DFF81C30A3F88C0904E0002059
:10E66000DFF81030A3F88C090A20DFF80830A3F88F
:10E67000820970472C000020044400407047FEE7E8
:10E68000FEE7FEE7FEE770477047704780B500F091
:10E690008DF8F5F731F901BD80B52F480068800687
:10E6A00001D5F1F799FD2D48F6F7FEFE01BD80B5C5
:10E6B0002B480068800601D5FFF702FE2948F6F7CF
:10E6C000F3FE01BD80B528480068800601D5F7F744
:10E6D000A9FF2648F6F7E8FE01BD80B5244800688A
:10E6E000800601D5F8F740F92248F6F7DDFE01BDB6
:10E6F00080B521480068800601D5F8F7DDFE1F4887
:10E70000F6F7D2FE01BD80B51D48FBF74AFF01BDFB
:10E7100080B51C4800681C48F6F7C6FE01BD80B5F0
:10E720001A4800681A48F6F7BFFE01BD80B51948BF
:10E7300000681948F6F7B8FE01BD80B517480068B3
:10E740001748F6F7B1FE01BD80B5164800681648B7
:10E75000F6F7AAFE01BD000000100140B0690020DC
:10E7600000440040F069002000480040306A00206A
:10E77000004C0040306800200050004070680020CD
:10E78000E851002000140140706A00200078004029
:10E79000B0680020007C0040F068002000180140B4
:10E7A00030690020001C01407069002003480068A7
:10E7B000034909784018014908607047246C00201B
:10E7C00028000020463A5C70726F6A6563745C32A0
:10E7D0003031385C472D4C696E6B50435C46697232
:10E7E0006D776172655C546F74616C5C3230313985
:10E7F0005F56657273696F6E5CEC97B0EC84B8EC31
:10E800009AB0EC9CA05FEC9584EC82B05C46697297
:10E810006D776172655C474C3930325C474C3930FA
:10E82000325F4D41494E5F5231325C5372635C75C9
:10E830007362685F636F6E662E630000463A5C70B9
:10E84000726F6A6563745C323031385C472D4C6995
:10E850006E6B50435C4669726D776172655C546F94
:10E8600074616C5C323031395F56657273696F6EFA
:10E870005CEC97B0EC84B8EC9AB0EC9CA05FEC95A3
:10E8800084EC82B05C4669726D776172655C474C5E
:10E890003930325C474C3930325F4D41494E5F521E
:10E8A00031325C5372635C6D61696E2E63000000EF
:10E8B0001248006850F47000104908601048006861
:10E8C00050F001000E49086000200E4908600C4815
:10E8D00001680D4801400A4801600C480C49086075
:10E8E0000748006830F48020054908600020094985
:10E8F00008600948094908607047000088ED00E099
:10E900000038024008380240FFFFF6FE10300024B5
:10E91000043802400C3802400000020808ED00E014
:10E9200030B4002512E050F8042BD30744BF4A440A
:10E93000521E091F042942F8045BFAD213468C07C1
:10E9400044BF15809B1CC90748BF1D7050F8041BAD
:10E950000029E8D130BC7047100000000024F4000A
:10E9600084EA020808000000D9D402087DD6020813
:10E97000DBD602086FD7020855DB02080000000052
:10E980000100000010B5074979441831064C7C4459
:10E99000163404E00A68081D114488470146A14264
:10E9A000F8D110BD2C0000004C0000004EF688513C
:10E9B000CEF20001086840F470000860BFF34F8F8A
:10E9C000BFF36F8F4FF00070E1EE100A7047000048
:10E9D00051FFFFFF046C00002C000020000000002D
:10E9E0006F67FFFF2C00000070FFFFFF000000209A
:10E9F0000000000000F00DF8002801D0FFF7C2FF72
:10EA0000AFF300800020AFF30080F5F7C7FC00F003
:10EA100002F80120704700F001B8000007463846B0
:10EA2000FEF750FDFBE700000548014603B46846C9
:10EA300080F30988AFF30080FFF7B8FFFFF7DAFF34
:10EA4000A5EDF5FE00000000000000000102030437
:10EA5000060708090148804701480047B1E8020855
:10EA600029EA02083031303337383234393537004B
:10EA7000303130313131313030303500000000007C
:10EA8000010203044D534300FFF7FEBFFFF7FEBF33
:10EA9000FFF7FEBFFFF7FEBFFFF7FEBFFFF7FEBFAA
:10EAA000FFF7FEBFFFF7FEBFFFF7FEBFFFF7FEBF9A
:10EAB000FFF7FEBFFFF7FEBFFFF7FEBFFFF7FEBF8A
:10EAC000FFF7FEBFFFF7FEBFFFF7FEBFFFF7FEBF7A
:10EAD000FFF7FEBFFFF7FEBFFFF7FEBFFFF7FEBF6A
:10EAE000FFF7FEBFFFF7FEBFFFF7FEBFFFF7FEBF5A
:10EAF000FFF7FEBFFFF7FEBFFFF7FEBFFFF7FEBF4A
:10EB0000FFF7FEBFFFF7FEBFFFF7FEBFFFF7FEBF39
:10EB1000FFF7FEBFFFF7FEBFFFF7FEBFFFF7FEBF29
:10EB2000FFF7FEBFFFF7FEBFFFF7FEBFFFF7FEBF19
:10EB3000FFF7FEBFFFF7FEBFFFF7FEBFFFF7FEBF09
:10EB4000FFF7FEBFFFF7FEBFFFF7FEBFFFF7FEBFF9
:10EB5000FFF7FEBFFFF7FEBFFFF7FEBFFFF7FEBFE9
:10EB6000FFF7FEBFFFF7FEBFFFF7FEBFFFF7FEBFD9
:10EB7000FFF7FEBFFFF7FEBFFFF7FEBFFFF7FEBFC9
:10EB8000FFF7FEBFFFF7FEBFFFF7FEBFFFF7FEBFB9
:10EB9000FFF7FEBFFFF7FEBFFFF7FEBFFFF7FEBFA9
:10EBA000FFF7FEBFFFF7FEBFFFF7FEBFFFF7FEBF99
:10EBB000FFF7FEBFFFF7FEBFFFF7FEBFFFF7FEBF89
:10EBC000FFF7FEBFFFF7FEBFFFF7FEBFFFF7FEBF79
:08EBD000FFF7FEBFFFF7FEBFD7
:040000050802EA29DA
:00000001FF
