:020000040802F0
:10000000307C0020DDE9020805E6020807E6020868
:1000100009E602080BE602080DE6020800000000EF
:100020000000000000000000000000000FE60208D1
:1000300011E602080000000013E6020815E60208B7
:1000400011EA020815EA020819EA02081DEA020884
:1000500021EA020825EA020829EA02082DEA020834
:1000600031EA020835EA020839EA02083DEA0208E4
:1000700041EA020845EA020849EA02084DEA020894
:1000800051EA020855EA020859EA02085DEA020844
:1000900061EA020865EA020869EA02086DEA0208F4
:1000A00071EA020875EA020879EA02087DEA0208A4
:1000B00081EA020885EA020889EA02088DEA020854
:1000C00091EA020895EA020899EA02089DEA020804
:1000D000A1EA020821E6020837E602084DE6020816
:1000E000A5EA0208A9EA0208ADEA0208B1EA020894
:1000F000B5EA0208B9EA0208BDEA0208C1EA020844
:10010000C5EA0208C9EA0208CDEA0208D1EA0208F3
:1001100063E6020879E60208D5EA0208D9EA02088D
:10012000DDEA0208E1EA0208E5EA0208E9EA020873
:10013000EDEA0208F1EA0208F5EA0208F9EA020823
:10014000FDEA020801EB020805EB02088FE602084F
:1001500009EB02080DEB020811EB020899E6020810
:1001600015EB020819EB02081DEB020821EB02084F
:1001700025EB020829EB0208000000000000000047
:100180002DEB020831EB0208A7E60208B5E60208EB
:1001900035EB020839EB0208000000003DEB0208D5
:1001A000C3E60208D1E602080000000000000000DB
:1001B00041EB0208000000000000000045EB0208CF
:1001C00049EB02084DEB020851EB020855EB02081F
:1001D00059EB02085DEB0208DFF8BC04B0F8B0048C
:1001E000002804D10020DFF8B014A1F8BA04DFF829
:1001F000A804B0F8BA04212804DB0020DFF8981422
:10020000A1F8BA04DFF894040168DFF88C04B0F8B0
:10021000BA04002816D10800C0B2C92812D1DFF8EC
:100220007804DFF87424B2F8BA24104480F88413F8
:10023000DFF86404B0F8BA04401CDFF85C24A2F8CC
:10024000BA0423E2DFF85004B0F8BA0401281ED142
:100250000800C0B2202807D00800C0B2132803D07D
:100260000800C0B2152812D1DFF82C04DFF82824CA
:10027000B2F8BA24104480F88413DFF81C04B0F8F4
:10028000BA04401CDFF81024A2F8BA04FEE1DFF83B
:10029000080490F88503132840F0F580DFF8F80390
:1002A00090F88403C92840F08F80DFF8EC03B0F8A1
:1002B000BA04022812D1DFF8E003DFF8DC23B2F839
:1002C000BA24104480F88413DFF8CC03B0F8BA04E1
:1002D000401CDFF8C423A2F8BA04D7E1DFF8B80362
:1002E000B0F8BA04032812D1DFF8AC03DFF8A82372
:1002F000B2F8BA24104480F88413DFF89C03B0F8F5
:10030000BA04401CDFF89023A2F8BA04BEE1DFF87B
:100310008803B0F8BA04042812D1DFF87C03DFF8B0
:100320007823B2F8BA24104480F88413DFF8680305
:10033000B0F8BA04401CDFF86023A2F8BA04A5E1C3
:10034000DFF85403B0F8BA04052812D1DFF84803E7
:10035000DFF84423B2F8BA24104480F88413DFF89D
:100360003803B0F8BA04401CDFF82C23A2F8BA0412
:100370008CE1DFF82403B0F8BA0406281EDBDFF8AE
:100380001803DFF81423B2F8BA24104480F8841359
:10039000DFF80403B0F8BA04401CDFF8FC22A2F82E
:1003A000BA04DFF8F402B0F8BA04082840F06E810D
:1003B0000120DFF8E42282F8C40467E10020DFF8BE
:1003C000D822A2F8BA0461E1B348B0F8BA0402280E
:1003D0000ED1B148B04AB2F8BA24104480F8841360
:1003E000AD48B0F8BA04401CAB4AA2F8BA044DE1DB
:1003F000A948B0F8BA0403280ED1A748A64AB2F813
:10040000BA24104480F88413A348B0F8BA04401CFE
:10041000A14AA2F8BA0439E19F48B0F8BA04042806
:100420000ED19D489C4AB2F8BA24104480F8841337
:100430009948B0F8BA04401C974AA2F8BA0425E1DA
:100440009548B0F8BA04052818D19348924AB2F8F2
:10045000BA24104480F884138F48B0F8BA04401CC2
:100460008D4AA2F8BA048C48B0F8BA04062840F0C5
:100470000D810120884A82F8C40407E10020864AE1
:10048000A2F8BA0402E1844890F88503152872D1D5
:100490008148B0F8BA0402280ED17F487E4AB2F8EB
:1004A000BA24104480F884137B48B0F8BA04401C86
:1004B000794AA2F8BA04E9E07748B0F8BA04032808
:1004C0000ED17548744AB2F8BA24104480F88413E7
:1004D0007148B0F8BA04401C6F4AA2F8BA04D5E0DB
:1004E0006D48B0F8BA0404280ED16B486A4AB2F8D5
:1004F000BA24104480F884136748B0F8BA04401C4A
:10050000654AA2F8BA04C1E06348B0F8BA04052805
:100510000ED16148604AB2F8BA24104480F88413BE
:100520005D48B0F8BA04401C5B4AA2F8BA04ADE0DA
:100530005948B0F8BA04062818DB5748564AB2F8AA
:10054000BA24104480F884135348B0F8BA04401C0D
:10055000514AA2F8BA045048B0F8BA04082840F04A
:10056000958001204C4A82F8C4048FE000204A4A5A
:10057000A2F8BA048AE0484890F88503202840F0A1
:1005800081804548B0F8BA0402280ED14248424A58
:10059000B2F8BA24104480F884133F48B0F8BA0483
:1005A000401C3D4AA2F8BA0470E03B48B0F8BA04D7
:1005B00003280ED13848384AB2F8BA24104480F8DB
:1005C00084133548B0F8BA04401C334AA2F8BA0480
:1005D0005CE03148B0F8BA0404280ED12E482E4A07
:1005E000B2F8BA24104480F884132B48B0F8BA0447
:1005F000401C294AA2F8BA0448E02748B0F8BA04D7
:1006000005280ED12448244AB2F8BA24104480F8B0
:1006100084132148B0F8BA04401C1F4AA2F8BA0457
:1006200034E01D48B0F8BA04062826DB1A4890F8D2
:100630008803194A92F8892352EA00221648A0F842
:10064000B8241548144AB2F8BA24104480F8841328
:100650001148B0F8BA04401C0F4AA2F8BA040E4878
:10066000B0F8BA040C4AB2F8B824083290420DD15E
:100670000120094A82F8C40408E00020064AA2F8D2
:10068000BA0403E00020044AA2F8BA040520024A92
:10069000A2F8B004704700002C00002004100140B4
:1006A0002DE9FE4F0400A2781202E1780A43ADF86A
:1006B0000820A1788DF80010E6789DF80010002938
:1006C00060D1DFF8701C0F00DFF86C1C88466421D5
:1006D0000D006521DFF8642C82F82C111321DFF85E
:1006E0005C2C82F82D11A178DFF8502C82F82E11A5
:1006F000E178DFF8482C82F82F11290089B2090A25
:10070000DFF8382C82F83011DFF8301C81F83151D5
:10071000DFF82CAC002189464846290080B289B216
:10072000884213D2388880B2000A8AF800001AF191
:1007300001003988017010F1010A3888A8F800001A
:10074000BF1C18F1020819F10209E5E7A91D89B2D9
:10075000DFF8F00B02F046FDADF80200BDF8020034
:1007600080B2000A8AF800001AF10100BDF80210F8
:100770000170401C15F10801DFF8C02BA2F8B61477
:1007800000F0D6BD9DF80010012940F01E846521BF
:10079000DFF8A82B82F82C111321DFF8A02B82F8A8
:1007A0002D11A178DFF8942B82F82E11E178DFF873
:1007B0008C2B82F82F110021DFF8802B82F830116A
:1007C0006221DFF8782B82F83111DFF874AB062153
:1007D000DFF8682BA2F8B6143000C0B2622880F2AD
:1007E000D4833000C0B200284AD006286CD00A2832
:1007F00000F08F800C2800F0AD80122800F0CF8030
:10080000222800F0F180322800F01481362800F010
:100810003781382800F05581392800F06C813A285A
:1008200000F083813E2800F0A681422800F0C981B3
:10083000462800F0EC814A2800F00F824E2800F094
:100840003282502800F05282522800F072825428DE
:1008500000F09282562800F0B282582800F0D2822E
:100860005A2800F0F2825C2800F012835E2800F023
:1008700032835F2800F04983602800F0608381E3C1
:1008800000208146484680B206280BDADFF8B80A15
:10089000494689B2405C8AF800001AF1010A19F150
:1008A0000109EFE7DFF8940AB0F8B604801DDFF81D
:1008B0008C1AA1F8B604B61D0622DFF8901ADFF8EC
:1008C000880A02F0EEFC87E700208146484680B2A5
:1008D00004280CDADFF8700A494689B208448079A6
:1008E0008AF800001AF1010A19F10109EEE7DFF8B0
:1008F0004C0AB0F8B604001DDFF8401AA1F8B6049F
:10090000361D0422DFF8481ADFF8480A02F0C9FC55
:1009100062E7DFF8340A408980B2000A8AF80000F2
:100920001AF10100DFF8201A4989017010F1010A5B
:10093000DFF8080AB0F8B604801CDFF8001AA1F846
:10094000B604B61C0222DFF8101ADFF8100A02F013
:10095000A8FC41E700208146484680B206280CDA10
:10096000DFF8E409494689B20844007B8AF80000B0
:100970001AF1010A19F10109EEE7DFF8C009B0F830
:10098000B604801DDFF8B419A1F8B604B61D06221E
:10099000DFF8CC19DFF8CC0902F083FC1CE700205B
:1009A0008146484680B210280CDADFF89C09494697
:1009B00089B20844807C8AF800001AF1010A19F112
:1009C0000109EEE7DFF87409B0F8B6041030DFF87B
:1009D0006C19A1F8B60410361022DFF88C19DFF874
:1009E0008C0902F05EFCF7E600208146484680B2A2
:1009F00010280DDADFF85009494689B2084490F80A
:100A000022008AF800001AF1010A19F10109EDE744
:100A1000DFF82809B0F8B6041030DFF82019A1F883
:100A2000B60410361022DFF84819DFF8480902F042
:100A300038FCD1E600208146484680B204280DDA11
:100A4000DFF80409494689B2084490F832008AF870
:100A500000001AF1010A19F10109EDE7DFF8DC08DD
:100A6000B0F8B604001DDFF8D418A1F8B604361D9E
:100A70000422DFF80419DFF8040902F012FCABE6E7
:100A8000DFF8C408C08E80B2000A8AF800001AF1AC
:100A90000100DFF8B418C98E017010F1010ADFF807
:100AA0009C08B0F8B604801CDFF89018A1F8B604D2
:100AB000B61C0222DFF8C818DFF8C80802F0F1FB04
:100AC0008AE6DFF8840890F838008AF800001AF106
:100AD000010ADFF86808B0F8B604401CDFF85C18BB
:100AE000A1F8B604761C0122DFF89C18DFF89C08F8
:100AF00002F0D7FB70E6DFF8500890F839008AF86A
:100B000000001AF1010ADFF83408B0F8B604401CFE
:100B1000DFF82818A1F8B604761C0122DFF8701857
:100B2000DFF8700802F0BDFB56E60020814648461B
:100B300080B204280DDADFF81008494689B208446B
:100B400090F83A008AF800001AF1010A19F1010937
:100B5000EDE7DFF8E807B0F8B604001DDFF8DC17B2
:100B6000A1F8B604361D0422DFF82C18DFF82C0893
:100B700002F097FB30E600208146484680B2042808
:100B80000DDADFF8C407494689B2084490F83E0000
:100B90008AF800001AF1010A19F10109EDE7DFF8FE
:100BA0009C07B0F8B604001DDFF89017A1F8B60452
:100BB000361D0422DFF8E817DFF8E80702F071FBC2
:100BC0000AE600208146484680B204280DDADFF8A4
:100BD0007807494689B2084490F842008AF8000034
:100BE0001AF1010A19F10109EDE7DFF85007B0F831
:100BF000B604001DDFF84417A1F8B604361D042220
:100C0000DFF8A417DFF8A40702F04BFBE4E50020AF
:100C10008146484680B204280DDADFF82C074946A1
:100C200089B2084490F846008AF800001AF1010AD7
:100C300019F10109EDE7DFF80407B0F8B604001D6B
:100C4000DFF8F816A1F8B604361D0422DFF86017A5
:100C5000DFF8600702F025FBBEE50020814648462C
:100C600080B204280DDADFF8E006494689B208446C
:100C700090F84A008AF800001AF1010A19F10109F6
:100C8000EDE7DFF8B806B0F8B604001DDFF8AC16E3
:100C9000A1F8B604361D0422DFF81C17DFF81C0784
:100CA00002F0FFFA98E5DFF8A006B0F84E0080B237
:100CB000000A8AF800001AF10100DFF88C16B1F87A
:100CC0004E10017010F1010ADFF87006B0F8B6049A
:100CD000801CDFF86816A1F8B604B61C0222DFF803
:100CE000E016DFF8E00602F0DCFA75E5DFF85806FA
:100CF000B0F8500080B2000A8AF800001AF1010032
:100D0000DFF84416B1F85010017010F1010ADFF855
:100D10002C06B0F8B604801CDFF82016A1F8B60443
:100D2000B61C0222DFF8A016DFF8A00602F0B9FA1E
:100D300052E5DFF81406B0F8520080B2000A8AF8D3
:100D400000001AF10100DFF80016B1F8521001702E
:100D500010F1010ADFF8E405B0F8B604801CDFF8F2
:100D6000DC15A1F8B604B61C0222DFF86416DFF821
:100D7000640602F096FA2FE5DFF8CC05B0F85400CF
:100D800080B2000A8AF800001AF10100DFF8B815F5
:100D9000B1F85410017010F1010ADFF8A005B0F8A5
:100DA000B604801CDFF89415A1F8B604B61C022224
:100DB000DFF82416DFF8240602F073FA0CE5DFF8FA
:100DC0008805B0F8560080B2000A8AF800001AF1CF
:100DD0000100DFF87415B1F85610017010F1010A26
:100DE000DFF85805B0F8B604801CDFF85015A1F8FC
:100DF000B604B61C0222DFF8E815DFF8E80502F0B9
:100E000050FAE9E4DFF84005B0F8580080B2000A73
:100E10008AF800001AF10100DFF82C15B1F858101B
:100E2000017010F1010ADFF81405B0F8B604801C57
:100E3000DFF80815A1F8B604B61C0222DFF8A815E1
:100E4000DFF8A80502F02DFAC6E4DFF8FC04B0F8DC
:100E50005A0080B2000A8AF800001AF10100DFF897
:100E6000E814B1F85A10017010F1010ADFF8CC044F
:100E7000B0F8B604801CDFF8C414A1F8B604B61CA0
:100E80000222DFF86C15DFF86C0502F00AFAA3E421
:100E9000DFF8B404B0F85C0080B2000A8AF8000001
:100EA0001AF10100DFF8A014B1F85C10017010F124
:100EB000010ADFF88804B0F8B604801CDFF87C145F
:100EC000A1F8B604B61C0222DFF82C15DFF82C05B9
:100ED00002F0E7F980E4DFF8700490F85E008AF829
:100EE00000001AF1010ADFF85404B0F8B604401CFF
:100EF000DFF84814A1F8B604761C0122DFF80015CB
:100F0000DFF8000502F0CDF966E4DFF83C0490F864
:100F10005F008AF800001AF1010ADFF82004B0F837
:100F2000B604401CDFF81414A1F8B604761C0122A4
:100F3000DFF8D414DFF8D40402F0B3F94CE4DFF89E
:100F40000804B0F8600080B2000A8AF800001AF1C4
:100F50000100DFF8F413B1F86010017010F1010A1C
:100F6000DFF8D803B0F8B604801CDFF8D013A1F87E
:100F7000B604B61C0222DFF89814DFF8980402F0D9
:100F800090F929E46220060026E4DFF8B003B0F807
:100F9000B614DFF8B00302F025F9ADF80200BDF891
:100FA000020080B2000A8AF800001AF10100BDF8C0
:100FB00002100170401CDFF88413B1F8B614891CCC
:100FC000DFF87823A2F8B614B2E19DF800101129D9
:100FD0006BDB9DF800101D2967DADFF83C249DF8D3
:100FE0000030A6214B4302EB0301A1F606310F00AE
:100FF000DFF828249DF80030A6214B4302EB0301C3
:10100000A1F606318846A6210D006521CB4A82F85B
:101010002C111321C94A82F82D11A178C74A82F8F0
:101020002E11E178C54A82F82F11290089B2090AE8
:10103000C24A82F83011C14981F83151DFF800A36A
:10104000002189464846290080B289B2884213D2DD
:10105000388880B2000A8AF800001AF10100398845
:10106000017010F1010A3888A8F80000BF1C18F1BF
:10107000020819F10209E5E7A91D89B2B14802F099
:10108000B1F8ADF80200BDF8020080B2000A8AF89B
:1010900000001AF10100BDF802100170401C15F1AA
:1010A0000801A64AA2F8B61442E19DF800103129C1
:1010B00067DB9DF800103D2963DAD94A9DF80030BE
:1010C00048214B4302EB0301A1F6C8518B46D54A98
:1010D0009DF8003048214B4302EB0301A1F6C851B3
:1010E000019148210D006521944A82F82C111321A9
:1010F000924A82F82D11A178904A82F82E11E17857
:101100008E4A82F82F11290089B2090A8B4A82F887
:1011100030118A4981F83151DFF824A20021894633
:101120004846290080B289B2884211D29BF800005B
:101130008AF800001AF1010A9BF800000199087072
:101140001BF1010B0198401C019019F10109E7E71F
:10115000A91D89B27B4802F045F8ADF80200BDF840
:10116000020080B2000A8AF800001AF10100BDF8FE
:1011700002100170401C15F10801704AA2F8B61463
:10118000D6E09DF80010E02969DB9DF80010F029F9
:1011900065DAA54A9DF8003006214B4302EB0301B6
:1011A000B1F5A8610F00A14A9DF8003006214B431C
:1011B00002EB0301B1F5A861884606210D00652107
:1011C0005E4A82F82C1113215C4A82F82D11A17815
:1011D0005A4A82F82E11E178584A82F82F112900D4
:1011E00089B2090A554A82F83011544981F83151BF
:1011F000DFF84CA1002189464846290080B289B217
:10120000884213D2388880B2000A8AF800001AF1A6
:1012100001003988017010F1010A3888A8F800002F
:10122000BF1C18F1020819F10209E5E7A91D89B2EE
:10123000444801F0D7FFADF80200BDF8020080B2CB
:10124000000A8AF800001AF10100BDF802100170CE
:10125000401C15F10801394AA2F8B61468E09DF85F
:101260000010F02964DB724A9DF8003022214B43C4
:1012700002EB0301B1F5FF510F006E4A9DF80030FB
:1012800022214B4302EB0301B1F5FF518846222195
:101290000D006521294A82F82C111321274A82F872
:1012A0002D11A178254A82F82E11E178234A82F87F
:1012B0002F11290089B2090A204A82F830111F49EA
:1012C00081F83151DFF878A000218946484629008D
:1012D00080B289B2884213D2388880B2000A8AF874
:1012E00000001AF101003988017010F1010A3888F4
:1012F000A8F80000BF1C18F1020819F10209E5E77F
:10130000A91D89B20F4801F06DFFADF80200BDF8CC
:10131000020080B2000A8AF800001AF10100BDF84C
:1013200002100170401C15F10801044AA2F8B6141D
:10133000BDE8F78F00640020646400202C000020CA
:101340005E010020580100202C65002090650020DF
:1013500096650020326500209A65002036650020E1
:101360009C65002038650020A26500203E650020B5
:10137000B26500204E650020C26500205E65002039
:10138000C665002062650020C865002064650020F5
:10139000C965002065650020CA65002066650020DB
:1013A000CE6500206A650020D26500206E650020B1
:1013B000D665002072650020DA6500207665002081
:1013C000DE6500207A650020E06500207C65002055
:1013D000E26500207E650020E46500208065002035
:1013E000E665002082650020E86500208465002015
:1013F000EA65002086650020EC65002088650020F5
:10140000EE6500208A650020EF6500208B650020D6
:10141000F06500208C65002060300020C03A00207C
:1014200020450020A049002058660020B866002012
:10143000405B0020605D00202DE9F14F82B00299F1
:1014400091F802905FEA09290299C97851EA0909DD
:1014500002998D78029991F803A02900C9B2002958
:1014600040F0B180DFF8881D0F00DFF8881D884646
:101470006421ADF802106521DFF87C2D82F82C1173
:101480001521DFF8742D82F82D11DFF8706D002121
:10149000DFF8642DA2F8B6140021894600218A469F
:1014A00000218B465846BDF8021080B2884231D2E6
:1014B0005046C0B2BDF8021080B288422AD23888A5
:1014C000B8F80010884218D0484680B2000A307040
:1014D000701C80F80090401C398889B2090A01709C
:1014E000401C39880170461CDFF80C0DB0F8B604BA
:1014F000001DDFF8041DA1F8B6043888A8F8000024
:10150000BF1C18F1020819F102091AF1020A1BF1B5
:10151000020BC7E7DFF8E00CB0F8B604002818D1DA
:10152000DFF8CC0C07003570701C00210170401CE6
:10153000398889B2090A0170401C39880170461C3B
:10154000DFF8B40CB0F8B604001DDFF8AC1CA1F84D
:10155000B604DFF8A40CB0F8B60480B2000ADFF8D5
:10156000981C81F82E01DFF8900CB0F8B604DFF873
:10157000881C81F82F01DFF8800CB0F8B604001D3C
:10158000DFF8741CA1F8B604DFF86C0CB0F8B614E0
:10159000DFF8480D01F026FEADF80000BDF80000B0
:1015A00080B2000A3070701CBDF800100170401C41
:1015B000DFF8441CB1F8B614891CDFF83C2CA2F803
:1015C000B61401F094B92900C9B2012940F040874E
:1015D0006221ADF802106521DFF81C2C82F82C1175
:1015E0001521DFF8142C82F82D11DFF8106C002182
:1015F000DFF8042CA2F8B6144FF48071894600215C
:101600008A465046C0B2622880F2B4865046C0B2C4
:1016100000284CD0062800F08A800A2800F0C880F4
:101620000C2800F00181122800F03F81222800F0F0
:101630007D81322800F0BC81362800F0FB813828FB
:1016400000F03482392800F067823A2800F09A824C
:101650003E2800F0D982422800F01883462800F086
:1016600057834A2800F096834E2800F0D6835028EE
:1016700000F01284522800F04B84542800F0848437
:10168000562800F0BB84582800F0F2845A2800F055
:1016900029855C2800F060855E2800F097855F282A
:1016A00000F0D385602800F0078600F05FBE0622B8
:1016B000DFF82C1CDFF82C0C01F0FEFD04002000EC
:1016C000C0B2002804D119F106091AF1060A98E7F8
:1016D000484680B2000A3070701C80F80090461CAA
:1016E000DFF8140BB0F8B604801CDFF80C1BA1F86F
:1016F000B60400208346584680B2062809DADFF88F
:10170000E40B594689B2405C3070761C1BF1010B2A
:10171000F1E7DFF8E40AB0F8B604801DDFF8D81A64
:10172000A1F8B60419F106091AF1060A69E70422BC
:10173000DFF8B41BDFF8B40B01F0BEFD040020009D
:10174000C0B2002804D119F104091AF1040A58E7BB
:10175000484680B2000A3070701C80F80090461C29
:10176000DFF8940AB0F8B604801CDFF88C1AA1F8F0
:10177000B60400208346584680B204280ADADFF80F
:10178000640B594689B2084480793070761C1BF18D
:10179000010BF0E7DFF8600AB0F8B604001DDFF8CF
:1017A000581AA1F8B60419F104091AF1040A28E735
:1017B0000222DFF83C1BDFF83C0B01F07DFD04004A
:1017C0002000C0B2002804D119F102091AF1020A5E
:1017D00017E7484680B2000A3070701C80F800900D
:1017E000401CDFF8141AB1F8B614891CDFF8082A77
:1017F000A2F8B614DFF8EC1A498989B2090A017017
:10180000401CDFF8E01A49890170461CDFF8E8093E
:10181000B0F8B604801CDFF8E019A1F8B60419F19D
:1018200002091AF1020AECE60622DFF8CC1ADFF808
:10183000CC0A01F041FD04002000C0B2002804D110
:1018400019F106091AF1060ADBE6484680B2000AD9
:101850003070701C80F80090461CDFF89C09B0F8CE
:10186000B604801CDFF89019A1F8B6040020834666
:10187000584680B206280ADADFF8680A594689B263
:101880000844007B3070761C1BF1010BF0E7DFF899
:101890006809B0F8B604801DDFF85C19A1F8B60439
:1018A00019F106091AF1060AABE61022DFF8501A00
:1018B000DFF8500A01F000FD04002000C0B200284B
:1018C00004D119F110091AF1100A9AE6484680B2BB
:1018D000000A3070701C80F80090461CDFF8180970
:1018E000B0F8B604801CDFF81019A1F8B604002087
:1018F0008346584680B210280ADADFF8E8095946CC
:1019000089B20844807C3070761C1BF1010BF0E733
:10191000DFF8E408B0F8B6041030DFF8DC18A1F8FE
:10192000B60419F110091AF1100A6AE61022DFF85C
:10193000D819DFF8D80901F0BFFC04002000C0B2BC
:10194000002804D119F110091AF1100A59E6484685
:1019500080B2000A3070701C80F80090461CDFF8DE
:101960009808B0F8B604801CDFF88C18A1F8B6040B
:1019700000208346584680B210280BDADFF864094D
:10198000594689B2084490F822003070761C1BF149
:10199000010BEFE7DFF86008B0F8B6041030DFF8AD
:1019A0005818A1F8B60419F110091AF1100A28E61E
:1019B0000422DFF8B41DDFF8B40D01F07DFC040053
:1019C0002000C0B2002804D119F104091AF1040A58
:1019D00017E6484680B2000A3070701C80F800900C
:1019E000461CDFF81408B0F8B604801CDFF80818AD
:1019F000A1F8B60400208346584680B204280BDACA
:101A0000DFF8E008594689B2084490F83200307097
:101A1000761C1BF1010BEFE7DFF8DC07B0F8B6042A
:101A2000001DDFF8D417A1F8B60419F104091AF162
:101A3000040AE6E50222DFF8381DDFF8380D01F070
:101A40003BFC04002000C0B2002804D119F10209B7
:101A50001AF1020AD5E5484680B2000A3070701CBF
:101A600080F80090401CDFF89017B1F8B614891C7C
:101A7000DFF88427A2F8B614DFF86818C98E89B297
:101A8000090A0170401CDFF85C18C98E0170461C01
:101A9000DFF86407B0F8B604801CDFF85C17A1F823
:101AA000B60419F102091AF1020AAAE50122DFF8C7
:101AB000C81CDFF8C80C01F0FFFB04002000C0B216
:101AC000002804D119F101091AF1010A99E54846E3
:101AD00080B2000A3070701C80F80090401CDFF863
:101AE0001817B1F8B614891CDFF80C27A2F8B61441
:101AF000DFF8F01791F838100170461CDFF8F8068F
:101B0000B0F8B604401CDFF8F016A1F8B60419F1DD
:101B100001091AF1010A74E50122DFF8D81DDFF886
:101B2000D80D01F0C9FB04002000C0B2002804D188
:101B300019F101091AF1010A63E5484680B2000A69
:101B40003070701C80F80090401CDFF8AC16B1F8C3
:101B5000B614891CDFF8A026A2F8B614DFF88417A3
:101B600091F839100170461CDFF88C06B0F8B60405
:101B7000401CDFF88416A1F8B60419F101091AF126
:101B8000010A3EE50422DFF8741DDFF8740D01F050
:101B900093FB04002000C0B2002804D119F104090D
:101BA0001AF1040A2DE5484680B2000A3070701C14
:101BB00080F80090461CDFF84006B0F8B604801CA0
:101BC000DFF83416A1F8B60400208346584680B2E8
:101BD00004280BDADFF80C07594689B2084490F85C
:101BE0003A003070761C1BF1010BEFE7DFF80806B6
:101BF000B0F8B604001DDFF80016A1F8B60419F11C
:101C000004091AF1040AFCE40422DFF8F81CDFF8E6
:101C1000F80C01F051FB04002000C0B2002804D1F0
:101C200019F104091AF1040AEBE4484680B2000AEB
:101C30003070701C80F80090461CDFF8BC05B0F8CE
:101C4000B604801CDFF8B015A1F8B6040020834666
:101C5000584680B204280BDADFF88806594689B264
:101C6000084490F83E003070761C1BF1010BEFE742
:101C7000DFF88405B0F8B604001DDFF87C15A1F884
:101C8000B60419F104091AF1040ABAE40422DFF8CF
:101C90007C1CDFF87C0C01F00FFB04002000C0B2BC
:101CA000002804D119F104091AF1040AA9E44846EC
:101CB00080B2000A3070701C80F80090461CDFF87B
:101CC0003805B0F8B604801CDFF82C15A1F8B6046E
:101CD00000208346584680B204280BDADFF8040659
:101CE000594689B2084490F842003070761C1BF1C6
:101CF000010BEFE7DFF80005B0F8B604001DDFF8D0
:101D0000F814A1F8B60419F104091AF1040A78E4E8
:101D10000422DFF8001CDFF8000C01F0CDFA04000B
:101D20002000C0B2002804D119F104091AF1040AF4
:101D300067E4484680B2000A3070701C80F800905A
:101D4000461CDFF8B404B0F8B604801CDFF8A81411
:101D5000A1F8B60400208346584680B204280BDA66
:101D6000DFF88005594689B2084490F84600307083
:101D7000761C1BF1010BEFE7DFF87C04B0F8B6042A
:101D8000001DDFF87414A1F8B60419F104091AF162
:101D9000040A36E40422DFF8841BDFF8840B01F028
:101DA0008BFA04002000C0B2002804D119F1040904
:101DB0001AF1040A25E4484680B2000A3070701C0B
:101DC00080F80090461CDFF83004B0F8B604801CA0
:101DD000DFF82414A1F8B60400208346584680B2E8
:101DE00004280BDADFF8FC04594689B2084490F85D
:101DF0004A003070761C1BF1010BEFE7DFF8F803A7
:101E0000B0F8B604001DDFF8F013A1F8B60419F11C
:101E100004091AF1040AFFF7F4BB0222DFF8041BDD
:101E2000DFF8040B01F048FA04002000C0B20028DB
:101E300005D119F102091AF1020AFFF7E2BB48467F
:101E400080B2000A3070701C80F80090401CDFF8EF
:101E5000A813B1F8B614891CDFF89C23A2F8B614B5
:101E6000DFF88014B1F84E1089B2090A0170401CE5
:101E7000DFF87014B1F84E100170461CDFF87803DB
:101E8000B0F8B604801CDC49A1F8B60419F10209C7
:101E90001AF1020AFFF7B5BB0222DFF8901ADFF849
:101EA000900A01F009FA04002000C0B2002805D110
:101EB00019F102091AF1020AFFF7A3BB484680B2E2
:101EC000000A3070701C80F80090401CCA49B1F8BC
:101ED000B614891CC84AA2F8B614DFF80814B1F881
:101EE000501089B2090A0170401CDFF8F813B1F8EC
:101EF00050100170461CC048B0F8B604801CBE49A2
:101F0000A1F8B60419F102091AF1020AFFF779BB28
:101F10000222DFF8201ADFF8200A01F0CDF90400D0
:101F20002000C0B2002805D119F102091AF1020AF5
:101F3000FFF767BB484680B2000A3070701C80F81B
:101F40000090401CAC49B1F8B614891CAA4AA2F80A
:101F5000B614DFF89013B1F8521089B2090A017073
:101F6000401CDFF88013B1F852100170461CA248E3
:101F7000B0F8B604801CA049A1F8B60419F1020912
:101F80001AF1020AFFF73DBB0222DFF8B019DFF8B1
:101F9000B00901F091F904002000C0B2002805D179
:101FA00019F102091AF1020AFFF72BBB484680B269
:101FB000000A3070701C80F80090401C8E49B1F807
:101FC000B614891C8C4AA2F8B614C649B1F854104C
:101FD00089B2090A0170401CC249B1F8541001705D
:101FE000461C8548B0F8B604801C8349A1F8B604A5
:101FF00019F102091AF1020AFFF703BB0222DFF806
:102000004419DFF8440901F057F904002000C0B278
:10201000002805D119F102091AF1020AFFF7F1BAF5
:10202000484680B2000A3070701C80F80090401C56
:102030007149B1F8B614891C6F4AA2F8B614A949BF
:10204000B1F8561089B2090A0170401CA549B1F8CF
:1020500056100170461C6848B0F8B604801C6649EA
:10206000A1F8B60419F102091AF1020AFFF7C9BA78
:102070000222DFF8D818DFF8D80801F01DF90400B3
:102080002000C0B2002805D119F102091AF1020A94
:10209000FFF7B7BA484680B2000A3070701C80F86B
:1020A0000090401C5449B1F8B614891C524AA2F859
:1020B000B6148C49B1F8581089B2090A0170401C55
:1020C0008849B1F858100170461C4B48B0F8B60466
:1020D000801C4949A1F8B60419F102091AF1020A53
:1020E000FFF78FBA0222DFF86C18DFF86C0801F0F6
:1020F000E3F804002000C0B2002805D119F102095C
:102100001AF1020AFFF77DBA484680B2000A307021
:10211000701C80F80090401C3749B1F8B614891C37
:10212000354AA2F8B6146F49B1F85A1089B2090AB3
:102130000170401C6B49B1F85A100170461C2E48C2
:10214000B0F8B604801C2C49A1F8B60419F10209B4
:102150001AF1020AFFF755BA0222DFF80018DFF879
:10216000000801F0A9F804002000C0B2002805D141
:1021700019F102091AF1020AFFF743BA484680B280
:10218000000A3070701C80F80090401C1A49B1F8A9
:10219000B614891C184AA2F8B6145249B1F85C105A
:1021A00089B2090A0170401C4E49B1F85C100170F7
:1021B000461C1148B0F8B604801C0F49A1F8B604BB
:1021C00019F102091AF1020AFFF71BBA0122DFF81E
:1021D0009417DFF8940701F06FF804002000C0B2F4
:1021E00000280DD119F101091AF1010AFFF709BA06
:1021F00000640020646400202C0000205C010020AA
:10220000484680B2000A3070701C80F80090401C74
:10221000DFF85817B1F8B614891CDFF85027A2F878
:10222000B614304991F85E100170461CDFF83C0787
:10223000B0F8B604401CDFF83417A1F8B60419F161
:1022400001091AF1010AFFF7DCB90122DFF82017B2
:10225000DFF8200701F030F804002000C0B20028A9
:1022600005D119F101091AF1010AFFF7CAB9484667
:1022700080B2000A3070701C80F80090401CDFF8BB
:10228000EC16B1F8B614891CDFF8E026A2F8B614F3
:10229000144991F85F100170461CDFF8D006B0F8C1
:1022A000B604401CDFF8C416A1F8B60419F1010900
:1022B0001AF1010AFFF7A5B90222DFF8BC16DFF810
:1022C000BC0600F0F9FF04002000C0B200281FD1B6
:1022D00019F102091AF1020AFFF793B95801002017
:1022E000906500202C650020966500203265002056
:1022F0009A650020366500209C6500203865002026
:10230000A26500203E650020B26500204E650020D9
:10231000484680B2000A3070701C80F80090401C63
:10232000DFF84816B1F8B614891CDFF84026A2F889
:10233000B614DFF84C16B1F8601089B2090A0170C2
:10234000401CDFF83C16B1F860100170461CDFF845
:102350001C06B0F8B604801CDFF81016A1F8B6040D
:1023600019F102091AF1020AFFF74BB962208246FD
:10237000FFF747B9DFF8F405B0F8B60400282ED10E
:10238000DFF8FC0507003570701C00210170401C4F
:10239000DFF8EC1509780170401CDFF8E415497886
:1023A0000170401CDFF8D81589780170401CDFF8F7
:1023B000D015C9780170401CDFF8C4150979017087
:1023C000401CDFF8BC1549790170461CDFF89C05FC
:1023D000B0F8B6040830DFF89415A1F8B604DFF8B9
:1023E0008C05B0F8B60480B2000ADFF8801581F8D9
:1023F0002E01DFF87805B0F8B604DFF8701581F823
:102400002F01DFF86805B0F8B604001DDFF85C1591
:10241000A1F8B604DFF85405B0F8B614DFF8940C50
:1024200000F0E0FEADF80000BDF8000080B2000A48
:102430003070701CBDF800100170401CDFF82C15C6
:10244000B1F8B614891CDFF82425A2F8B6144EE2C0
:102450002900C9B21129C0F2C9802900C9B21D29B9
:1024600080F2C480DFF8502C2B00DBB2A6214B4356
:1024700002EB0301A1F606310F00DFF8402C2B0020
:10248000DBB2A6214B4302EB0301A1F606318846DD
:10249000A621ADF802106521DFF8D02482F82C11B6
:1024A0001521DFF8C82482F82D11DFF8146C002103
:1024B000DFF8B824A2F8B61400218B465846BDF8C0
:1024C000021080B2884231D25046C0B2BDF802102C
:1024D00080B288422AD23888B8F80010884218D0D2
:1024E000484680B2000A3070701C80F80090401C92
:1024F000398889B2090A0170401C39880170461C6C
:10250000DFF86804B0F8B604001DDFF86014A1F825
:10251000B6043888A8F80000BF1C18F1020819F1A9
:1025200002091AF1020A1BF1020BC7E7DFF83C04AB
:10253000B0F8B604002820D1DFF87C1B2A00D2B204
:10254000A620424301EB0200A0F6063007003570DA
:10255000701C00210170401C398889B2090A017081
:10256000401C39880170461CDFF80004B0F8B6043E
:10257000001DDFF8F813A1F8B604DFF8F003B0F897
:10258000B60480B2000ADFF8E41381F82E01DFF808
:10259000DC03B0F8B604DFF8D41381F82F01DFF8BC
:1025A000CC03B0F8B604001DDFF8C013A1F8B604E0
:1025B000DFF8B803B0F8B614DFF8F80A00F012FE3E
:1025C000ADF80000BDF8000080B2000A3070701C49
:1025D000BDF800100170401CDFF89013B1F8B6147C
:1025E000891CDFF88823A2F8B61480E12900C9B25B
:1025F000E029C0F2C5802900C9B2F02980F2C0806C
:10260000DFF8942B2B00DBB206214B4302EB0301D6
:10261000B1F5A8610F00DFF8842B2B00DBB2062197
:102620004B4302EB0301B1F5A86188460621ADF8E2
:1026300002106521CD4A82F82C111521CB4A82F86F
:102640002D11DFF87C6A0021C84AA2F8B6140021D7
:102650008B465846BDF8021080B288422FD25046B1
:10266000C0B2BDF8021080B2884228D23888B8F8CB
:102670000010884216D0484680B2000A3070701CA4
:1026800080F80090401C398889B2090A0170401C0A
:1026900039880170461CB548B0F8B604001DB3492E
:1026A000A1F8B6043888A8F80000BF1C18F1020889
:1026B00019F102091AF1020A1BF1020BC9E7AB4832
:1026C000B0F8B60400281ED1DFF8CC1A2A00D2B226
:1026D0000620424301EB0200B0F5A8600700357008
:1026E000701C00210170401C398889B2090A0170F0
:1026F000401C39880170461C9C48B0F8B604001D87
:102700009A49A1F8B6049948B0F8B60480B2000A14
:10271000964981F82E019548B0F8B604934981F89E
:102720002F019248B0F8B604001D9049A1F8B604F4
:102730008E48B0F8B614DFF87C0900F053FDADF810
:102740000000BDF8000080B2000A3070701CBDF8B7
:1027500000100170401C8549B1F8B614891C834AE9
:10276000A2F8B614C3E000BFC26500205E65002079
:10277000C665002062650020C865002064650020F1
:102780002900C9B2F029C0F2B280DFF8142A2B0068
:10279000DBB222214B4302EB0301B1F5FF510F00E5
:1027A000DFF8002A2B00DBB222214B4302EB0301AE
:1027B000B1F5FF5188462221ADF8021065216B4A20
:1027C00082F82C111521694A82F82D11DFF8F06882
:1027D0000021664AA2F8B61400218B465846BDF87F
:1027E000021080B288422FD25046C0B2BDF802100B
:1027F00080B2884228D23888B8F80010884216D0B3
:10280000484680B2000A3070701C80F80090401C6E
:10281000398889B2090A0170401C39880170461C48
:102820005248B0F8B604001D5049A1F8B6043888E3
:10283000A8F80000BF1C18F1020819F102091AF1EA
:10284000020A1BF1020BC9E74848B0F8B604002899
:102850001ED1DFF84C192A00D2B22220424301EBEC
:102860000200B0F5FF5007003570701C00210170A8
:10287000401C398889B2090A0170401C39880170EE
:10288000461C3A48B0F8B604001D3849A1F8B60411
:102890003648B0F8B60480B2000A344981F82E01F7
:1028A0003248B0F8B604314981F82F012F48B0F80A
:1028B000B604001D2D49A1F8B6042C48B0F8B61492
:1028C000DFF8F00700F08EFCADF80000BDF8000066
:1028D00080B2000A3070701CBDF800100170401CFE
:1028E0002249B1F8B614891C204AA2F8B614BDE8F2
:1028F000F78F00BFC965002065650020CA6500200C
:1029000066650020CE6500206A650020D265002043
:102910006E650020D665002072650020DA65002013
:1029200076650020DE6500207A650020E0650020E5
:102930007C650020E26500207E650020E4650020C3
:1029400080650020E665002082650020E8650020A3
:1029500084650020EA65002086650020EC65002083
:1029600088650020EE6500208A6500202C0000208C
:10297000EF6500208B650020F06500208C6500204D
:102980002C6500202DE9F84F84B00400002594F850
:1029900002B05FEA0B2BE07850EA0B0BA0788DF8C1
:1029A000000094F803809DF80000002840F08A8021
:1029B0002179090260790143ADF80610BDF80600DF
:1029C000022190FBF1F0ADF80C00DFF8DC07642188
:1029D000ADF808104146C9B2022291FBF2F100EBBA
:1029E0004100070006200600002082465046BDF840
:1029F0000C1080B288425DD24046C0B2BDF80810CB
:102A000080B2884256D2300080B2205CADF802001D
:102A1000761CBDF802000002ADF80200BDF80210FD
:102A2000300080B2205C0143ADF80210761C4046B5
:102A3000C0B25C2802DB0120050032E04046C0B293
:102A40005A280FD1BDF80200642804D100F04AFCD6
:102A500000F025FF25E0BDF80200652821D100F037
:102A60001EFF1EE04046C0B25A281ADA4046C0B2E5
:102A700042280FD10020DFF83017A1F846000020CF
:102A8000DFF82417A1F848000422DFF820174620B9
:102A900000F05FFF02220DF102014046C0B200F0DB
:102AA00058FFBDF802003880BF1C18F102081AF167
:102AB000010A9BE72800C0B2002800F0DB8201F089
:102AC00050FAD7E29DF80000012840F038822179C1
:102AD000090260790143ADF80610BDF8060050FA0E
:102AE00088F0ADF80A00A01D81464046C0B2BDF88E
:102AF0000A1080B2884280F01B824046C0B2002893
:102B000048D006285BD00A286FD00C2879D012282C
:102B100000F08D80222800F0A980322800F0BD80CE
:102B2000362800F0D180382800F0DA80392800F00B
:102B3000E2803A2800F0EA803E2800F0FE80422839
:102B400000F01281462800F026814A2800F03A81E0
:102B50004E2800F05881502800F06281522800F081
:102B60006C81542800F07681562800F08081582826
:102B700000F097815A2800F0A0815C2800F0A9811C
:102B80005E2800F0B2815F2800F0B981602800F073
:102B9000C081CAE100208246504680B206280BDA86
:102BA00099F80000DFF80816524692B2885419F1DD
:102BB00001091AF1010AEFE718F1060895E700206C
:102BC0008246504680B204280CDA99F80000DFF8FB
:102BD000E015524692B21144887119F101091AF1B7
:102BE000010AEEE718F104087FE70221484600F0E9
:102BF00035FBDFF8BC15488119F1020918F102080C
:102C000073E700208246504680B206280CDA99F815
:102C10000000DFF89C15524692B21144087319F176
:102C200001091AF1010AEEE718F106085DE7002034
:102C30008246504680B2102815DA99F80000DFF875
:102C40007015524692B21144887419F10100DFF8F0
:102C50006015524692B21144897C017010F101094D
:102C60001AF1010AE5E718F110083EE70020824654
:102C7000504680B210280DDA99F80000DFF83015C0
:102C8000524692B2114481F8220019F101091AF159
:102C9000010AEDE718F1100827E7002082465046A8
:102CA00080B204280DDA99F80000DFF804155246C6
:102CB00092B2114481F8320019F101091AF1010AA6
:102CC000EDE718F1040810E70221484600F0C6FAC3
:102CD000DFF8DC14C88619F1020918F1020804E7CC
:102CE00099F80000DFF8C81481F8380019F10109DB
:102CF00018F10108F9E699F80000DFF8B41481F83A
:102D0000390019F1010918F10108EEE600208246A8
:102D1000504680B204280DDA99F80000DFF89014CC
:102D2000524692B2114481F83A0019F101091AF1A0
:102D3000010AEDE718F10408D7E600208246504664
:102D400080B204280DDA99F80000DFF864145246C6
:102D500092B2114481F83E0019F101091AF1010AF9
:102D6000EDE718F10408C0E600208246504680B224
:102D700004280DDA99F80000DFF83414524692B2B4
:102D8000114481F8420019F101091AF1010AEDE735
:102D900018F10408A9E600208246504680B20428B3
:102DA0000DDA99F80000DFF80814524692B2114487
:102DB00081F8460019F101091AF1010AEDE718F14D
:102DC000040892E600208246504680B2042817DAB2
:102DD00099F80000DFF8D813524692B2114481F8F6
:102DE0004A0019F10100DFF8C813524692B21144AB
:102DF00091F84A10017010F101091AF1010AE3E794
:102E000018F1040871E60221484600F027FADFF8BD
:102E1000A013A1F84E0019F1020918F1020864E6A6
:102E20000221484600F01AFADFF88413A1F8500096
:102E300019F1020918F1020857E60221484600F08C
:102E40000DFADFF86C13A1F8520019F1020918F11C
:102E500002084AE60221484600F000FADFF8501363
:102E6000A1F8540019F1020918F102083DE6022107
:102E7000484600F0F3F9DFF83813A1F8560019F1CD
:102E8000020918F10208DFF82803B0F85600DFF84D
:102E90001813A1F84E006422C349002000F059FD28
:102EA00023E60221484600F0D9F9C149A1F85800AB
:102EB00019F1020918F1020817E60221484600F04C
:102EC000CDF9BB49A1F85A0019F1020918F102081D
:102ED0000BE60221484600F0C1F9B549A1F85C00B3
:102EE00019F1020918F10208FFE599F80000B0494C
:102EF00081F85E0019F1010918F10108F5E599F86A
:102F00000000AB4981F85F0019F1010918F10108CF
:102F1000EBE50221484600F0A1F9A549A1F86000BF
:102F200019F102091BF1020BDFE562208046DCE5A6
:102F300062229F494FF4807000F00BFD9AE09DF8EB
:102F4000000011284DDB9DF80000192849DA994846
:102F50000078002840F08E80002082465046964936
:102F6000B1F8BA1480B288420ED29348514689B261
:102F7000084490F884039049524692B2114481F873
:102F8000A20F1AF1010AE9E79DF8000010388A49FA
:102F900081F8A20F8848B0F8BA0488490880012057
:102FA0008449087003208649087084480088811E7F
:102FB00089B2844800F016F9ADF80400BDF80400A9
:102FC00080B2000A7C497D4A1288114481F8A00F22
:102FD000BDF804007849794A1288114481F8A10F9C
:102FE00048E079480078002844D1002082465046C5
:102FF0007149B1F8BA1480B288420FD26E48514676
:1030000089B2084490F884036B49524692B2114445
:1030100041F2744288541AF1010AE8E79DF8000071
:103020006A4908706448B0F8BA0469490880012008
:103030006549087003206749087065480088811E4B
:1030400089B2624800F0CEF8ADF80400BDF8040083
:1030500080B2000A58495E4A1288114441F2724215
:103060008854BDF804005449594A1288114441F269
:103070007342885405B0BDE8F08F80B54E48B0F873
:10308000B204022815DA4C48B0F8B204012810D175
:1030900000204949A1F8B20401224FF480714E4842
:1030A00002F069F94448B0F8B62402494B4802F0EE
:1030B000C4F901BD5801002060300020C03A002052
:1030C0005C01002038B53C4890F8C404012861D167
:1030D0000020394981F8C4043748B0F8BA04811E89
:1030E00089B23F4800F07EF8040033483249B1F815
:1030F000BA14084490F8821309022F482E4AB2F8F5
:10310000BA24104490F8830301430D0020002900E5
:1031100080B289B288423DD140F6B8302649A1F844
:10312000BC04254890F88503132807D12C48FDF7E7
:10313000B7FA05202049A1F8B20427E01E4890F80C
:103140008503152807D12648FEF776F905201A4988
:10315000A1F8B2041AE0184890F88503202815D188
:103160001F48FFF70FFC0020134981F88703002058
:10317000114981F8880300200F4981F88903184814
:10318000FEF75AF905200C49A1F8B20400200A49BB
:10319000A1F8B00431BD000058660020B8660020D8
:1031A000405B0020605D0020006400204664002039
:1031B0002C650020681300202C00002058130020EC
:1031C00069130020CE0F00203A180020A014002020
:1031D0002A1800203B18002000000240B06900209F
:1031E000B003002070B403004FF6FF700A0092B2E3
:1031F000002A03D180B2C04380B22DE00022140027
:103200001A7815005B1C220092B2082A17DA020015
:1032100092B212F001022E00B6B216F0010696EA42
:10322000020F06D080B202004AF2010090EA52007A
:1032300001E080B24008641CADB26D08E3E7491EAE
:103240000A0092B2002AD9D10600320092B2120AC4
:1032500052EA0022100080B270BC704710B4020025
:103260000B00DBB2022B07D11478531C24021A780E
:10327000144320005A1C12E00B00DBB2042B0ED1C9
:103280001478531C24021A7814435B1C24021A7805
:1032900014435B1C24021A78144320005A1C10BCEF
:1032A000704713005A1EDBB2002B04D003780B705A
:1032B000401C491CF5E7704730B40400002013009F
:1032C0005A1EDBB2002B0AD023780D78AB4201D016
:1032D0000123180023780B70641C491CEFE7C0B26F
:1032E00030BC70471CB502226946FE2000F008FB86
:1032F000BDF8000041F25E3188420FD16422DFF850
:103300003014002000F0FCFADFF824044089002883
:1033100003D10320DFF818144881A1E064220021C2
:10332000DFF80C0402F094FB41F25E30ADF80000CF
:1033300002226946FE2000F00CFB0320DFF8F013A8
:10334000A1F84E0040F20110DFF8E413A1F84C00A0
:103350005020DFF8DC13C8824620DFF8D41308833E
:103360000320DFF8CC1348833220DFF8C4138883AE
:103370000320DFF8BC1348810520DFF8B4138881EF
:103380000120DFF8AC1348840020DFF8A413888400
:103390000220DFF89C13C8840020010089B20929AB
:1033A00009DA411CDFF8882303009BB202EB4302D9
:1033B0001185401CF1E70024200080B204280ADABD
:1033C00014F10900DFF86813220092B201EB420108
:1033D000C881641CF0E70020DFF8541348870A20F6
:1033E000DFF84C1388870020DFF84413C8870520D6
:1033F000DFF83C13A1F840004820DFF83413A1F8AF
:1034000042000020DFF82813A1F846000020DFF872
:103410002013A1F848004FF4E260DFF81413A1F87C
:103420004A000020DFF80813A1F850000020DFF860
:103430000013A1F852000020DFF8F412A1F85400A4
:103440000120DFF8EC12A1F856000020DFF8E012AE
:10345000A1F85A006422DFF8D812002000F079FAAF
:1034600013BD80B5022269464FF4F07000F048FAAF
:10347000BDF8000041F25D31884220D16222DFF8C0
:10348000B4124FF4807000F03BFA0120DFF8A41270
:1034900081F85F001520DFF89C1281F85E0040F291
:1034A0008630DFF89012A1F858001620A149A1F843
:1034B0005A0040F299309F49A1F85C00BAE06222BC
:1034C00000219C4802F0C4FA41F25D30ADF80000E2
:1034D000022269464FF4F07000F03BFA75209549DE
:1034E000887134209349C8715B2092490872D320B7
:1034F0009049487241F661608E49488170208D493B
:103500000870C7208B4948706F208A4988708420D2
:103510008849C87000208749087102208549487190
:103520007520844981F832003420824981F83300C3
:103530005B20804981F83400D3207E4981F8350032
:1035400041F661607B49C88670207A490873C720BC
:10355000784948736F207749887384207549C87308
:10356000002074490874022072494874C0207149CF
:1035700081F83A00A8206F4981F83B0000206D498E
:1035800081F83C000A206B4981F83D00FF20694921
:1035900081F83E00FF20674981F83F00FE20654921
:1035A00081F840000020634981F84100C020614952
:1035B00081F84200A8205F4981F8430000205D495E
:1035C00081F8440001205B4981F8450001205949F8
:1035D00081F838000120574981F839000120554908
:1035E000A1F84E0001205349A1F850000120514993
:1035F000A1F8540003204F49A1F8560001204D497D
:1036000081F85F0015204B4981F85E0040F286305A
:103610004849A1F8580016204649A1F85A0040F23E
:1036200099304449A1F85C00622242494FF480700D
:1036300000F08FF901BD80B50222694640F2FE60BC
:1036400000F05EF9BDF8000041F25D31884207D11B
:103650004FF4107239494FF4806000F051F92CE0BA
:103660004FF410720021354802F0F2F90B22344970
:10367000324802F0F7F90B223249334802F0F2F9EE
:1036800001202E49A1F8300204202C49A1F8320271
:1036900001202A49A1F834024FF4107227494FF44F
:1036A000806000F056F941F25D30ADF80000022272
:1036B000694640F2FE6000F04CF901BD80B524225D
:1036C0000021224802F0C4F970220021204802F0B3
:1036D000BFF943F2340200211E4802F0B9F9642216
:1036E0000021134802F0B4F962220021114802F0CF
:1036F000AFF94FF426620021174802F0A9F94FF400
:10370000087200210C4802F0A3F96022002113483E
:1037100002F09EF9FFF7E6FDFFF7A3FEFFF78BFF30
:103720004FF4A07200210E4802F092F901BD000092
:10373000006400202C650020405B002080540020A5
:10374000ECE90208F8E90208D0540020346B0020AC
:10375000906300202C00002060300020586600207C
:103760007055002010F007035A490A684FF6FF0110
:103770000A4052EA032258490A4356490A607047F0
:1037800054480068C0F302207047012210F01F0166
:103790008A40524903005BB25B0941F8232070471D
:1037A00010B4020052B2002A09D50A014C4B0400A1
:1037B00064B214F00F04234403F8042C04E00A015B
:1037C000484B040064B21A5510BC704770B4030033
:1037D00013F00704D4F10700052801D3042001E009
:1037E000D4F10700251D072D01D2002500E0E51EBC
:1037F000012616FA00F0401E0140A940012010FAEF
:1038000005F56D1E2A401143080070BC7047BFF3D8
:103810004F8F3048016811F4E061334801432D486F
:103820000160BFF34F8F00BFFDE710B50400601EBD
:10383000B0F1807F01D301200EE0601E2B490860AB
:103840000F215FF0FF30FFF7ABFF00202849086031
:10385000072028490860002010BD10B50400200092
:10386000FFF780FF10BD2DE9F04104000D001600A8
:103870000027FFF785FF8046320029004046FFF70A
:10388000A5FF0100200040B2FFF78AFFBDE8F081EC
:1038900010B50400200040B2FFF777FF10BD80B5DF
:1038A000FFF7B5FF01BD10B504002000FFF7BDFF15
:1038B00010BD042806D10F49096851F004010D4AD2
:1038C000116005E00B49096831F00401094A1160F3
:1038D000704700000CED00E00000FA0500E100E098
:1038E00018ED00E000E400E00400FA0514E000E058
:1038F00018E000E010E000E080B500F06BF801BDDA
:103900007CB506000C001500002201212F4801F0B3
:1039100032FD03208DF80000300080B2000A8DF8DF
:10392000010030008DF802004FF47A7303226946DB
:10393000274802F0E4F84FF47A732A0092B221008B
:10394000234802F0B4F901220121204801F013FDBF
:1039500073BD7CB504000D001600002201211B4838
:1039600001F009FD06208DF800004FF47A73012262
:103970006946174802F0C3F801220121134801F0FB
:10398000FAFC00220121114801F0F5FC02208DF81B
:103990000000200080B2000A8DF8010020008DF8A0
:1039A00002004FF47A7303226946094802F0A7F82F
:1039B0004FF47A73320092B22900054802F09FF862
:1039C00001220121014801F0D6FC73BD0004024030
:1039D000D867002010B5DFF86409C07F012800F027
:1039E0006B820120DFF85419C877DFF8500900898D
:1039F000002806D0DFF844090089401EDFF83C1992
:103A00000881DFF838094089002806D0DFF82C0942
:103A10004089401EDFF824194881DFF82009808999
:103A2000002806D0DFF814098089401EDFF80C1941
:103A30008881DFF80809C089002806D0DFF8FC0873
:103A4000C089401EDFF8F418C881DFF8F008008A4A
:103A5000002806D0DFF8E408008A401EDFF8DC18F2
:103A60000882DFF8D808408A002806D0DFF8CC08A2
:103A7000408A401EDFF8C4184882DFF8C008008979
:103A8000002808D14EF66020DFF8B0180881012028
:103A9000DFF8A8180875DFF8A4084089002808D1C5
:103AA0004FF47A70DFF8941848810120DFF88C1801
:103AB0004875DFF888088089002808D14FF4FA702B
:103AC000DFF8781888810120DFF870188875DFF832
:103AD0006C08C089002807D16420DFF86018C8810D
:103AE0000120DFF85818C875DFF85008008A002850
:103AF00007D13220DFF8441808820120DFF83C1893
:103B00000876DFF83808408A002807D10A20DFF855
:103B10002C1848820120DFF8241848760120DFF8AD
:103B20001C188876DFF814084068022806D3DFF8EE
:103B30000C084068401EDFF804184860DFF80008F1
:103B4000B0F84A00C00527D5DFF8F40790F8500018
:103B5000C00721D5DFF8E807B0F90010DFF8E0076B
:103B6000808BDFF8DC27528912180A2042439142E9
:103B70001BDADFF8CC07B0F85400022815DADFF8BA
:103B8000C407806E002810D0DFF8B807806E401E92
:103B9000DFF8B017886608E0DFF8A40781894EF6E1
:103BA00060204143DFF89C0781660020DFF88C1716
:103BB000C877DFF888070068401CDFF880170860C6
:103BC0000024200080B20A2880F29280DFF8781763
:103BD000220092B240F2D240424301EB0200B0F820
:103BE000B004002816D0DFF86017220092B240F22D
:103BF000D240424301EB0200B0F8B004411EDFF8AE
:103C0000482723009BB240F2D240434302EB03001B
:103C1000A0F8B014DFF83017220092B240F2D24080
:103C2000424301EB0200B0F8BC04002816D0DFF8D4
:103C30001817220092B240F2D240424301EB020038
:103C4000B0F8BC04411EDFF8002723009BB240F20D
:103C5000D240434302EB0300A0F8BC14DFF8E8169F
:103C6000220092B240F2D240424301EB0200B0F88F
:103C7000B204022816DBDFF8D016220092B240F21E
:103C8000D240424301EB0200B0F8B204411EDFF81B
:103C9000B82623009BB240F2D240434302EB03001C
:103CA000A0F8B214DFF8A016220092B240F2D2407F
:103CB000424301EB0200B0F8C204022816DBDFF831
:103CC0008816220092B240F2D240424301EB020039
:103CD000B0F8C204411EDFF8702623009BB240F208
:103CE000D240434302EB0300A0F8C214641C68E70F
:103CF000DFF85406B0F8BC04002817D0DFF83C0603
:103D000000686421B0FBF1F201FB1200332806D3F6
:103D100000224021DFF8340601F02DFB1EE00122D5
:103D20004021DFF8280601F026FB17E0DFF80C063B
:103D300000684FF4FA71B0FBF1F201FB1200FB28AE
:103D400006D300224021DFF8040601F014FB05E051
:103D500001224021DFF8F40501F00DFBDFF8E80552
:103D6000B0F8600E002817D0DFF8D0050068642195
:103D7000B0FBF1F201FB1200332806D30022102120
:103D8000DFF8CC0501F0F7FA22E001221021DFF87C
:103D9000C00501F0F0FA1BE0DFF8AC0590F86D0EFD
:103DA00000280FD0DFF8A00590F86D0E401EDFF858
:103DB000981581F86D0E00221021DFF8940501F0AE
:103DC000DAFA05E001221021DFF8840501F0D3FAC8
:103DD000DFF880050088002819D0DFF8600500684A
:103DE0006421B0FBF1F201FB1200332807D300225B
:103DF0004FF48061DFF8600501F0BDFA22E0012296
:103E00004FF48061DFF8500501F0B5FA1AE0DFF8F1
:103E10004C05007800280ED0DFF840050078401EE1
:103E2000DFF83815087000224FF48061DFF82805AC
:103E300001F0A1FA06E001224FF48061DFF81805D5
:103E400001F099FADFF818050088002819D0DFF88A
:103E5000EC0400686421B0FBF1F201FB120033288E
:103E600007D300224FF40071DFF8EC0401F083FA6D
:103E700022E001224FF40071DFF8DC0401F07BFA4C
:103E80001AE0DFF8E004007800280ED0DFF8D40450
:103E90000078401EDFF8CC14087000224FF4007147
:103EA000DFF8B40401F067FA06E001224FF4007174
:103EB000DFF8A40401F05FFA10BD10B5040020681B
:103EC000DFF8A414884206D100224FF48071DFF895
:103ED0007C0401F050FA2068DFF89014884205D184
:103EE00000220821DFF8680401F045FA2068DFF8B5
:103EF000801488420DD100228021DFF8540401F0A3
:103F00003AFADFF87004007810F0FE00DFF864146D
:103F100008702068DFF86014884206D100224FF450
:103F20008071DFF8340401F026FA2068DFF84C14C1
:103F3000884205D100220821DFF8100401F01BFAA5
:103F400010BD80B50022DFF8541BDFF8E40C02F04E
:103F50008AFA0022DFF8481BDFF8D40C02F0D1F90E
:103F600001BD80B5DFF8D803B0F85C0080B2000A6C
:103F7000DFF8281BC870DFF8C803B0F85C00DFF872
:103F80001C1B0870DFF8B803B0F85E0080B2000AAE
:103F9000DFF8081B4870DFF8A803B0F85E00DFF810
:103FA000FC1A8870DFF89803B0F8600080B2000A4D
:103FB000DFF8EC1A0870DFF88803B0F86000DFF86B
:103FC000E01A4870DFF87803B0F86200DFF8D01A22
:103FD00088700022DFF8C41ADFF8540C02F0C5F92B
:103FE0000022DFF8BC1ADFF8480C02F0FDF801BD32
:103FF000DFF84C03C08F002818D002282BD024D320
:10400000042834D02DD306283ED036D3082849D0F2
:1040100041D30A2854D04CD30C285FD057D30E2854
:104020006AD062D3102875D06DD37AE0DFF8B01B68
:10403000DFF80C03028DA620424301EB020030F8AA
:10404000A60CDFF8FC12088070E0DFF8980B0088FF
:10405000BB4908806AE0DFF88C0B4088B8490880CB
:1040600064E0DFF8800B408CB54908805EE0DFF843
:10407000740B808CB249088058E0DFF8680BB0F808
:104080004400AF49088051E0DFF8580BB0F8460013
:10409000AB4908804AE0DFF84C0BB0F86600A8494D
:1040A000088043E0DFF83C0BB0F86800A4490880C2
:1040B0003CE0DFF8300BB0F88800A149088035E01B
:1040C000DFF8200BB0F88A009D4908802EE0DFF869
:1040D000140BB0F8AA009A49088027E0DFF8040B17
:1040E000B0F8AC009649088020E0DFF8F80AB0F894
:1040F000CC009349088019E0DFF8E80AB0F8CE0058
:104100008F49088012E0DFF8DC0AB0F8EE008C4935
:1041100008800BE0DFF8CC0AB0F8F000884908808E
:1041200004E0DFF8BC0A008885490880704780B544
:104130008348B0F9000047F6FF71884200F08480A0
:104140007F48B0F900004FF6FF7188427CD07C4870
:10415000B0F84A00C00573D5794890F85000C00700
:104160006ED57748B0F85400002806D0022827D032
:1041700011D3042851D046D366E001207049A1F83C
:1041800054006F48B0F852104FF6FE7001406C4872
:10419000A0F8521058E06A48B0F900106848808BC7
:1041A000674A528912180A204243914203DA65484D
:1041B000806E002803D102206149A1F8540043E039
:1041C0005F48B0F900105E48828B0A20424391425A
:1041D00018DA5B48B0F8520050F001005849A1F8D5
:1041E00052005748B0F84A00800507D55448B0F847
:1041F000520050F002005249A1F8520003205049E9
:10420000A1F8540020E04E4890F85200800703D4F3
:1042100004204B49A1F8540016E04948818B0A203C
:1042200041434748B0F90000814208DA4448B0F8F9
:1042300052104FF6FE7001404148A0F8521003E0C2
:1042400000203F49A1F854003D4890F84A00C006BC
:1042500031D43B48B0F84800002809D00020384944
:10426000A1F848000222DFF8A41B4820FFF771FBE9
:104270003348B0F84600002809D000203049A1F8A2
:1042800046000222DFF8881B4620FFF762FB2C481D
:1042900090F8520040070ED52948B0F852104FF65A
:1042A000FB7001402648A0F852100222DFF8B01B34
:1042B0005220FFF74EFB01BDDFF8A80B007A012862
:1042C0003AD00120DFF89C1B0872DFF89C0B0068D5
:1042D000C04310F47040DFF88C1BC880DFF8841BEB
:1042E000C988DFF8802B9288914217D1DFF8741BC0
:1042F0000988322916DADFF86C1B0988491CDFF8B7
:10430000642B1180DFF85C1B098832290AD1DFF8A1
:10431000541BC988DFF84C2B518003E00021DFF8E3
:10432000442B1180DFF83C1BC988DFF8382B9180C3
:104330000021DFF8302B117270470000346B002031
:1043400000640020906300202C0000200000024048
:10435000000C024030180020000802403D180020E8
:104360005E1300206B130020001001400044004049
:10437000004800402C6C0020004C004000500040E1
:104380002DE9F04102F0F0F824220021DFF8DC0AE8
:1043900001F05EFB00270A2F08D240F2D242002132
:1043A000DFF8CC0A01F054FB7F1CF4E770220021F7
:1043B000DFF8C00A01F04CFB0A220021DFF8A40A52
:1043C00001F046FB0A220021DFF8AC0A01F040FBB5
:1043D00064220021DFF8A40A01F03AFB64220021E4
:1043E000DFF89C0A01F034FB64220021DFF8940A14
:1043F00001F02EFB62220021DFF88C0A01F028FB7D
:1044000062220021DFF8840A01F022FB62220021EF
:10441000DFF87C0A01F01CFB5FF00008B8F1100F18
:1044200008D2A6220021DFF8B80701F011FB18F12D
:104430000108F3E70027102F07D2A6220021DFF89A
:10444000540A01F005FB7F1CF5E75FF00008B8F1A6
:10445000100F08D206220021DFF83C0A01F0F8FA1A
:1044600018F10108F3E70027102F07D206220021D8
:10447000DFF8280A01F0ECFA7F1CF5E75FF000088E
:10448000B8F1100F08D206220021DFF8FC0B01F072
:10449000DFFA18F10108F3E70027102F07D22222D4
:1044A0000021DFF8400701F0D3FA7F1CF5E75FF049
:1044B0000008B8F1100F08D222220021DFF8CC0B3F
:1044C00001F0C6FA18F10108F3E70027102F07D210
:1044D00022220021DFF8B80B01F0BAFA7F1CF5E7C1
:1044E0002A220021DFF8AC0B01F0B2FA2A220021C7
:1044F000DFF8A40B01F0ACFA2A220021DFF89C0BB4
:1045000001F0A6FA0A220021DFF8940B01F0A0FACC
:104510000A220021DFF88C0B01F09AFA0A2200210E
:10452000DFF8840B01F094FA14220021DFF87C0BF1
:1045300001F08EFA14220021DFF8740B01F088FAE2
:1045400014220021DFF86C0B01F082FA0622002110
:10455000DFF8640B01F07CFA0A220021DFF8440B3B
:1045600001F076FA06220021DFF8500B01F070FA14
:104570004FF410720021DFF8480B01F069FA4FF494
:1045800010720021DFF83C0B01F062FA4FF4107258
:104590000021DFF8340B01F05BFA00F083FA00F041
:1045A0007FFC00F0E8FB01F0FFFF00F00AFC00F0E8
:1045B00031FC00F080FB00F0AEFB00F03BFB00F0B4
:1045C00013FB00F0F0FA00224FF48071DFF8FC0AD0
:1045D00000F0D1FE00220821DFF8F40A00F0CBFE43
:1045E00000228021DFF8E80A00F0C5FE00224FF427
:1045F0008071DFF8E00A00F0BEFE00220821DFF83B
:10460000CC0A00F0B8FEFFF759F8DFF8CC0A0068D2
:10461000C06850F02000DFF8C01A0968C860DFF8F1
:10462000BC0A0068C06850F02000DFF8B01A0968C2
:10463000C860DFF8AC0A0068C06850F02000DFF8FE
:10464000A01A0968C860DFF89C0A0068C06850F0CA
:104650002000DFF8901A0968C860DFF88C0A00684B
:10466000C06850F02000DFF8801A0968C860642034
:10467000DFF8F81748604FF6FF70DFF8F81788800A
:10468000FF20DFF8681A08704FF49670DFF8E01723
:10469000A1F8560E4FF49670DFF8541A08804FF4C4
:1046A0009670DFF8501A08800020DFF8D017488095
:1046B0000020DFF8C817C8830020DFF8C01708847F
:1046C00001F081FFFEF7FEFCFEF7D7FC02F06DF86B
:1046D00002F0E5F802F026FD02F06BFE03F09AF915
:1046E00003F0AFFADFF88407807E012805D10020AF
:1046F000DFF878178876FFF7DFFDDFF87007407E78
:10470000012840F0BE800020DFF860174876FFF7F0
:104710006FFCFFF70CFDDFF86407B0F84E000400F3
:10472000DFF85807B0F84C000500DFF85007B0F884
:104730004C0080B2000A060000212000C0B2814275
:104740001BD2DFF8300700EB4100C088002809D0F9
:10475000DFF82807408801228A401043DFF81C2731
:10476000508008E0DFF81407408801228A40904317
:10477000DFF808275080491CDFE700222800C0B27C
:1047800082421BD2DFF8EC0600EB4200C08C00280E
:1047900009D0DFF8E806C08B012191400843DFF81B
:1047A000DC16C88308E0DFF8D406C08B01219140F5
:1047B0008843DFF8C816C883521CDFE700273000A3
:1047C000C0B287421CD2DFF8AC0600EB4700B0F85D
:1047D0004600002809D0DFF8A406008C0121B9406A
:1047E0000843DFF89816088408E0DFF89006008C8C
:1047F0000121B9408843DFF8841608847F1CDEE776
:10480000DFF8780690F82000C00709D447F6FF705B
:10481000DFF8D013088047F6FF70DFF8C813488030
:10482000DFF8580690F82000800709D447F6FF709B
:10483000DFF8B013488447F6FF70DFF8A8138884C8
:10484000DFF8380690F8200040070AD447F6FF70DA
:10485000DFF89013A1F8440047F6FF70E149A1F892
:104860004600DFF8180690F82000000709D447F644
:10487000FF70DC49A1F8660047F6FF70D949A1F83E
:104880006800DFF8E805007E012805D10020DFF888
:10489000DC150876FFF755FBDFF8D005C07D012851
:1048A00009D10020DFF8C415C8754AF6AA20DFF840
:1048B000481809680860DFF8B405807D012814D124
:1048C0000020DFF8A8158875DFF8A00590F8200013
:1048D000002805D10120DFF8941581F8200004E0BC
:1048E0000020DFF8881581F82000DFF89005B0F887
:1048F0004A00000469D5DFF87405407D01287FF483
:10490000DFAE0020DFF864154875DFF87005B0F8F9
:10491000420000283FF4D4AEDFF8600590F84A006A
:10492000C0067FF5CDAEDFF8540590F85000C00703
:104930007FF5C6AEDFF8440590F8520010F00C0F7A
:104940007FF4BEAEDFF83405B0F84800401CDFF855
:104950002C15A1F84800DFF82405B0F848003C28E1
:104960002CDB0020DFF81415A1F84800DFF80C0557
:10497000B0F84600401CDFF80415A1F84600DFF847
:10498000FC04B0F84600DFF8F414B1F84210884295
:104990000ED30020DFF8E414A1F84600DFF8DC04B1
:1049A000B0F8520050F00400DFF8D014A1F8520023
:1049B0000222DFF85C144620FEF7CBFF0222DFF86C
:1049C0004C144820FEF7C5FF7AE6DFF8A004007D0E
:1049D00001287FF475AE0020DFF890140875DFF829
:1049E0009C04B0F8420000283FF46AAEDFF88C0463
:1049F00090F84A00C0067FF563AEDFF8800490F8B7
:104A00005000C0077FF55CAEDFF8700490F85200EC
:104A100010F00C0F7FF454AEDFF86004B0F84800DB
:104A2000401CDFF85814A1F84800DFF85004B0F833
:104A300048003C282CDB0020DFF84014A1F8480097
:104A4000DFF83804B0F84600401CDFF83014A1F855
:104A50004600DFF82804B0F84600DFF82014B1F86B
:104A6000421088420ED30020DFF81014A1F846004F
:104A7000DFF80804B0F8520050F00400DFF8FC132F
:104A8000A1F852000222DFF888134620FEF761FFEA
:104A90000222DE494820FEF75CFF11E6206C002070
:104AA000786B002000B5A9B000200090DFF84C061C
:104AB000006850F08050DFF844160860DFF83C06CC
:104AC000006810F080500090009800200090DFF8FF
:104AD0003006006850F44040DFF824160860DFF824
:104AE0002006006810F440400090009809200690CD
:104AF0005FF48030079001200B9002200C905FF44F
:104B000080000D9019200E90C0200F900220109070
:104B1000042011900220129006A803F02FFB002819
:104B200005D040F21231DFF8DC0500F005FB0F2064
:104B3000019002200290002003904FF480500490D6
:104B400000200590032101A803F012FD002805D0E4
:104B50004FF44871DFF8AC0500F0EEFA282013900E
:104B60004FF400701C9000201F9013A803F0F2F87F
:104B7000002805D04FF44A71DFF8880500F0DCFA10
:104B800003F09BFD4FF47A71B0FBF1F0FEF78BFE62
:104B90000420FEF78EFE002200215FF0FF30FEF7BA
:104BA00062FE29B000BD80B5DFF85C05DFF848156E
:104BB00008600620DFF84015486040F27120DFF8F9
:104BC00038158860DFF8300503F09CFD002805D01B
:104BD00040F25731DFF82C0500F0AEFA01BD0000BD
:104BE00060300020405B002080B5DFF820051049D0
:104BF000086000200E4948607F200D498860FF2032
:104C00000B49C86000200A49086100200849486132
:104C1000002007498861064801F080FA002805D085
:104C200040F27331DFF8DC0400F086FA01BD0000C9
:104C3000586B002080B5DFF8D804DFF8D81408607E
:104C40004FF48270DFF8CC1448600020DFF8C41401
:104C500088600020DFF8BC14C8600020DFF8B414BE
:104C600008610020DFF8AC1448614FF40070DFF8F1
:104C7000A41488611020DFF89C14C8610020DFF8BC
:104C8000941408620020DFF88C1448620020DFF8DA
:104C9000841488620A20DFF87C14C862DFF8740488
:104CA00000F0E6FE002805D040F28E31DFF8540413
:104CB00000F042FA01BD80B5DFF85C04DFF824148F
:104CC00008604FF41650DFF81C1448600020DFF82D
:104CD000141488600020DFF80C14C8600020DFF88E
:104CE000041408610C20DFF8FC1348610020DFF891
:104CF000F41388610020DFF8EC13C861DFF8E403E7
:104D000000F060FB002805D040F2A131DFF8F40389
:104D100000F012FA01BD80B5DFF80004DFF8C81317
:104D200008604FF41650DFF8C01348600020DFF829
:104D3000B81388600020DFF8B013C8600020DFF8E7
:104D4000A81308610C20DFF8A01348610020DFF8E9
:104D5000981388610020DFF89013C861DFF888039A
:104D600000F030FB002805D04FF46D71DFF894039C
:104D700000F0E2F901BD80B5DFF8A403D649086070
:104D80004FF41640D44948600020D3498860002081
:104D9000D149C8600020D04908610C20CE49486143
:104DA0000020CD4988610020CB49C861CA4800F085
:104DB00009FB002804D040F21341D24800F0BCF9AE
:104DC00001BD80B5D748C54908604FF41650C349A6
:104DD00048600020C14988600020C049C8600020A8
:104DE000BE4908610C20BD4948610020BB4988616B
:104DF0000020BA49C861B94800F0E4FA002804D09C
:104E000040F22641BF4800F097F901BD48640020F8
:104E10004664002080B5C448B14908604FF496400C
:104E2000AF4948600020AE4988600020AC49C860A6
:104E30000020AB4908610C20A94948610020A8491D
:104E400088610020A649C861A54800F0BBFA002887
:104E500004D040F23941AB4800F06EF901BD0000CA
:104E600052640020D46B002010100240346B0020EC
:104E70002C00002090630020E06B002000640020E4
:104E800064640020C86400202C6500209065002028
:104E9000F4650020C03A002058660020B866002063
:104EA00080B586B000200590A048006850F0100042
:104EB0009E4908609D48006810F010000590059814
:104EC000002005909948006850F0800097490860DC
:104ED0009648006810F08000059005980020059025
:104EE0009248006850F00100904908608F480068BF
:104EF00010F0010005900598002005908B4800688F
:104F000050F00400894908608848006810F00400E7
:104F100005900598002005908448006850F0020034
:104F2000824908608148006810F0020005900598E9
:104F3000002005907D48006850F008007B4908601B
:104F40007A48006810F008000590059800224FF498
:104F50004361774800F00FFA002248F208115B48DD
:104F600000F009FA01224021584800F004FA00221A
:104F70000121704800F0FFF900224FF4807155487C
:104F800000F0F9F901224FF4C061524800F0F3F942
:104F9000002288214E4800F0EEF9012210214C48F1
:104FA00000F0E9F94FF443600090012001900020E7
:104FB00002900020039069465D4800F0D3F848F263
:104FC0000810009001200190002002900020039022
:104FD00069463E4800F0C6F840200090112001903C
:104FE00000200290002003906946384800F0BAF88B
:104FF00001200090012001900020029000200390E9
:1050000069464C4800F0AEF84FF470400090002024
:105010000190012002906946454800F0A3F84FF442
:1050200080700090012001900020029000200390E9
:105030006946284800F096F84FF4C06000901120AF
:10504000019000200290002003906946214800F062
:1050500089F8882000900120019000200290002013
:10506000039069461A4800F07DF810200090112046
:10507000019000200290002003906946144800F03F
:1050800071F807B000BD000018670020605D0020C7
:10509000805F0020B06A0020DC6A0020086B0020DE
:1050A000EC6B0020F86B0020046C00208C6B00205F
:1050B000A06B0020B46B0020106C0020186C002046
:1050C00080540020C05600200059002000000240FB
:1050D000000C024000080240B0690020F069002086
:1050E000306A0020306800207068002039180020E5
:1050F0005413002026180020C86B002040380240BE
:1051000000700040C4E70208003000400028004062
:10511000003C0040D8670020004C00400050004098
:105120000010014000440040004800403038024078
:105130000010024000040240FEE70EE002684368EF
:10514000024408305FEAC37C44BF4B445B1E52F804
:1051500004CB43F804CB091FF9D150F8041B0029F4
:10516000ECD17047F8B40023002400250026102E4F
:1051700080F0FF800122B24013000A681A40140038
:105180009C4240F0F4804A68022A02D04A68122AFF
:105190001ED13200D20800EB8202176A5FF00F0CBA
:1051A00016F00702D2B292001CFA02FC37EA0C0792
:1051B000D1F810C016F00702D2B292001CFA02FC1D
:1051C0005CEA07073D003200D20800EB820215625C
:1051D00007685FF0030C3200D2B252001CFA02FCE6
:1051E00037EA0C0791F804C01CF0030C3200D2B26D
:1051F00052001CFA02FC5CEA070707604A68012AB1
:1052000008D04A68022A05D04A68112A02D04A68A2
:10521000122A24D185685FF0030C3200D2B252000A
:105220001CFA02FC35EA0C05D1F80CC03200D2B2EF
:1052300052001CFA02FC5CEA0505856042685FF0DA
:10524000010C1CFA06FC32EA0C02D1F804C0CCF3C3
:10525000001C1CFA06FC5CEA020217004760C568E5
:105260005FF0030C3200D2B252001CFA02FC35EAA5
:105270000C05D1F808C03200D2B252001CFA02FC70
:105280005CEA0505C5604A68D20070D5002200922C
:105290003F4A126852F480423D4F3A603C4A1268DD
:1052A00012F480420092009A3A4A3700BF0852F83E
:1052B00027705FF00F0C16F00302D2B292001CFAB6
:1052C00002FC37EA0C07344A904201D100251EE067
:1052D000324A904201D1012519E0314A904201D170
:1052E000022514E02F4A904201D103250FE02E4AF7
:1052F000904201D104250AE02C4A904201D10525B3
:1053000005E02B4A904201D1062500E00725EDB2C9
:1053100016F00302D2B2920095402F431D4A350089
:10532000AD0842F82570234A1268A2434D68ED0388
:1053300000D522431F4D2A601F4D2D68A5434F689D
:10534000BF0300D525431C4A15601C4A1268A243BE
:105350004F68FF0200D52243184D2A60184D2D6872
:10536000A5434F68BF0200D52543154A1560761C3A
:10537000FDE6F1BC70471300DBB2002B03D00B003D
:105380009BB2836103E00B009BB21B0483617047F7
:105390004438024008380140000002400004024046
:1053A00000080240000C02400010024000140240BD
:1053B00000180240003C0140043C0140083C014010
:1053C0000C3C014010B50400002C01D1012033E059
:1053D000A0690028FFD194F83900002805D10020E9
:1053E00084F83800200003F03AFA242084F83900C9
:1053F0002068C06830F400502168C860200000F0C8
:105400009BF92068006930F49040216808612068A9
:10541000406930F02A00216848612068C06850F473
:1054200000502168C8600020E063202084F8390023
:10543000202084F83A00002010BD10B4030093F837
:105440003900202823D1002903D0100080B2002881
:1054500001D101201CE093F83800012801D102207D
:1054600016E0012083F8380019629A84DA8400205B
:10547000D863212083F83900002083F838001868A9
:10548000C06850F080001C68E060002000E002204E
:1054900010BC70472DE9F843060030680768306893
:1054A000D0F80C803068D0F814900020002517F058
:1054B0000F04002C08D1B80606D55FEA886003D532
:1054C000300000F0E8F880E0002C6CD05FEAC97092
:1054D00002D418F4907F66D03800C00706D55FEA82
:1054E000C85003D5F06B50F00100F063780706D583
:1054F0004846C00703D5F06B50F00200F063B807D0
:1055000006D54846C00703D5F06B50F00400F063A1
:10551000380706D54846C00703D5F06B50F00800A1
:10552000F063F06B00283DD0B80605D55FEA8860CF
:1055300002D5300000F0AFF830684069800910F003
:1055400001000500F06B000701D4002D25D03000CC
:1055500000F03DF83068406940061AD5306840696F
:1055600030F0400031684861706B00280DD00FF2B8
:105570008100716B0865706B03F078FB002811D017
:10558000706B716B096D88470CE0300003F082FB93
:1055900008E0300003F07EFB04E0300003F07AFB0B
:1055A0000020F06311E0380606D55FEA086003D5F5
:1055B000300000F029F808E0780606D55FEA486078
:1055C00003D5300000F057F8FFE7BDE8F18301682C
:1055D000C96831F490710268D1600168496949086D
:1055E000490002685161202180F83A10704700009C
:1055F00038B50400A56B0020E8850020E884280069
:1056000003F048FB31BD0000010091F8390021286A
:105610002FD18868B0F5805F11D1086A0200108828
:10562000C005C00D0B6858600869002803D1086ADE
:10563000801C086209E0086A401C086205E0086AEC
:10564000431C0B6200780B685860C88C401EC884ED
:1056500080B200280BD10868C06830F080000B6869
:10566000D8600868C06850F040000B68D86000201F
:1056700000E00220704710B504002068C06830F0D8
:1056800040002168C860202084F839002000FEF71F
:1056900014FC002010BD38B5040094F83A0022280C
:1056A00048D1A068B0F5805F16D1A06A05002069D6
:1056B000002808D120684068C005C00D2880A06A75
:1056C000801CA0621AE02068406800F0FF0028807B
:1056D000A06A401CA06211E02069002806D1A06ADF
:1056E000411CA16221684968017007E0A06A411C61
:1056F000A1622168496811F07F010170E08D401EB0
:10570000E08580B2002813D12068C06830F4907022
:105710002168C860206840694008400021684861ED
:10572000202084F83A00200003F0B5FA002002E0BF
:10573000002000E0022032BD2DE9F84304000021E2
:105740002068026932F44052E06802432068026136
:105750002068C368BB480340A06803432069034333
:1057600060690343E06903432068C36020684569BA
:1057700035F44075A069054320684561E069B0F5DE
:10578000004F40F0B0802068AF49884203D02068C5
:10579000AE49884253D102F09EFF814602F09BFF42
:1057A000804602F098FF070002F095FF060002F025
:1057B00092FF192101FB09F961684900B9FBF1F178
:1057C0006422B1FBF2F2192101FB08F8616849007B
:1057D000B8FBF1F319214F4361684900B7FBF1F1C0
:1057E0006427B1FBF7F77FF0630101FB0733D900B2
:1057F00032316423B1FBF3F35B0013F4F87313EB62
:10580000021319214E4361684900B6FBF1F21921D8
:10581000484361684900B0FBF1F06421B0FBF1F14D
:105820007FF0630000FB0122D00032306421B0FB26
:10583000F1F010F00700C3182068836000E102F067
:105840003FFF814602F03CFF804602F039FF07002F
:1058500002F036FF060002F033FF192101FB09F9BF
:1058600061684900B9FBF1F16422B1FBF2F2192140
:1058700001FB08F861684900B8FBF1F319214F43B7
:1058800061684900B7FBF1F16427B1FBF7F77FF0DE
:10589000630101FB0733D90032316423B1FBF3F319
:1058A0005B0013F4F87313EB021319214E43616884
:1058B0004900B6FBF1F21921484361684900B0FB89
:1058C000F1F06421B0FBF1F17FF0630000FB0122F5
:1058D000D00032306421B0FBF1F010F00700C318A3
:1058E00020688360ACE020685749884203D0206874
:1058F0005649884252D102F0EEFE814602F0EBFE9C
:10590000804602F0E8FE070002F0E5FE060002F025
:10591000E2FE192101FB09F961688900B9FBF1F187
:105920006422B1FBF2F2192101FB08F861688900D9
:10593000B8FBF1F319214F4361688900B7FBF1F11E
:105940006427B1FBF7F77FF0630101FB073319010F
:1059500032316423B1FBF3F313F0F00313EB0213C2
:1059600019214E4361688900B6FBF1F219214843C1
:1059700061688900B0FBF1F06421B0FBF1F17FF0C8
:10598000630000FB0122100132306421B0FBF1F012
:1059900010F00F00C3182068836051E002F090FE01
:1059A000814602F08DFE804602F08AFE070002F07A
:1059B00087FE060002F084FE192101FB09F96168E7
:1059C0008900B9FBF1F16422B1FBF2F2192101FB6C
:1059D00008F861688900B8FBF1F319214F43616849
:1059E0008900B7FBF1F16427B1FBF7F77FF06301A2
:1059F00001FB0733190132316423B1FBF3F313F0D8
:105A0000F00313EB021319214E4361688900B6FBC2
:105A1000F1F21921484361688900B0FBF1F064217B
:105A2000B0FBF1F17FF0630000FB01221001323086
:105A30006421B0FBF1F010F00F00C3182068836000
:105A4000BDE8F183F369FFFF00100140001401403D
:105A500010B5044610460A460146204603F01CF9DC
:105A6000204610BD10B5044603F04AF9204610BD8B
:105A700010B50400002C01D101203FE0606A00282D
:105A80000020A06294F85100002805D1002084F87D
:105A90005000200002F0B9FE022084F85100206876
:105AA000006830F04000216808606168A068014328
:105AB000E06801432069014360690143A06910F473
:105AC00000700143E0690143206A0143A06A014379
:105AD00020680160A169090C11F00401606A0143AA
:105AE000206841602068C06930F400602168C861A6
:105AF00000206065012084F85100002010BD2DE9D0
:105B0000FC4706000D0017001C005FF0000A5FF064
:105B1000000896F85000012801D10220C5E00120BC
:105B200086F8500003F040F9814696F851000128AC
:105B300002D002208046B0E0002D03D0380080B2B1
:105B4000002802D101208046A7E0032086F85100FA
:105B5000002070653563B786F7860020B0630020AB
:105B6000B0870020F0870020706400203064B068A7
:105B7000B0F5004F05D13068006850F480403168BE
:105B8000086030680068400605D43068006850F04E
:105B9000400031680860F068B0F5006F29D1706886
:105BA000002802D0F08E012806D128883168C8600C
:105BB000AD1CF08E401EF086F08E002843D0306879
:105BC0008068800707D528883168C860AD1CF08ED2
:105BD000401EF086F0E7002C08D014F1010FEBD046
:105BE00003F0E2F8B0EB0900A042E5D303208046C1
:105BF00053E07068002802D0F08E012806D1287882
:105C0000316808736D1CF08E401EF086F08E0028FF
:105C100019D030688068800707D528783168087304
:105C20006D1CF08E401EF086F0E7002C08D014F1B9
:105C3000010FEBD003F0B8F8B0EB0900A042E5D3B8
:105C40000320804629E0CDF80090230001220221A4
:105C5000300000F0FCF9002802D0032080461CE050
:105C60004A462100300000F043FA002804D0012009
:105C700080462020706510E0B068002808D1002020
:105C800000903068C068009030688068009000988C
:105C9000706D002801D001208046012086F8510057
:105CA000002086F850004046C0B2BDE8F6872DE9D6
:105CB000FC4706000D0017001C005FF0000A5FF0B3
:105CC00000087068B0F5827F0ED1B06800280BD153
:105CD000042086F8510000943B009BB22A00290062
:105CE000300000F0A1F89DE096F85000012801D1A5
:105CF000022097E0012086F8500003F055F8814615
:105D000096F85100012802D00220804682E0002D42
:105D100003D0380080B2002802D10120804679E00B
:105D2000042086F8510000207065B563B787F787B7
:105D3000002030630020B0860020F0860020306410
:105D400000207064B068B0F5004F05D1306800687D
:105D500030F480403168086030680068400605D43F
:105D60003068006850F0400031680860F068002832
:105D70001CD1F08F002836D030688068C00707D566
:105D80003068007B28706D1CF08F401EF087F0E7B4
:105D9000002C08D014F1010FEBD003F005F8B0EBA4
:105DA0000900A042E5D30320804633E0F08F0028AD
:105DB00019D030688068C00707D53068C06828806F
:105DC000AD1CF08F401EF087F0E7002C08D014F1D6
:105DD000010FEBD002F0E8FFB0EB0900A042E5D3E1
:105DE0000320804616E07068B0F5827F0DD1B06860
:105DF000B0F5004F03D0B068B0F5806F05D13068C2
:105E0000006830F0400031680860706D002801D0F3
:105E100001208046012086F85100002086F85000BD
:105E20004046C0B2BDE8F6872DE9FE4F07000E00E0
:105E300015009846DDF83090002001900020029077
:105E40000020009001245FF0000A97F8500001281C
:105E500001D10220F9E0012087F8500002F0A4FFF0
:105E6000834697F8510001907868029001980128C4
:105E70000CD00298B0F5827F05D1B868002802D115
:105E80000198042802D002208246D6E0002E05D0D8
:105E9000002D03D0404680B2002802D10120824666
:105EA000CBE097F85100012802D1052087F8510076
:105EB00000207865BD63A7F83E80A7F83C803E636C
:105EC000A7F83680A7F83480002038640020786472
:105ED00038680068400605D43868006850F0400013
:105EE00039680860F868B0F5006F40D1786800281C
:105EF00002D0F88E012806D130883968C860B61CF7
:105F0000F88E401EF886F88E002802D1F88F0028FF
:105F10006ED0002C0FD0F88E00280CD03868806826
:105F2000800708D530883968C860B61CF88E401ED6
:105F3000F88600200400F88F00280CD038688068AC
:105F4000C00708D53868C0682880AD1CF88F401E8F
:105F5000F8870120040019F1010FD4D002F024FFCA
:105F6000B0EB0B004845CED30320824665E078684D
:105F7000002802D0F88E012806D1307839680873DD
:105F8000761CF88E401EF886F88E002802D1F88F15
:105F900000282DD0002C0FD0F88E00280CD03868A7
:105FA0008068800708D5307839680873761CF88EC9
:105FB000401EF88600200400F88F00280CD03868B6
:105FC0008068C00708D53868C06828706D1CF88FD5
:105FD000401EF8870120040019F1010FD4D002F00F
:105FE000E3FEB0EB0B004845CED30320824624E00D
:105FF000CDF800B04B4601220221380000F027F80E
:10600000002802D00320824617E05A46494638004D
:1060100000F06EF8002804D0012082462020786528
:106020000BE0B868002808D1002000903868C068EC
:1060300000903868806800900098012087F851002F
:10604000002087F850005046C0B2BDE8FE8F2DE911
:10605000F04105000E0017001C00DDF818802868CC
:1060600080683040B04201D1012000E00020B842F9
:106070003BD014F1010FF2D0002C05D002F094FEB9
:10608000B0EB0800A042EAD32868406830F0E00096
:10609000296848606868B0F5827F0DD1A868B0F5BE
:1060A000004F03D0A868B0F5806F05D1286800685C
:1060B00030F0400029680860A86AB0F5005F0CD194
:1060C000286801684DF6FF70014028680160286863
:1060D000006850F4005029680860012085F85100DC
:1060E000002085F85000032000E00020BDE8F0818A
:1060F0007CB504000D00160000962B0000228021C4
:106100002000FFF7A4FF002805D0606D50F02000AC
:106110006065032000E0002076BD000010B504009B
:10612000002C01D101205EE0607F002804D1002016
:106130002077200002F05FFB02206077CA202168F0
:106140004862532021684862200000F0D8F90028F6
:1061500006D0FF202168486204206077012042E0D9
:1061600020688168DFF8540301402068816020685E
:1061700081686068014320690143606901432068C8
:106180008160E0682168086120680069A16850EAC0
:106190000140216808612068C06830F080002168F3
:1061A000C8602068806880060BD4200000F08CF95D
:1061B000002806D0FF202168486204206077012073
:1061C00011E02068006C30F48020216808642068A9
:1061D000016CA069014320680164FF2021684862C6
:1061E00001206077002010BD2DE9F84305000E0066
:1061F00014005FF00008287F012801D102207EE012
:106200000120287702206877002C1CD1286880683C
:10621000400601D40020F070307800F08DF98146FE
:10622000707800F089F90700B07800F085F95FFA1E
:1062300089F9FFB23F0257EA0947C0B20743F07835
:1062400057EA004714E028688068400604D5307893
:1062500000F07EF9804601E00020F0703078777819
:106260003F0257EA0047B0780743F07857EA004703
:10627000CA2029684862532029684862280000F033
:106280003EF9002808D0FF2029684862042068777A
:1062900000202877012032E0DFF824023840296806
:1062A00008602868806830F4802029688860286841
:1062B0008168F0680143306901432868816028687B
:1062C000C06830F080002968C8602868806880064F
:1062D0000DD4280000F0F8F8002808D0FF20296825
:1062E00048620420687700202877012007E0FF201B
:1062F0002968486201206877002028770020BDE8DF
:10630000F283F8B505000E00140000212868806AA9
:106310007060286800694004400CB0602868076815
:10632000DFF89C0107403800000C10F03F0030708F
:106330003800000A10F07F00707017F07F00B07016
:106340003800000C10F04000F070002C0BD13078B9
:1063500000F0FEF83070707800F0FAF87070B078E5
:1063600000F0F6F8B0700020F2BD2DE9F84305000A
:106370000E0014000027287F012801D1022070E0C0
:106380000120287702206877002C07D17078C0069A
:1063900004D5707810F0EF000A307070002C19D11D
:1063A000F07800F0C9F88146707800F0C5F88046B2
:1063B000B07800F0C1F85FFA89F95FFA88F85FEA0F
:1063C000082858EA0948C0B250EA0808307858EA64
:1063D00040380CE0F07896F801805FEA082858EA27
:1063E0000048B07850EA0808307858EA4038CA20A7
:1063F00029684862532029684862280000F07FF825
:10640000002808D0FF20296848620420687700200F
:106410002877012025E0DFF8AC0010EA08002968A1
:1064200048602868C06830F080002968C860286823
:10643000806880060DD4280000F046F8002808D0B7
:10644000FF2029684862042068770020287701200F
:1064500007E0FF202968486201206877002028773C
:106460000020BDE8F283F8B505000E0014000021FD
:1064700028684768DFF84C0007403800000CF070CF
:106480003800000A10F01F00707017F03F00B07065
:106490003800400B10F007003070002C0BD1F07862
:1064A00000F056F8F070707800F052F87070B07824
:1064B00000F04EF8B0700020F2BD0000BFFF8FFF6B
:1064C0007F7F7F003FFFFF0070B50400002520683C
:1064D000C06830F0A0002168C86002F065FC0600CA
:1064E0002068C068800608D402F05EFC801B40F281
:1064F000E9318842F4D3032000E0002070BD38B5B4
:10650000040000252068C068400613D45FF0FF3007
:106510002168C86002F048FC05002068C068400699
:1065200008D402F041FC401B40F2E9318842F4D328
:10653000032000E0002032BD00210200D2B20A2A6E
:1065400002D3491C0A38F8E750EA0110C0B270477C
:1065500000220300DBB21B09DBB20A214B4310F01F
:106560000F00C018C0B2704780B50E48006850F4E4
:1065700000700C4908600B48006850F480600949BD
:1065800008600848006850F48070064908600320DD
:10659000FDF763F9002002F00DFC02F0DBF80020AB
:1065A00002BD0000003C024080B501220FF2210133
:1065B000144802F025FC1449124802F06BFC114803
:1065C00002F0CCFC01BD80B50E4802F0D2FC01BD4A
:1065D0000A00D2B2012A06D0022A09D0042A0BD01E
:1065E000052A01D00CE00BE00322084B1A7007E0EB
:1065F0000222064B1A7003E00122044B1A70FFE7D7
:1066000070470000204E0020080000202D6C002064
:10661000DFF81803B0F8540E002804D10020DFF88A
:106620000C13A1F85E0EDFF80403B0F85E0EB0F5AF
:106630008A7F04DB0020DFF8F412A1F85E0EDFF899
:10664000F0020168DFF8EC02007810F00100002889
:1066500008D00020B54AA2F85E0E0A20B34AA2F87C
:10666000540E83E0B148B0F85E0E002815D1080042
:10667000AE4A92F8692EC0B290420ED1AB48AB4AF6
:10668000B2F85E2E104480F8281DA848B0F85E0EBF
:10669000401CA64AA2F85E0E64E0A448B0F85E0E64
:1066A000012812D10800C0B204280ED19F489F4A89
:1066B000B2F85E2E104480F8281D9C48B0F85E0E9B
:1066C000401C9A4AA2F85E0E4CE09848B0F85E0E64
:1066D000022843DB954890F8290D042839D19348C6
:1066E000B0F85E0E022813D19048904AB2F85E2EA0
:1066F000104480F8281D8D48B0F85E0E401C8B4A6F
:10670000A2F85E0E0800C0B2884AA2F85C0E29E02A
:106710008648B0F85E0E032824DB8448834AB2F82A
:106720005E2E104480F8281D8048B0F85E0E401C94
:106730007E4AA2F85E0E7D48B0F85E0E7B4AB2F843
:106740005C2E521D90420DD10120784A82F8680ECD
:1067500008E00020754AA2F85E0E03E00020734AAC
:10676000A2F85E0E0A20714AA2F8540E704770B467
:106770008278714B6D4991F8694E48214C4303EB87
:106780000401B1F14804032300210D001600ADB24D
:10679000B6B2B54207D21D00ADB2455D25705B1C97
:1067A000641C491CF1E770BC704738B55F48B0F80D
:1067B000560E022872DA6148B0F84E405B4890F8F5
:1067C000690E411C594A82F8691E2100C0B2C9B243
:1067D000884203D30120554981F8690E5348B0F827
:1067E000600E00280AD15649504890F8692E0620BC
:1067F000424301EB0200002120F8061C4B4890F8B0
:10680000690E4A4981F8D00A0420484981F8D10A22
:106810000020464981F8D20A0020444981F8D30A71
:106820000020424981F8D40A2420404981F8D50A41
:1068300006203E49A1F85A0E3C48B0F85A1E41487D
:10684000FCF7D0FC0500280080B2000A374981F827
:10685000D60A364880F8D75A3448B0F85A0E801C09
:106860003249A1F85A0E012280213748FEF783FDF4
:1068700014202E4981F86D0E2E48007850F001004A
:106880002C4908702948B0F85A2E2E492F48FEF797
:10689000D4FD4FF4FA702549A1F8560E31BD38B534
:1068A000224890F8680E01283FD100201F4981F846
:1068B000680E1E48B0F85E0E811E89B22448FCF7AF
:1068C00091FC040019481949B1F85E1E084490F87B
:1068D000261D09021548154AB2F85E2E104490F89C
:1068E000270D01430D002000290080B289B28842A3
:1068F0001BD140F6B8300D49A1F8600E0B4890F856
:10690000290D042807D11248FFF731FF64200749F9
:10691000A1F8560E09E0054890F8290D102804D07A
:10692000024890F8290D0628FFD131BD2C00002027
:10693000044800402C6C002020450020006400200A
:1069400078670020FC0A0020000C0240306A00201A
:10695000540D0020DFF8E80A0088002803D1002049
:10696000DFF8E01A0880DFF8DC0A0088B0F58A7FDB
:1069700003DB0020DFF8CC1A0880DFF8CC0A0168BE
:10698000DFF8C00A0088002814D10800C0B26528CA
:1069900010D1DFF8B80ADFF8AC2A1288104441F2AF
:1069A000FA128154DFF89C0A0088401CDFF8942A10
:1069B00010806DE1DFF88C0A0088012820D10800E2
:1069C000C0B213280BD00800C0B2152807D00800A9
:1069D000C0B2032803D00800C0B2102810D1DFF8DD
:1069E0006C0ADFF8602A1288104441F2FA128154CE
:1069F000DFF8500A0088401CDFF8482A108047E181
:106A0000DFF8400A00880228C0F23E81DFF8400A21
:106A10000078132840F08C80DFF8280A00880228CC
:106A200010D1DFF8280ADFF81C2A1288104441F23E
:106A3000FA128154DFF80C0A0088401CDFF8042A9F
:106A4000108025E1DFF8FC090088032810D1DFF869
:106A5000FC09DFF8F0291288104441F2FA1281543F
:106A6000DFF8E0090088401CDFF8D82910800FE12A
:106A7000DFF8D0090088042810D1DFF8D009DFF84A
:106A8000C4291288104441F2FA128154DFF8B40983
:106A90000088401CDFF8AC291080F9E0DFF8A40979
:106AA0000088052810D1DFF8A409DFF8982912889A
:106AB000104441F2FA128154DFF888090088401C22
:106AC000DFF880291080E3E0DFF8780900880628E5
:106AD00029DBDFF880090078DFF87C29127852EA98
:106AE0000022DFF878090280DFF86009DFF8542916
:106AF0001288104441F2FA128154DFF848090088E4
:106B0000401CDFF840291080DFF838090088DFF8E2
:106B10004C2912880832904240F0BA800120DFF8F8
:106B200040291070B4E00020DFF818291080AFE091
:106B3000DFF81C09007815285ED1DFF80809008805
:106B4000022810D1DFF80409DFF8F8281288104471
:106B500041F2FA128154DFF8EC080088401CDFF89B
:106B6000E428108094E0DFF8DC080088032810D1C6
:106B7000DFF8D808DFF8CC281288104441F2FA1266
:106B80008154DFF8C0080088401CDFF8B828108066
:106B90007EE0DFF8B0080088042828DBDFF8C408AE
:106BA0000078DFF8C428127852EA0022DFF8AC0837
:106BB0000280DFF89808DFF88C281288104441F230
:106BC000FA128154DFF87C080088401CDFF8742832
:106BD0001080DFF870080088DFF880281288921D86
:106BE000904255D10120DFF87828107050E0002045
:106BF000DFF8502810804BE0DFF8540800780328B5
:106C00003DD1DFF840080088022815D1DFF83C08A4
:106C1000DFF830281288104441F2FA128154DFF86C
:106C200024080088401CDFF81C2810800800C0B22F
:106C3000DFF8282810802BE0DFF8080800880328F8
:106C400026DBDFF80808DFF8FC271288104441F241
:106C5000FA128154DFF8EC070088401CDFF8E427C3
:106C60001080DFF8E0070088DFF8F0271288521D57
:106C700090420DD10120DFF8E827107008E00020D5
:106C8000DFF8C027108003E00020DFF8B82710806D
:106C90000A20DFF8AC27108070472DE9F84F02007A
:106CA00092F802E05FEA0E2ED17851EA0E0EADF8AE
:106CB00000E092F802E092F80380DFF8B01709785C
:106CC0001129C0F21B81DFF8A4170978192980F275
:106CD000158192F804905FEA0929517951EA09096E
:106CE0004E46310089B25FF0020991FBF9F10D00C7
:106CF000DFF87C97DFF8741791F800A0A62101FB5C
:106D00000AFA09EB0A01A1F60631C1465FFA89F9D0
:106D10005FF0020A99FBFAF901EB49010C00062128
:106D2000080000210F003900A94689B21FFA89F92D
:106D3000494513D2010089B212F80190401C5FEA64
:106D40000929010089B2515C51EA09094B46401CEE
:106D50002380A41C18F102087F1CE4E7DFF8141755
:106D600091F84A10890640F1C980DFF8081791F8B8
:106D70005010C90740F1C280DFF8F01609781139C8
:106D800000290BD002290FD00BD3042912D00ED327
:106D9000062915D011D3072915D016E001218C46FC
:106DA00013E002218C4610E004218C460DE00821FE
:106DB0008C460AE010218C4607E020218C4604E036
:106DC00040218C4601E080218C46DFF8A816C98F4F
:106DD000002950D1DFF89C16098D491EDFF88C96EA
:106DE00099F80090B9F11109494500F08780DFF862
:106DF0008416C98811EA0C0F1ED0DFF87496DFF8EC
:106E00006C1691F800A0A62101FB0AFA09EB0A0111
:106E1000A1F60639DFF858A6DFF8501691F800B051
:106E2000A62101FB0BFB0AEB0B01A1F66221B1F9D4
:106E30000010A9F8001061E0DFF83496DFF82C1696
:106E400091F800A0A62101FB0AFA09EB0A01A1F6BC
:106E50000639DFF81CA6DFF8141691F800B0A62159
:106E600001FB0BFB0AEB0B01A1F68621B1F9001027
:106E7000A9F8001042E0DFF8FC15C98811EA0C0FF0
:106E80001ED0DFF8EC95DFF8E41591F800A0A621FC
:106E900001FB0AFA09EB0A01A1F60639DFF8D0A5D1
:106EA000DFF8C81591F800B0A62101FB0BFB0AEB37
:106EB0000B01A1F66221B1F90010A9F800101DE044
:106EC000DFF8AC95DFF8A41591F800A0A62101FB2E
:106ED0000AFA09EB0A01A1F60639DFF894A5DFF8F2
:106EE0008C1591F800B0A62101FB0BFB0AEB0B01FE
:106EF000A1F68621B1F90010A9F80010BDE8F18FC4
:106F00002DE9F04187783F02C6783743061DDFF848
:106F10005C0500781128C0F20381DFF85005007885
:106F2000192880F2FD80380080B200282AD03078FD
:106F30000400701C06783500401CBF1E90F800C08D
:106F4000461C5FEA0C2C307850EA0C0C6146761C2B
:106F5000DFF81CC5DFF8140590F800E0A62000FB60
:106F60000EFE0CEB0E00A0F60630AC465FFA8CFC71
:106F70005FF0020E9CFBFEFC00EB4C000200118057
:106F8000BF1ED0E7DFF8EC0490F84A00800640F11D
:106F9000C780DFF8E00490F85000C00740F1C080DF
:106FA000DFF8C8040078113800280BD002280FD071
:106FB0000BD3042812D00ED3062815D011D30728DE
:106FC00015D016E00120030013E00220030010E0BA
:106FD000042003000DE0082003000AE01020030055
:106FE00007E02020030004E04020030001E08020AF
:106FF0000300DFF88004C08F00284FD1DFF874044D
:10700000008D401EDFF864C49CF800C0BCF1110C78
:10701000604500F08580DFF85C04C08818421ED00F
:10702000DFF84CC4DFF8440490F800E0A62000FB31
:107030000EFE0CEB0E00A0F6063CDFF834E4DFF8A1
:107040002C0490F80080A62000FB08F80EEB080046
:10705000A0F66220B0F90000ACF8000060E0DFF8B4
:1070600010C4DFF8080490F800E0A62000FB0EFE34
:107070000CEB0E00A0F6063CDFF8F4E3DFF8EC03BF
:1070800090F80080A62000FB08F80EEB0800A0F6A0
:107090008620B0F90000ACF8000041E0DFF8D4032E
:1070A000C08818421ED0DFF8C8C3DFF8C00390F8CC
:1070B00000E0A62000FB0EFE0CEB0E00A0F6063C46
:1070C000DFF8ACE3DFF8A40390F80080A62000FB13
:1070D00008F80EEB0800A0F66220B0F90000ACF84A
:1070E00000001DE0DFF888C3DFF8800390F800E0BF
:1070F000A62000FB0EFE0CEB0E00A0F6063CDFF80F
:1071000070E3DFF8680390F80080A62000FB08F821
:107110000EEB0800A0F68620B0F90000ACF80000E5
:10712000BDE8F08138B5DFF850030088002804D1AD
:107130004FF49670DFF840130880DFF83C030088B6
:10714000022880F22481DFF83003008801282ED144
:107150004FF49670DFF820130880DFF820030078E2
:10716000002824D1DFF80403007811281FDBDFF8A2
:10717000FC02007819281ADADFF80403DFF8EC12B1
:10718000097800EB410030F81C0C00280FD0DFF824
:10719000F002B649097800EB4100B949B34A1278C8
:1071A00001EB420131F81C1C491E20F81C1CB5489B
:1071B0000078012824D1A54890F8A20F21280ADBE5
:1071C000A24890F8A20F292805DAA04890F8A20F4B
:1071D0001030A649087001224FF48071AA48FEF7CA
:1071E000CAF81420A9490870A9480288921C92B2D2
:1071F000A849A948FEF721F90020A2490870C6E075
:107200009C48B0F84E0005009848007811380728CF
:1072100074D896480078401C944908702800C0B281
:1072200092490978113988425DD1924890F84A0014
:10723000800655D58F4890F85000C00750D5FF20E4
:10724000824981F8A20F2020804981F8A30F894844
:10725000C088002808D100207C4981F8A40F802034
:107260007A4981F8A50F07E00020784981F8A40F3A
:10727000A420764981F8A50F0020744981F8A60F53
:107280000220724981F8A70F7A48B0F90000001275
:107290006E4981F8A80F774800886C4981F8A90FDA
:1072A00008217C48FBF79EFF0400200080B2000A02
:1072B000664981F8AA0F654880F8AB4F01224FF468
:1072C00080717148FEF757F81420704908700A223F
:1072D00070497148FEF7B1F832206749088002E032
:1072E0001120624908702800C0B26049097811393C
:1072F000884202DA11205D49087002E011205B49E2
:1073000008705D480088652841DB584800781128DE
:107310000DDB56480078192809DA544800781038EF
:107320004A4981F8A20F1320484981F8A30F002091
:10733000524908704D480078444981F8A40F002054
:10734000424981F8A50F0020404981F8A60F00208E
:107350003E4981F8A70F06214E48FBF743FF040082
:10736000200080B2000A394981F8A80F374880F818
:10737000A94F01224FF480714348FDF7FCFF142010
:1073800042490870082243494348FEF756F831BD88
:107390003448007811280BDB32480078192807DAC6
:1073A00037483049097800EB4100052120F81C1CC2
:1073B000704738B52A48007801283FD10020284975
:1073C000087020480088811E89B23448FBF70AFF04
:1073D00004001E481B490988084441F2F811415C29
:1073E00009021A48174A1288104441F2F912805CC7
:1073F00001430D002000290080B289B288421DD1CE
:1074000040F6B83026490880FFF7C2FF10480078E0
:10741000132803D12148FFF740FC06E00C48007810
:10742000152802D11D48FFF76BFD00200449088094
:1074300032201149088001201049087031BD000038
:10744000521300205C130020044C00402C0000204C
:10745000271200202A1200202B1200205A1300208D
:107460006613002028120020291200206713002034
:107470006030002000640020541300206A130020B4
:107480009063002068130020000802406B13002066
:1074900058130020CE0F0020306800202612002054
:1074A0005E130020DFF828080168DFF8280800884C
:1074B000002803D10020DFF820281080DFF818080A
:1074C0000088B0F58A7F03DB0020DFF80C281080ED
:1074D000DFF804080088002814D10800C0B265282D
:1074E00010D1DFF8F807DFF8F0271288104441F2D6
:1074F000CC628154DFF8E0070088401CDFF8D82711
:1075000010806DE1DFF8D0070088012820D1080045
:10751000C0B213280BD00800C0B2152807D008004D
:10752000C0B2032803D00800C0B2102810D1DFF881
:10753000AC07DFF8A4271288104441F2CC628154D2
:10754000DFF894070088401CDFF88C27108047E1A3
:10755000DFF8840700880228C0F23E81DFF8800748
:107560000078132840F08C80DFF86C070088022830
:1075700010D1DFF86807DFF860271288104441F265
:10758000CC628154DFF850070088401CDFF84827A0
:10759000108025E1DFF840070088032810D1DFF8CC
:1075A0003C07DFF834271288104441F2CC62815442
:1075B000DFF824070088401CDFF81C2710800FE14B
:1075C000DFF814070088042810D1DFF81007DFF86F
:1075D00008271288104441F2CC628154DFF8F80683
:1075E0000088401CDFF8F0261080F9E0DFF8E8069C
:1075F0000088052810D1DFF8E406DFF8DC261288C1
:10760000104441F2CC628154DFF8CC060088401C63
:10761000DFF8C4261080E3E0DFF8BC060088062807
:1076200029DBDFF8C0060078DFF8BC26127852EAC2
:107630000022DFF8B8060280DFF8A006DFF89826FF
:107640001288104441F2CC628154DFF88C06008825
:10765000401CDFF884261080DFF87C060088DFF805
:107660008C2612880832904240F0BA800120DFF860
:1076700080261070B4E00020DFF85C261080AFE0B8
:10768000DFF85C06007815285ED1DFF84C0600882C
:10769000022810D1DFF84406DFF83C261288104497
:1076A00041F2CC628154DFF830060088401CDFF8DC
:1076B0002826108094E0DFF820060088032810D1E7
:1076C000DFF81806DFF810261288104441F2CC6269
:1076D0008154DFF804060088401CDFF8FC25108088
:1076E0007EE0DFF8F4050088042828DBDFF80406D4
:1076F0000078DFF80426127852EA0022DFF8EC0561
:107700000280DFF8D805DFF8D0251288104441F256
:10771000CC628154DFF8C0050088401CDFF8B82532
:107720001080DFF8B4050088DFF8C0251288921DAC
:10773000904255D10120DFF8B825107050E00020AC
:10774000DFF8942510804BE0DFF8940500780328DB
:107750003DD1DFF884050088022815D1DFF87C05CB
:10776000DFF874251288104441F2CC628154DFF8AE
:1077700068050088401CDFF8602510800800C0B252
:10778000DFF8682510802BE0DFF84C05008803281F
:1077900026DBDFF84805DFF840251288104441F267
:1077A000CC628154DFF830050088401CDFF82825C2
:1077B0001080DFF824050088DFF830251288521D7C
:1077C00090420DD10120DFF82825107008E000203C
:1077D000DFF80425108003E00020DFF8FC2410808F
:1077E0000A20DFF8F024108070472DE9F04790F868
:1077F00002805FEA0828C17851EA080890F802C0C0
:1078000090F803E0DFF8F4140978E02949DBDFF8A9
:10781000EC140978F02944DA90F804905FEA092919
:10782000417951EA09094D46290089B25FF0020900
:1078300091FBF9F10C00DFF8C894DFF8C01491F85F
:1078400000A0062101FB0AFA09EB0A01B1F5A861C3
:10785000F1465FFA89F95FF0020A99FBFAF901EB48
:1078600049010B0006210F0000210E003100A14646
:1078700089B21FFA89F949455DD2390089B210F8F9
:1078800001907F1C5FEA0929390089B2415C51EA05
:1078900009094A467F1C1A809B1C1EF1020E761CA9
:1078A000E4E7DFF858140978F02944DB90F80490F5
:1078B0005FEA0929417951EA09094D46290089B24F
:1078C0005FF0020991FBF9F10C00DFF83894DFF862
:1078D0002C1491F800A0222101FB0AFA09EB0A01FD
:1078E000B1F5FF51F1465FFA89F95FF0020A99FBA1
:1078F000FAF901EB49010B0006210F0000210E00EF
:107900003100A14689B21FFA89F9494513D23900DD
:1079100089B210F801907F1C5FEA0929390089B209
:10792000415C51EA09094A467F1C1A809B1C1EF1E2
:10793000020E761CE4E7BDE8F087F0B486783602E4
:10794000C1780E43011DDFF8B4030078E0282FDB77
:10795000DFF8A8030078F0282ADA300080B2002887
:1079600056D008780400481C01780D00401CB61E53
:107970000778411C3F02087807433A00491CDFF8AA
:107980008073DFF8780390F800C0062000FB0CFC41
:1079900007EB0C00B0F5A8602F00FFB25FF0020CFF
:1079A00097FBFCF700EB470003001A80B61ED4E7F4
:1079B000DFF848030078F0282ADB300080B2002886
:1079C00026D008780400481C01780D00401CB61E23
:1079D0000778411C3F02087807433A00491CDFF84A
:1079E0002473DFF8180390F800C0222000FB0CFC81
:1079F00007EB0C00B0F5FF502F00FFB25FF0020C58
:107A000097FBFCF700EB470003001A80B61ED4E793
:107A1000F0BC704770B5DFF8F0020088022880F2F1
:107A2000EF80DFF8E802B0F84C00002800F0E880B2
:107A3000DFF8D802B0F84C50B448B0F84C60B6B299
:107A4000360AB148008801284AD14FF49670AE49F1
:107A50000880AF480078002842D1A8480078E02884
:107A60001FDBA6480078F0281BDAAA48A34909784A
:107A700000EB4100B0F5CD700088002830D0A5485B
:107A80009E49097800EB4100B0F5CD70A1499B4AB1
:107A9000127801EB4201B1F5CD710988491E0180D0
:107AA0001EE096480078F0281ADB9A489349097836
:107AB00000EB4100B0F5CD700088002810D095484B
:107AC0008E49097800EB4100B0F5CD7091498B4AA1
:107AD000127801EB4201B1F5CD710988491E018090
:107AE0008D480078012813D1012208218B48FDF729
:107AF00042FC14208A4908708A480288921C92B27B
:107B000089498A48FDF799FC00208349087077E08D
:107B10007A480078E0380F2803D910380F2818D990
:107B200027E076480078401C744908707348007854
:107B3000E0382900C9B288420ADB3000C0B2002810
:107B400003D0F0206D49087002E0E0206B49087016
:107B500012E06A480078401C68490870674800785D
:107B6000F0383100C9B2884202DBE0206349087076
:107B700002E0E0206149087060480078E0280BDBF3
:107B80005E480078F02807DA5C480078664908709B
:107B90001320674908700AE058480078F02806DB8F
:107BA0005648007860490870132061490870002029
:107BB00057490870514800785E49087000205E49B6
:107BC000087000205D49087000205D49087006219A
:107BD0005548FBF707FB0400200080B2000A594912
:107BE000087059480470012208214C48FDF7C3FB76
:107BF00014204B49087008224B494C48FDF71DFCE6
:107C000070BD3C480078E0280DDB3A480078F02849
:107C100009DA40483749097800EB4100B0F5CD70EA
:107C2000052101800CE033480078F02808DB394852
:107C30003049097800EB4100B0F5CD700521018095
:107C4000704738B52A48007801283FD100202849DC
:107C5000087021480088811E89B23C48FBF7C2FAAF
:107C600004001E481C490988084441F2CA61415C6D
:107C700009021A48184A1288104441F2CB62805C0B
:107C800001430D002000290080B289B288421DD135
:107C900040F6B8302E490880FFF7B3FF104800784F
:107CA000132803D12948FFF7A0FD06E00C4800780F
:107CB000152802D12548FFF740FE0020054908801D
:107CC00014201149088001201149087031BD0000BD
:107CD00004500040241800202E1800202C00002002
:107CE000F9160020FC160020FD1600202C1800209C
:107CF00038180020FA160020FB1600203918002042
:107D000058660020405B00202618002000640020F8
:107D10003C180020906300203A1800200000024028
:107D20003D1800202A180020A014002070680020B0
:107D3000A1140020A2140020A3140020A4140020E9
:107D4000A5140020A6140020A7140020F816002077
:107D5000301800202DE9F84305005FF000090024E9
:107D6000002600272878C0070ED5DFF8F403016845
:107D700031F0C061E8690143DFF8E4030160E869BC
:107D8000002801D101200700287880070ED5DFF8F0
:107D9000D003016831F0C051286A0143DFF8C00305
:107DA0000160286A002801D10120070028688004AA
:107DB0001ED5DFF8AC03016831F44011A86C014313
:107DC000DFF89C030160A86C002801D101200700A6
:107DD000A86CB0F5001F0BD1DFF88403006830F405
:107DE000F8506969491E50EA0120DFF874130860F1
:107DF000286840041ED5DFF86803016831F44001AB
:107E0000E86C0143DFF858030160E86C002801D1F9
:107E100001200700E86CB0F5000F0BD1DFF840033C
:107E2000006830F4F8506969491E50EA0120DFF813
:107E3000301308602878000740F18480002000900B
:107E4000DFF82003006850F08050DFF81813086056
:107E5000DFF81003006810F0805000900098DFF801
:107E60000803006850F48070DFF8FC12086000F02E
:107E70009BFF8146DFF8F0020068C00507D400F0E0
:107E800093FFB0EB09000328F4D3032066E1DFF889
:107E9000DC02006810F440700400002C2CD0686AEA
:107EA00010F44070844227D0DFF8C002006830F43C
:107EB000407004000120DFF8B81208600020DFF8ED
:107EC000B0120860DFF8A4020460DFF8A0020068C6
:107ED000C00711D500F068FF8146DFF89002006806
:107EE000800709D400F060FFB0EB090041F289314E
:107EF0008842F2D3032031E1686A10F44070B0F593
:107F0000407F0DD1DFF86C02016831F4F8116A6A24
:107F1000DFF8640202401143DFF85802016007E015
:107F2000DFF85002006830F4F810DFF848120860FB
:107F3000DFF838020068696A0905090D0843DFF8AF
:107F40002C1208602878400704D595F85400DFF813
:107F5000E01508602878C00609D5DFF8E405016857
:107F600031F44001E86A0143DFF8D4050160287864
:107F700080060FD5DFF8C805016831F00061286B75
:107F80000143DFF8BC050160286BB0F1006F01D13F
:107F9000012007002878400609D5DFF8A40501680C
:107FA00031F08051A86A0143DFF894050160012F88
:107FB00003D02868802840F08F800020DFF87415F7
:107FC000086000F0F1FE8046DFF86C0500680001F3
:107FD00007D500F0E9FEB0EB08000328F4D3032036
:107FE000BCE0286DDFF8541508602878C00702D57A
:107FF000E869002816D02878800702D5286A00286A
:1080000010D02878800603D5286BB0F1006F09D016
:108010002878400613D5A86A002810D1286BB0F143
:10802000006F0CD16868A96850EA8110E96850EACD
:108030000160296950EA0170DFF8081508602868B6
:10804000800402D5A86C002805D0286840041FD5FC
:10805000E86C00281CD1DFF8EC040068C0F3036072
:1080600006006868A96850EA811050EA066029692C
:1080700050EA0170DFF8CC140860DFF8E400006813
:1080800040094001A969491E0843DFF8D41008607F
:10809000287800060CD56868A96850EA8110E9685C
:1080A00050EA0160296950EA0170DFF8981408600D
:1080B0000120DFF88014086000F076FE8146DFF8CA
:1080C00078040068000107D400F06EFEB0EB0900F0
:1080D0000328F4D3032041E02868C00509D5DFF860
:1080E0008000016821F00041686B0143DFF87000F7
:1080F00001602868800509D5DFF86400016831F463
:108100000041A86B0143DFF8580001602868400572
:1081100009D5DFF84C00016821F00041E86B01430C
:10812000DFF83C0001602868000509D5DFF8300061
:10813000016831F48041286C0143DFF824000160BC
:108140002868C00409D5DFF8F803016821F0404130
:10815000686C0143DFF8E80301600020BDE8F283AA
:108160008C380240403802400070004070380240B5
:10817000400E474208380240FFFCFF0F7CB5040068
:1081800000252078C0076FD5DFF8CC03006810F019
:108190000C0004280BD0DFF8C003006810F00C00BE
:1081A00008280ED1DFF8A0030068400209D5DFF8E7
:1081B000A0030068800357D56068002854D10120CF
:1081C000B5E16068B0F5803F08D1DFF8840300684E
:1081D00050F48030DFF87813086024E06068B0F570
:1081E000A02F10D1DFF86803006850F48020DFF87A
:1081F00060130860DFF85803006850F48030DFF83F
:10820000501308600FE0DFF84803006830F4803056
:10821000DFF83C130860DFF83803006830F4802092
:10822000DFF82C130860606800280ED000F0BCFD59
:108230000500DFF81C030068800315D400F0B4FDCE
:10824000401B6528F5D3032071E100F0ADFD05006A
:10825000DFF8FC020068800306D500F0A5FD401B96
:108260006528F5D3032062E1207880075CD5DFF82C
:10827000E802006810F00C0F0BD0DFF8DC02006899
:1082800010F00C0008281AD1DFF8BC020068400288
:1082900015D4DFF8BC020068800704D5E068012827
:1082A00001D0012043E1DFF8A802006830F0F800B7
:1082B000216950EAC100DFF89812086034E0E068F4
:1082C00000281ED00120DFF89412086000F06CFD39
:1082D0000500DFF87C020068800706D400F064FD2A
:1082E000401B0328F5D3032021E1DFF86402006876
:1082F00030F0F800216950EAC100DFF8541208603C
:1083000012E00020DFF85412086000F04DFD050077
:10831000DFF83C020068800706D500F045FD401BF1
:108320000328F5D3032002E12078000726D56069F1
:10833000002812D00120DFF82812086000F034FD78
:108340000500DFF810020068800717D400F02CFD4C
:10835000401B0328F5D30320E9E000208049086092
:1083600000F022FD05007B480068800706D500F07C
:108370001BFD401B0328F6D30320D8E020784007DC
:1083800040F18080002677480068C0000FD40020AC
:1083900000907448006850F080507249086071483D
:1083A000006810F0805000900098012006006E4890
:1083B0000068C00513D46C48006850F480706A49A6
:1083C000086000F0F1FC050067480068C00506D4AD
:1083D00000F0EAFC401B0328F6D30320A7E0A068C6
:1083E000012806D15948006850F00100574908603B
:1083F0001BE0A06805280CD15448006850F0040028
:10840000524908605148006850F001004F49086027
:108410000BE04E480068400840004C4908604B485B
:10842000006830F0040049490860A06800280FD0B7
:1084300000F0BAFC050045480068800718D400F039
:10844000B3FC401B41F289318842F4D303206EE033
:1084500000F0AAFC05003D480068800708D500F040
:10846000A3FC401B41F289318842F4D303205EE033
:108470003000C0B2012805D13A48006830F0805081
:1084800038490860A069002850D03348006810F0CF
:108490000C00082848D0A069022834D100203349B4
:1084A000086000F081FC060029480068800106D5BC
:1084B00000F07AFC801B0328F6D3032037E0E16943
:1084C000206A0143606A51EA8011A06A4008401E98
:1084D00051EA0041E06A51EA0061206B51EA007103
:1084E0001948016001202149086000F05DFC050089
:1084F00017480068800119D400F056FC401B03287F
:10850000F6D3032013E000201849086000F04CFC6B
:1085100005000F480068800108D500F045FC401BAD
:108520000328F6D3032002E0012000E0002076BDFE
:10853000E01147426800474200380240D8104742E5
:1085400094380240843802400438024070380240B7
:1085500000380240743802400838024000004742A8
:10856000800E4742403802400070004060004742A1
:1085700070B504000D00002C01D101209CE05B4887
:10858000006810F00F00A84209D2584805705748FB
:10859000006810F00F00A84201D001208CE0207884
:1085A000800719D52078400705D55148006850F458
:1085B000E0504F4908602078000705D54C48006816
:1085C00050F460404A4908604948016831F0F001C0
:1085D000A0680143464801602078C00736D560682E
:1085E000012805D143480068800313D4012063E0CB
:1085F0006068022802D06068032805D13D48006801
:10860000800107D4012057E03A480068800701D470
:10861000012051E0364801688908890060680143FB
:108620003348016000F0C0FB06003148006810F0DC
:108630000C006168B0EB810F08D000F0B5FB801B27
:1086400041F289318842F0D3032035E027480068A1
:1086500010F00F00854209D22448057023480068B5
:1086600010F00F00A84201D0012025E0207840073B
:1086700007D51F48016831F4E051E06801431C4808
:1086800001602078000708D51948006830F4604080
:10869000216950EAC1001649086000F07DFE1649C4
:1086A000134A1268C2F30312895CC8401349086078
:1086B000002000F07FFB002070BD1048006870476C
:1086C00080B5FFF7FAFF0E49094A1268C2F3822209
:1086D000895CC84002BD80B5FFF7EFFF0849044A36
:1086E0001268C2F34232895CC84002BD003C0240BD
:1086F0000838024000380240CCE90208040000209B
:1087000004EA020838B50400002C01D1012020E061
:108710004CF6CC402168086045F25550216808604D
:10872000606821684860A0682168886000F03CFBB0
:1087300005002068C068002806D000F035FB401B0B
:108740003128F6D3032004E04AF6AA202168086005
:10875000002032BD80B500200090DFF8C004006822
:1087600050F48040DFF8B4140860DFF8B00400680B
:1087700010F480400090009800200090DFF8A004E2
:10878000006850F08050DFF898140860DFF890041B
:10879000006810F08050009000980320FBF75DF80F
:1087A000002200217FF00B00FBF75DF80022002182
:1087B0007FF00A00FBF757F8002200217FF0090044
:1087C000FBF751F8002200217FF00400FBF74BF883
:1087D000002200217FF00300FBF745F80022002172
:1087E0007FF00100FBF73FF8002200215FF0FF302F
:1087F000FBF739F801BD0168DFF82C24914203D161
:108800000121DFF828241160704710B586B00400FC
:108810002068DFF81C1488421FD100200090DFF888
:108820000004006850F40040DFF8F4130860DFF83B
:10883000F003006810F40040009000983820019088
:10884000022002900020039003200490062005904F
:1088500001A9DFF8D003FCF785FC06B010BD10B508
:1088600086B004002068DFF8CC13884239D100209C
:108870000590DFF8AC03006850F40020DFF8A01387
:108880000860DFF89C03006810F40020059005984C
:108890004FF480600090022001900120029003209C
:1088A0000390082004906946DFF88C03FCF75AFC1B
:1088B0004FF40060009002200190012002900320FC
:1088C0000390082004906946DFF87003FCF74AFC27
:1088D000002200213420FAF7C6FF3420FAF7D8FF2F
:1088E0009AE12068DFF85813884238D100200590BB
:1088F000DFF82C03006850F48010DFF824130860C0
:10890000DFF81C03006810F48010059005984FF400
:1089100080500090022001900120029003200390DB
:10892000082004906946DFF81403FCF71BFC0420C0
:108930000090022001900120029003200390082063
:1089400004906946DFF8F002FCF70CFC00220021DD
:108950003520FAF788FF3520FAF79AFF5CE12068A6
:10896000DFF8E012884229D100200590DFF8B0023C
:10897000006850F08040DFF8A8120860DFF8A0021D
:10898000006810F08040059005984FF4C07000908A
:1089900002200190012002900320039008200490FF
:1089A0006946DFF8A402FCF7DDFB0022002152201B
:1089B000FAF759FF5220FAF76BFF2DE12068DFF834
:1089C0008C12884228D100200590DFF854020068FC
:1089D00050F00040DFF848120860DFF844020068F9
:1089E00010F00040059005980320009002200190AF
:1089F0000120029003200390082004906946DFF8CC
:108A00004802FCF7AFFB002200215320FAF72BFFAE
:108A10005320FAF73DFFFFE02068DFF83412884268
:108A200029D100200590DFF8F401006850F04000E3
:108A3000DFF8E8110860DFF8E401006810F040009A
:108A4000059005984FF440400090022001900120CD
:108A50000290032003900B2004906946DFF8D801B0
:108A6000FCF780FB002200215820FAF7FCFE58207A
:108A7000FAF70EFFD0E02068DFF8D811884226D13F
:108A800000200590DFF89401006850F080006349F1
:108A900008606248006810F08000059005980C207E
:108AA00000900220019001200290032003900B20EF
:108AB00004906946DFF89001FCF754FB0022002186
:108AC0005920FAF7D0FE5920FAF7E2FEA4E0206818
:108AD0006149884225D1002005905048006850F037
:108AE00010004E4908604D48006810F010000590D5
:108AF00005984FF4C0600090022001900120029080
:108B0000032003900720049069465448FCF72AFB91
:108B1000002200212520FAF7A6FE2520FAF7B8FE4C
:108B20007AE020684E49884224D1002005903C48D4
:108B3000006850F400303A4908603948006810F481
:108B400000300590059860200090022001900120DF
:108B50000290032003900720049069463648FCF7F2
:108B600001FB002200212620FAF77DFE2620FAF7DD
:108B70008FFE51E020683B49884225D100200590B6
:108B80002748006850F48020254908602448006880
:108B900010F48020059005984FF44070009002205A
:108BA0000190012002900320039007200490694661
:108BB0002148FCF7D7FA002200212720FAF753FEBC
:108BC0002720FAF765FE27E020682749884223D14D
:108BD000002005901148006850F020000F490860FF
:108BE0000E48006810F0200005900598C020009005
:108BF000022001900120029003200390082004909D
:108C000069460E48FCF7AEFA002200214720FAF729
:108C10002AFE4720FAF73CFE06B010BD4438024059
:108C20004038024000040240002800403C0E474209
:108C3000003C0040004C0040000C02400008024094
:108C4000005000400078004000100240007C0040CE
:108C500000180140001C01400010014000000240CB
:108C6000004400400048004000140140010091F819
:108C70003500022803D080204865012009E0052046
:108C800081F8350008680068400840000A681060F4
:108C9000002070477047704762F30F2262F31F4253
:108CA000401810F0030308D0C91A1FD3DB0748BFD0
:108CB00000F8012D28BF20F8022D130030B414460F
:108CC0001546103928BF20E93C00FAD8490728BFCB
:108CD00020E90C0048BF40F8042D890028BF20F887
:108CE000022D48BF00F8012D30BC7047C91818BFCD
:108CF00000F8012DCB0728BF00F8012D70470000B8
:108D000062B38B0708D0521E11F8013B00F8013BFB
:108D100000F024808B07F6D1830740F0208000BF4D
:108D2000103A07D330B4B1E83810103AA0E8381040
:108D3000F9D230BC530724BFB1E80810A0E80810EE
:108D400044BF51F8043B40F8043BD20724BF31F83C
:108D5000022B20F8022B44BF0B7803707047121FC0
:108D600017D35B0009D151F8043B20F8023B1B0CE0
:108D7000121F20F8023BF6D20BE051F8043B00F83A
:108D8000013B1B0A20F8023B1B0C121F00F8013BA1
:108D9000F3D238BF121D521E24BF11F8013B00F858
:108DA000013BF8D87047000001480068704700BFD9
:108DB000246C002010B504004FF47A700D49097836
:108DC000B0FBF1F00C490968B1FBF0F0FAF76BFD6C
:108DD000002801D001200CE0102C09D20022210033
:108DE0005FF0FF30FAF73FFD04480460002000E028
:108DF000012010BD280000200400002000000020F9
:108E000070B504000D001600002C01D1022013E003
:108E100084F8BC630020C4F874030020C4F878030D
:108E2000200000F00AF82800002801D0C4F8C4533C
:108E3000200000F045FB002070BD010000200F283D
:108E400006D2002201EB8003C3F87C23401CF6E726
:108E50000022B2F5007F06D2002001EB020383F866
:108E60001C01521CF5E7002008700020487001200A
:108E700088700020C1F8B80301200876402088716E
:108E800000204876002081F81C03012081F81D0392
:108E90000020704710B402000023002910D0D2F83F
:108EA000780300280AD1D2F87803441CC2F878432A
:108EB00002EB8000C0F87013002002E0022000E006
:108EC0000220C0B210BC704710B4020000200B009A
:108ED00092F83643DBB2A34202D282F81F1301E0BC
:108EE00002231800C0B210BC7047F0B40400002583
:108EF000002604F23237280040B202282BDA28007C
:108F000040B25FF01A0C10FB0CF038440A30060037
:108F100070798C465FFA8CFC604503D00800C0B2C3
:108F2000FF2816D1B07994465FFA8CFC604503D0D7
:108F30001000C0B2FF280CD1F0799C465FFA8CFC7F
:108F4000604503D01800C0B2FF2802D12800C0B28B
:108F500002E06D1CCFE7FF20F0BC704710B50400A5
:108F6000200000F0E9FA0121200000F0F6FB0020CB
:108F700010BD38B584B0040002208DF80C00002527
:108F80002078002815D0012820D002281FD00328DF
:108F900000F0D38005284DD0062800F0AF800728C8
:108FA0005AD0082864D009286DD00A2800F0BB8068
:108FB000D3E094F81E03002807D001202070C820B9
:108FC00000F01BFC200000F009FBC6E0C5E06420B7
:108FD00000F013FC200000F0EBFA84F81D030520DC
:108FE00020700021200000F031FC60718021200001
:108FF00000F02CFC2071A07980B20290002001903A
:1090000094F81D03009094F81C33802221792000ED
:1090100000F0F9FBA07980B202900020019094F852
:109020001D03009094F81C3300226179200000F0A9
:10903000EAFB92E0200000F093F800280BD100201A
:1090400084F81F0394F83103012802D1082020700E
:1090500001E00720207080E0D4F8C403002806D087
:1090600001212000D4F8C42390470820207074E028
:1090700094F8371389B2200000F0CAFC002801D10F
:109080000920207069E0D4F87803002835D000204A
:10909000C4F87403002005002800C0B2002814D1D1
:1090A0002800C0B204EB8000D0F87003007994F877
:1090B0004113884207D12800C0B204EB8000D0F8E9
:1090C0007003C4F874036D1CE6E7D4F87403002839
:1090D00011D02000D4F8741389688847002807D17C
:1090E0000620207003212000D4F8C423904704E018
:1090F0000C20207001E00C2020702EE0D4F87403C6
:1091000000280DD02000D4F87413096988478DF821
:109110000C009DF80C00002804D10A20207001E00A
:109120000C20207019E0D4F87403002804D020002B
:10913000D4F87413496988470FE02000FFF77DFEDB
:10914000D4F87403002807D02000D4F87413C96839
:1091500088470020C4F87403FFE7002005B030BD45
:109160003EB504000125607800280DD002283ED0CD
:1091700034D3042871D067D3062800F08C8076D3CE
:10918000072800F09C80AEE00821200000F0A3FB3F
:10919000002822D194F82703A07101206070A079E3
:1091A00080B202900020019094F81D03009094F882
:1091B0001C3380222179200000F025FBA07980B2A9
:1091C00002900020019094F81D03009094F81C3345
:1091D00000226179200000F016FB84E012212000BB
:1091E00000F079FB002801D1022060707BE00121B2
:1091F000200000F0F6FB002825D1022000F0FDFA47
:10920000012084F81C0303206070A07980B20290D2
:109210000020019094F81D03009094F81C338022E4
:109220002179200000F0EFFAA07980B202900020AE
:10923000019094F81D03009094F81C33002261798A
:10924000200000F0E0FA4EE00921200000F062FB6F
:10925000002801D10420607045E0B4F834132000E8
:1092600000F058FB002801D1052060703BE094F825
:109270002E0300280CD0FF2314F58E7294F82E13C1
:10928000200000F064FB002804D10620607001E09B
:109290000620607027E094F82F0300280CD0FF23ED
:1092A00014F58E7294F82F13200000F050FB002864
:1092B00004D10720607001E00720607013E094F88B
:1092C000300300280CD0FF2314F58E7294F830136D
:1092D000200000F03CFB002804D10020050001E044
:1092E00000200500FFE72800C0B23EBDC0F8B8135B
:1092F000704710B50400D4F8B803401CC4F8B80394
:10930000200000F001F810BD10B5040020780A28F4
:1093100008D1D4F87403002804D02000D4F87413C2
:109320008969884710BD10B50400207800280CD149
:10933000012084F81E03D4F8C40300280AD00421B5
:109340002000D4F8C423904704E02078012801D1FC
:1093500002202070002010BD10B50400200000F095
:1093600009F92179200000F089FA6179200000F0E4
:1093700085FA002084F81E03D4F8C403002804D022
:1093800005212000D4F8C4239047200000F0D4F831
:1093900003202070002010BDF0B500240025002619
:1093A00000271E48006810F00C00002804D0042894
:1093B00004D0082804D02FE019482EE019482CE0EA
:1093C0001948006810F03F00040017480068400288
:1093D0000CD515480068C0F388101249A1FB0001A4
:1093E0002200002300F07AFD05000BE00E48006823
:1093F000C0F388100A49A1FB00012200002300F0FD
:109400006DFD050008480068C0F30140401C4000A5
:109410000600B5FBF6F000E00148F0BD0838024058
:109420000024F40040787D010438024010B586B075
:1094300004002068B0F1A04F2AD14FF4C050019031
:109440000220029000200390032004900A2005903F
:1094500001A93448FBF786FE3348006850F08000CD
:1094600031490860002000903048006850F4804086
:109470002E4908602D48006810F480400090009844
:10948000002200214320FAF7EEF94320FAF700FA10
:1094900006B010BD10B50400D4F89402FFF729FF00
:1094A00010BD10B50400D4F89402FFF73CFF10BDC6
:1094B00010B50400D4F89402FFF74EFF10BD7047BA
:1094C00010B5040094F8BC03012828D11848C0F84E
:1094D00094421748C4F8C0035FF0A04014490860E4
:1094E0000C201349886003201149C86000201049EE
:1094F000086102200E49886100200D49C8610C48AE
:1095000000F004FE002803D0D8210A48FBF714FE1F
:10951000074801F0E5F801002000FFF7E7FE002012
:1095200010BD0000000002403438024044380240C0
:10953000E85100204CE7020870B504000026002521
:10954000D4F8C00301F08FF801000800C0B2002871
:1095500005D0022807D004D3032806D007E0002056
:1095600006E0022004E0012002E0022000E00220E8
:10957000C0B270BD70B5040000260025D4F8C00349
:1095800001F088F801000800C0B2002805D00228C8
:1095900007D004D3032806D007E0002006E002200D
:1095A00004E0012002E0022000E00220C0B270BD11
:1095B00038B504000125D4F8C00301F097F800285D
:1095C00003D0022805D002D305E0002004E00120EA
:1095D00002E0022000E00120C0B232BD70B50400FC
:1095E00000260025D4F8C00301F067F80100080048
:1095F000C0B2002805D0022807D004D3032806D023
:1096000007E0002006E0022004E0012002E0022042
:1096100000E00220C0B270BD38B504000D00290082
:10962000C9B2D4F8C00301F055F832BD2DE9FE43AC
:1096300004000D0016001F005FF000095FF0000835
:10964000BDF8300002909DF82C0001909DF8280094
:1096500000903B00DBB23200D2B22900C9B2D4F88C
:10966000C00300F081FD01000800C0B2002805D051
:10967000022807D004D3032806D007E0002006E024
:10968000022004E0012002E0022000E00220C0B23B
:10969000BDE8FE83F8B504000D0000270026290070
:1096A000C9B2D4F8C00300F0C8FD01000800C0B280
:1096B000002805D0022807D004D3032806D007E0ED
:1096C000002006E0022004E0012002E0022000E089
:1096D0000220C0B2F2BD2DE9F84384B004000D00B1
:1096E00016001F005FF000095FF000089DF83C00C5
:1096F0000390BDF8380002900D9801909DF830005D
:1097000000903B00DBB23200D2B22900C9B2D4F8DB
:10971000C00300F0AAFD01000800C0B2002805D077
:10972000022807D004D3032806D007E0002006E073
:10973000022004E0012002E0022000E00220C0B28A
:1097400005B0BDE8F08338B504000D002900C9B2AA
:10975000D4F8C00300F0B7FF32BD38B504000D00E7
:1097600094F8BC030128C82001F036FE002032BD69
:1097700030B40300D3F8C0430D00EDB228204543B8
:1097800004EB050090F83B00002808D00D00EDB276
:109790002820454304EB050080F8502007E00D0029
:1097A000EDB22820454304EB050080F8512000204D
:1097B00030BC704730B402000024D2F8C0330D0032
:1097C000EDB22820454303EB050090F83B0000284C
:1097D00008D00D00EDB22820454303EB050090F8BA
:1097E000500007E00D00EDB22820454303EB0500D3
:1097F00090F85100C0B230BC704710B50400200092
:1098000001F0EAFD10BDFEB504000D0016001F00BA
:10981000BDF8280002909DF8240001909DF82000DA
:1098200000903B00DBB23200D2B22900C9B2200066
:10983000FFF7FCFE0020FEBD38B504000D00290036
:10984000C9B22000FFF726FF002032BD38B5040062
:109850000D00200000F027F8010089B24FF6FF72DA
:10986000914209D02900C9B251F40041020092B2DC
:1098700004EB8202C2F87C13C0B232BD02000800C1
:10988000C0B20B280DDA0800C0B202EB8000D0F89D
:109890007C034004400C0B00DBB202EB8303C3F8F3
:1098A0007C03002070470100002000221000C0B29D
:1098B0000B280DDA1000C0B201EB8000D0F87C0359
:1098C000000403D4D2B2100080B203E0521CEDE7D2
:1098D0004FF6FF7070477CB504000D002800C0B241
:1098E00080B2009014F58E734FF480720021200036
:1098F00000F050F80600C0B2002808D12A00D2B209
:1099000092B214F58E7114F5487000F0ADF8300085
:10991000C0B276BDF8B504000D0014F11C07280094
:1099200080B200903B004FF400720021200000F054
:1099300031F80600C0B2002806D12A0092B23900E0
:1099400004F2323000F0BFF83000C0B2F2BD2DE9B1
:10995000FC4104000D0016001F00380080B200908A
:1099600014F58E732A00D2B252F4407292B20021E2
:10997000200000F00FF88046C0B2002806D13A005F
:1099800092B2310014F58E7000F036F94046C0B244
:10999000BDE8F6812DE9F04105000E0090461F005C
:1099A000069CA878012814D156F08000287406205F
:1099B0006874A5F81280404680B210F47F40B0F57C
:1099C000407F03D140F20940A88201E00020A88234
:1099D000EC82220092B23900280000F038F9BDE88C
:1099E000F08138B504000D00A07801280AD10020CC
:1099F0002074052060742800C0B260820020A0821C
:109A00000020E08200220021200000F020F932BD79
:109A100038B504000D00A078012808D1002020747A
:109A20000920607465820020A0820020E08200226C
:109A30000021200000F00BF932BD38B504000D0004
:109A4000A07801280AD1022020740120607400202F
:109A500060822800C0B2A0820020E08200220021A3
:109A6000200000F0F4F832BD10B40B7803704B788E
:109A700043708B78CC782402E31843800B79037110
:109A80004B7943718B798371CB79C37113009BB28E
:109A9000092B16DB0B7A4C7A2402E31803818B7AAC
:109AA000CC7A2402E31843810B7B4C7B2402E3181D
:109AB00083818B7B8373CB7BC3730B7C03744B7C65
:109AC000437410BC70472DE9F84F04000D001600D8
:109AD00028005FF000095FF0000AAB46297821708A
:109AE00069786170A978EA78120251186180297941
:109AF000217169796171A979A171E979E171297A95
:109B00002172310089B20A2951DB0920ADF8000029
:109B100000200700484640B2022848DABDF800009D
:109B20006188884243D26946584600F087F88346E8
:109B30009BF801000428EDD1484640B21A2110FBE1
:109B400001F020440A3007005946380000F031F88F
:109B50000020824600208046504640B2397900B24B
:109B600009B2884220DABDF80000618888421BD221
:109B70006946584600F062F883469BF801000528C4
:109B8000EAD1484640B21A2110FB01F02044514668
:109B900049B200EBC100143080465946404600F0FF
:109BA0001BF81AF1010AD7E719F10109B2E7BDE87C
:109BB000F18F0A7802704A7842708A788270CA7887
:109BC000C2700A7902714A7942718A798271CA79BE
:109BD000C2710A7A027270470A7802704A7842703B
:109BE0008A788270CA78C2700A794B791B029A18F7
:109BF00082808A798271704770B44578032D1BD1B9
:109C00001500ADB20678B61EB54202DB0478A41E7C
:109C100000E01400801C00252B001D002600ADB2C2
:109C2000B6B2B54206D21D00ADB2455D0D70491CFD
:109C30009B1CF2E700250D7070BC7047020008887D
:109C4000137850FA83F00880107810447047F8B504
:109C500004000D0016000127A078012802D0022878
:109C600009D020E0A560A681012020760220A07006
:109C70000120070017E0200000F018F80700380066
:109C8000C0B2002806D10120A0700020207600205C
:109C9000070007E03800C0B2022803D10120A070FD
:109CA00002200700FFE73800C0B2F2BDF8B504009B
:109CB00001260027207E012816D0C0F00B81032842
:109CC00046D01AD3052868D04ED3072800F09880D4
:109CD00071D3092800F0BC80C0F09E800B2800F0F2
:109CE000E180C0F0C380F5E0627914F1100120003A
:109CF00001F086FB02202076ECE061792000FFF77E
:109D000022FD07003800C0B201281AD1207C10F0D3
:109D100080000500E08A002809D02800C0B2802811
:109D200002D10320207612E0052020760FE02800E3
:109D3000C0B2802802D10920207608E007202076D2
:109D400005E03800C0B2042801D10B202076C1E024
:109D5000D4F8B803E0812379A289A168200001F03A
:109D600085FB04202076B5E021792000FFF7EBFC8D
:109D700007003800C0B2012801D109202076380040
:109D8000C0B2052802D10320060005E03800C0B2A9
:109D9000042801D10B2020769CE0012000906379FB
:109DA000A289A168200001F040FBD4F8B803E0814B
:109DB000062020768EE061792000FFF7C4FC0700C2
:109DC0003800C0B2012802D10720207617E0380001
:109DD000C0B2052804D10C202076032006000EE036
:109DE0003800C0B2022802D10520207607E03800F2
:109DF000C0B2042803D10B2020760220060069E0BF
:109E0000237900220021200001F030FBD4F8B803B0
:109E1000E081082020765DE021792000FFF793FCA7
:109E200007003800C0B2012804D10D2020760020A0
:109E300006000CE03800C0B2042802D10B202076C6
:109E400005E03800C0B2052801D10320060041E03A
:109E500001200090637900220021200001F0E5FA42
:109E6000D4F8B803E0810A20207633E0617920003D
:109E7000FFF769FC07003800C0B2012804D10020B8
:109E800006000D2020760CE03800C0B2022802D176
:109E90000920207605E03800C0B2042801D10B204B
:109EA000207617E0607E401C6076607E032807DA2B
:109EB0002000FFF75FFB012020760120A07008E062
:109EC00006212000D4F8C4239047002060760220A9
:109ED0000600FFE73000C0B2F2BD0000BBBBE1B13D
:109EE000B2F5803F80F07E80022A1ED98C46B1FBFD
:109EF000F2F102FB11C31B0443EA1043B3FBF2FC73
:109F000002FB1C3380B240EA0343B3FBF2F002FBD6
:109F1000103240EA0C4000237047022A05D98446DB
:109F2000B0FBF2F002FB10C270474AB105D100F05D
:109F3000010249085FEA30007047002200237047A1
:109F400001F0E6BA0B0002000021002070479042A9
:109F500071EB030CF6D3B3F5803F2FD2F0B5B3FA13
:109F600083F7B1FA81F4A7F10F0E3D1B5340CEF1F8
:109F7000200602FA0EF2F3415340B5F10F0746D81E
:109F80000F3C2C444140C4F12006A040F141414027
:109F9000B1FBF3F603FB1611A2FB0645001BA9411A
:109FA00002D2761E8018594180EA010221FA0EF38E
:109FB00062FA0EF200215A403046F0BD30B4B1FBD7
:109FC000F3FC03FB1C11A2FB0C45001BA94103D2AF
:109FD000ACF1010C8018594130BC02460B4660467A
:109FE00000217047B2F1807F65D3F0B5B2FA82F7F5
:109FF000B1FA81F4C7F10F063D1B22FA06F307F10F
:10A00000110EF24120355A40B5F10F07B8D9414041
:10A01000C4F12006A040F1414140B1FBF3FC03FB39
:10A020001C11A2FB0C45001BA94103D2BCF1010C81
:10A03000801859410F2F12D30F3FC90341EA5041F5
:10A04000B1FBF3F603FB1611A2FB0645D4EBC030BF
:10A05000A94102D2761E8018594146EACC3C07B38A
:10A060004140C7F12006B840F1414140B1FBF3F651
:10A0700003FB1611A2FB0645001BA94102D2761E66
:10A080008018594180EA010221FA0EF3C7F1200439
:10A0900062FA0EF20CFA07F05A402CFA04F130433F
:10A0A000F0BD80EA010221FA0EF3002162FA0EF2FD
:10A0B00060465A40F0BD8C46B1FBF2F102FB11C381
:10A0C0001B0243EA1063B3FBF2FC02FB1C331B02CE
:10A0D0004CEA002043EA1063B3FBF2FC02FB1C33A2
:10A0E0001B024CEA002043EA1063B3FBF2FC02FBC4
:10A0F0001C331B024CEA002043EA1063B3FBF2FC62
:10A1000002FB1C324CEA00200023704710B58AB0D5
:10A110000400002C01D1012024E0032084F89102E6
:10A120002000FFF783F9206801F032FA211D83B087
:10A1300068463422FEF7F4FD0EBC206801F0EAF90F
:10A140000121206801F02BFA211D83B068463422DA
:10A15000FEF7E6FD0EBC206801F0C2FA012084F88B
:10A16000910200200AB010BD2DE9FE4F070088467D
:10A1700091469A460C9C0D9D0E9E5FF0000B97F841
:10A180009002012801D1022055E0012087F89002B9
:10A190004146C9B22820414307EB010080F838A0AE
:10A1A0004146C9B22820414307EB0100A0F84060B6
:10A1B0004146C9B22820414307EB010080F83980AD
:10A1C0004146C9B22820414307EB010080F83F50C7
:10A1D00019F07F014246D2B22820424307EB020029
:10A1E00080F83A104946C9B2C9094246D2B228207D
:10A1F000424307EB020080F83B104146C9B22820D9
:10A20000414307EB010080F83C40300080B20290EF
:10A210002800C0B201902000C0B200905346DBB2CB
:10A220004A46D2B24146C9B2386801F044FB002127
:10A2300087F89012C0B2BDE8FE8F70B504000D0023
:10A24000002694F89002012801D102200CE00120A0
:10A2500084F890022900C9B2206801F026FD002090
:10A2600084F890023000C0B270BD2DE9F84F0700AD
:10A27000884691469A460A9CDDF82CB00C9D0D9EAE
:10A280004146C9B22820414307EB010080F83B90CA
:10A290004146C9B22820414307EB010080F83FA0A6
:10A2A0002000C0B2002809D103214246D2B22820A2
:10A2B000424307EB020080F8421008E002214246C8
:10A2C000D2B22820424307EB020080F842105046E9
:10A2D000C0B2002807D002284AD0C0F0DB80032893
:10A2E00000F09880DFE02000C0B201283FD148464E
:10A2F000C0B200283BD1280080B2002808D101213B
:10A300004246D2B22820424307EB020080F85110A7
:10A310004146C9B22820414307EB010090F85100A3
:10A32000002809D100214246D2B22820424307EB3F
:10A33000020080F8421008E002214246D2B22820F2
:10A34000424307EB020080F842104146C9B2282080
:10A35000414307EB010090F85C00022807D041461A
:10A36000C9B22820414307EB010080F83D609AE024
:10A370004846C0B200282FD14146C9B228204143E7
:10A3800007EB010090F85100002809D10021424656
:10A39000D2B22820424307EB020080F8421008E0C6
:10A3A00002214246D2B22820424307EB020080F845
:10A3B00042104146C9B22820414307EB010090F802
:10A3C0005C00022825D04146C9B22820414307EB52
:10A3D000010080F83D601CE04146C9B2282041439D
:10A3E00007EB010090F85000002809D100214246F7
:10A3F000D2B22820424307EB020080F8421008E066
:10A4000002214246D2B22820424307EB020080F8E4
:10A41000421048E04846C0B200281DD14146C9B2AA
:10A420002820414307EB010090F85100002809D192
:10A4300000214246D2B22820424307EB020080F8B6
:10A44000421026E002214246D2B22820424307EBC6
:10A45000020080F842101CE04146C9B22820414366
:10A4600007EB010090F85000002809D10021424676
:10A47000D2B22820424307EB020080F8421008E0E5
:10A4800002214246D2B22820424307EB020080F864
:10A49000421008E000214246D2B22820424307EB96
:10A4A000020080F842104146C9B22820414307EB20
:10A4B0000100C0F844B0290089B24246D2B2282037
:10A4C000424307EB0200816400214246D2B22820B9
:10A4D000424307EB020080F85C1000214246D2B2F2
:10A4E0002820424307EB0200C1644146C9B228203C
:10A4F000414307EB010080F8398000214246D2B287
:10A500002820424307EB020080F85D103A69D2B27E
:10A510004146C9B22820414307EB010010F1380140
:10A52000386801F0C3FABDE8F28FF8B50400256879
:10A5300000260027206801F0B1F8012840F0928041
:10A54000206801F0A5F8002800F08C80206801F058
:10A550009FF8800203D55FF40010216848612068ED
:10A5600001F096F8C00203D55FF4801021684861BD
:10A57000206801F08DF8400103D55FF0806021680C
:10A580004861206801F084F8800702D50220216824
:10A590004861206801F07CF8800012D515F58860CC
:10A5A000006830F02E0015F5886108602000FEF785
:10A5B0007FFF0121206801F003F95FF0005021685E
:10A5C0004861206801F064F8C00102D5200000F065
:10A5D0009DFE206801F05CF8000705D52000FEF71D
:10A5E00059FF082021684861206801F051F8800176
:10A5F00024D5206801F054FB070000200600A06865
:10A60000864217D23800F040C00711D515EB46102E
:10A6100010F5A0600068000405D53100C9B2200023
:10A6200000F06AF804E03100C9B2200000F033FB0A
:10A63000761CE4E75FF0007021684861206801F053
:10A6400027F8C0060ED52068806930F01000216818
:10A650008861200000F0D8FD2068806950F010006B
:10A6600021688861F1BD10B5040094F890020128BA
:10A6700001D102200DE0012084F89002206800F052
:10A6800080FF0121206801F0DFF8002084F89002AB
:10A69000002010BD10B5040094F89002012801D1EB
:10A6A000022009E0012084F89002206801F0E6FB16
:10A6B000002084F89002002010BD10B5040020682E
:10A6C00001F0A7F810BDC9B228225143084490F800
:10A6D0005C007047C9B2282251430844C06C7047DF
:10A6E00010B50400206801F0E1F810BD10B50400B9
:10A6F000206801F0D0F810BDF8B504000D00266800
:10A7000000272800C0B216EB401010F5A06080684A
:10A71000400718D52800C0B216EB401010F5A06015
:10A72000042181602800C0B216EB401010F5A06033
:10A730002900C9B216EB411111F5A061C96851F0A9
:10A740000201C16081E02800C0B216EB401010F594
:10A75000A0608068800608D52800C0B216EB4010C3
:10A7600010F5A060202181606FE02800C0B216EBD8
:10A77000401010F5A060806800072ED52800C0B2F8
:10A7800016EB401010F5A0602900C9B216EB41117C
:10A7900011F5A061C96851F00201C16005212A00CC
:10A7A000D2B22820424304EB020080F85D1028005A
:10A7B000C0B216EB401010F5A06010218160280097
:10A7C000C0B216EB401010F5A0600821816029008E
:10A7D000C9B2206801F069FA37E02800C0B216EB70
:10A7E000401010F5A060806840052ED52800C0B24A
:10A7F00016EB401010F5A0602900C9B216EB41110C
:10A8000011F5A061C96851F00201C1602900C9B207
:10A81000206801F04AFA2800C0B216EB401010F58B
:10A82000A0601021816008212A00D2B22820424372
:10A8300004EB020080F85D102800C0B216EB401057
:10A8400010F5A0604FF4806181602800C0B216EB63
:10A85000401010F5A060806880051ED52800C0B2A9
:10A8600016EB401010F5A0602900C9B216EB41119B
:10A8700011F5A061C96851F00201C1602900C9B297
:10A88000206801F012FA2800C0B216EB401010F553
:10A89000A0604FF400718160FCE12800C0B216EBAB
:10A8A000401010F5A0608068C00740F1A9802069C1
:10A8B000002817D02900C9B22820414304EB010029
:10A8C000816C2800C0B216EB401010F5A060006942
:10A8D0004003400B091A2A00D2B22820424304EB5D
:10A8E0000200C16401212A00D2B22820424304EBB5
:10A8F000020080F85D1000212A00D2B228204243D5
:10A9000004EB020081652800C0B216EB401010F580
:10A91000A060012181602900C9B22820414304EBD5
:10A92000010090F83F00002809D02900C9B2282072
:10A93000414304EB010090F83F0002281DD128009C
:10A94000C0B216EB401010F5A0602900C9B216EB9A
:10A95000411111F5A061C96851F00201C1602900DF
:10A96000C9B2206801F0A1F92800C0B216EB40106E
:10A9700010F5A060102181602FE02900C9B22820C5
:10A98000414304EB010090F83F00032825D1280043
:10A99000C0B216EB401010F5A060006850F00050F7
:10A9A0002900C9B216EB411111F5A061086001211F
:10A9B0002A00D2B22820424304EB020080F85C1047
:10A9C0002900C9B22820414304EB010090F85C2023
:10A9D0002900C9B22000FEF772FD2900C9B2282063
:10A9E000414304EB010090F8501091F001012A005E
:10A9F000D2B22820424304EB020080F8501049E113
:10AA00002800C0B216EB401010F5A06080688007E7
:10AA100040F1A1802800C0B216EB401010F5A060F4
:10AA20002900C9B216EB411111F5A061C96831F0D6
:10AA30000201C1602900C9B22820414304EB010092
:10AA400090F85D00012809D101212A00D2B2282006
:10AA5000424304EB020080F85C1066E02900C9B2B2
:10AA60002820414304EB010090F85D00052809D13E
:10AA700005212A00D2B22820424304EB020080F8CC
:10AA80005C1052E02900C9B22820414304EB0100C8
:10AA900090F85D00062809D02900C9B2282041435A
:10AAA00004EB010090F85D0008283ED12900C9B2EE
:10AAB0002820414304EB0100816D4A1C2B00DBB2CE
:10AAC0002820434304EB03008265042911D30021AD
:10AAD0002A00D2B22820424304EB020081650421FF
:10AAE0002A00D2B22820424304EB020080F85C1016
:10AAF00008E002212A00D2B22820424304EB0200DF
:10AB000080F85C102800C0B216EB401010F5A06071
:10AB1000006830F0804050F0004007002800C0B2CC
:10AB200016EB401010F5A06007602800C0B216EBCD
:10AB3000401010F5A060022181602900C9B22820D0
:10AB4000414304EB010090F85C202900C9B22000C9
:10AB5000FEF7B5FC9EE02800C0B216EB401010F5E1
:10AB6000A0608068000635D52800C0B216EB401002
:10AB700010F5A0602900C9B216EB411111F5A061D2
:10AB8000C96851F00201C1602900C9B228204143BF
:10AB900004EB0100816D491C2A00D2B228204243F7
:10ABA00004EB0200816506212A00D2B2282042432C
:10ABB00004EB020080F85D102900C9B2206801F0A2
:10ABC00074F82800C0B216EB401010F5A060802188
:10ABD00081605FE02800C0B216EB401010F5A06065
:10ABE0008068C00656D52900C9B22820414304EB2D
:10ABF000010090F83F00032814D12800C0B216EBE2
:10AC0000401010F5A0602900C9B216EB411111F5F2
:10AC1000A061C96851F00201C1602900C9B2206871
:10AC200001F043F803212A00D2B22820424304EB6A
:10AC3000020080F85D102800C0B216EB401010F53D
:10AC4000A060102181602900C9B22820414304EB93
:10AC5000010090F83F00002809D02900C9B228203F
:10AC6000414304EB010090F83F00022812D1280074
:10AC7000C0B216EB401010F5A060006830F08040C4
:10AC800050F0004007002800C0B216EB401010F54D
:10AC9000A0600760F1BD70B504000D0026682800B3
:10ACA000C0B216EB401010F5A0608068400718D5C0
:10ACB0002800C0B216EB401010F5A060042181609E
:10ACC0002800C0B216EB401010F5A0602900C9B2F0
:10ACD00016EB411111F5A061C96851F00201C16084
:10ACE00091E22800C0B216EB401010F5A060806819
:10ACF00080063AD52800C0B216EB401010F5A060CF
:10AD0000202181602900C9B22820414304EB0100C1
:10AD100090F83D00012840F0768204212A00D2B24A
:10AD20002820424304EB020080F85D102800C0B2E6
:10AD300016EB401010F5A0602900C9B216EB4111C6
:10AD400011F5A061C96851F00201C1602900C9B2C2
:10AD5000206800F0AAFF02212A00D2B22820424334
:10AD600004EB020080F85C104DE22800C0B216EB44
:10AD7000401010F5A060806840062ED504212A00FE
:10AD8000D2B22820424304EB020080F85D1000217B
:10AD90002A00D2B22820424304EB02008165280039
:10ADA000C0B216EB401010F5A0602900C9B216EB36
:10ADB000411111F5A061C96851F00201C16029007B
:10ADC000C9B2206800F071FF2800C0B216EB401035
:10ADD00010F5A0604021816015E22800C0B216EB9A
:10ADE000401010F5A060806880051ED52800C0B214
:10ADF00016EB401010F5A0602900C9B216EB411106
:10AE000011F5A061C96851F00201C1602900C9B201
:10AE1000206800F04AFF2800C0B216EB401010F581
:10AE2000A0604FF400718160EDE12800C0B216EB24
:10AE3000401010F5A0608068C0072ED500212A00C0
:10AE4000D2B22820424304EB020081652800C0B240
:10AE500016EB401010F5A0602900C9B216EB4111A5
:10AE600011F5A061C96851F00201C1602900C9B2A1
:10AE7000206800F01AFF2800C0B216EB401010F551
:10AE8000A0600121816001212A00D2B22820424322
:10AE900004EB020080F85D10B5E12800C0B216EBAB
:10AEA000401010F5A0608068000726D52800C0B2C9
:10AEB00016EB401010F5A060082181602800C0B298
:10AEC00016EB401010F5A0602900C9B216EB411135
:10AED00011F5A061C96851F00201C1602900C9B231
:10AEE000206800F0E2FE05212A00D2B22820424369
:10AEF00004EB020080F85D1085E12800C0B216EB7B
:10AF0000401010F5A0608068C0062ED500212A00F0
:10AF1000D2B22820424304EB020081652800C0B26F
:10AF200016EB401010F5A0602900C9B216EB4111D4
:10AF300011F5A061C96851F00201C1602900C9B2D0
:10AF4000206800F0B2FE03212A00D2B2282042433A
:10AF500004EB020080F85D102800C0B216EB401030
:10AF600010F5A060102181604DE12800C0B216EB01
:10AF7000401010F5A0608068000626D52800C0B2F9
:10AF800016EB401010F5A0602900C9B216EB411174
:10AF900011F5A061C96851F00201C1602900C9B270
:10AFA000206800F082FE06212A00D2B22820424307
:10AFB00004EB020080F85D102800C0B216EB4010D0
:10AFC00010F5A060802181601DE12800C0B216EB61
:10AFD000401010F5A060806840052FD52800C0B251
:10AFE00016EB401010F5A0602900C9B216EB411114
:10AFF00011F5A061C96851F00201C1602900C9B210
:10B00000206800F052FE2800C0B216EB401010F588
:10B01000A060102181602800C0B216EB401010F52E
:10B02000A0604FF48061816008212A00D2B22820FC
:10B03000424304EB020080F85D10E4E02800C0B257
:10B0400016EB401010F5A0608068800740F1DB80AF
:10B050002800C0B216EB401010F5A0602900C9B25C
:10B0600016EB411111F5A061C96831F00201C16010
:10B070002900C9B22820414304EB010090F85D008B
:10B08000012826D101212A00D2B22820424304EB14
:10B09000020080F85C102900C9B22820414304EB6B
:10B0A000010090F83F00022840F098802900C9B2C2
:10B0B0002820414304EB010090F8511091F0010168
:10B0C0002A00D2B22820424304EB020080F851103B
:10B0D00084E02900C9B22820414304EB010090F824
:10B0E0005D00032809D102212A00D2B22820424360
:10B0F00004EB020080F85C1070E02900C9B228203F
:10B10000414304EB010090F85D00042812D10221B4
:10B110002A00D2B22820424304EB020080F85C10DF
:10B1200000212A00D2B22820424304EB020080F81A
:10B130003D1053E02900C9B22820414304EB01002F
:10B1400090F85D00052809D105212A00D2B22820F7
:10B15000424304EB020080F85C103FE02900C9B2D2
:10B160002820414304EB010090F85D00062809D037
:10B170002900C9B22820414304EB010090F85D008A
:10B1800008282BD12900C9B22820414304EB010033
:10B19000816D4A1C2B00DBB22820434304EB0300E3
:10B1A0008265042911D300212A00D2B2282042430B
:10B1B00004EB0200816504212A00D2B22820424318
:10B1C00004EB020080F85C1008E002212A00D2B2F1
:10B1D0002820424304EB020080F85C102800C0B233
:10B1E00016EB401010F5A060022181602900C9B261
:10B1F0002820414304EB010090F85C202900C9B2EB
:10B200002000FEF75CF970BD2DE9F04705002E68BF
:10B210000020002100272A68D2F8208018F00F09AA
:10B22000C8F3434AC8F30A145246022A02D0052A38
:10B2300066D066E0002C62D04946C9B2282041435E
:10B2400005EB0100406C002859D0220092B249461B
:10B25000C9B22820414305EB0100416C286800F089
:10B2600003FA4946C9B22820414305EB0100406C6E
:10B2700000EB04014A46D2B22820424305EB02000B
:10B2800041644946C9B22820414305EB0100C16C25
:10B2900061184A46D2B22820424305EB0200C1643D
:10B2A0004846C0B216EB401010F5A0600069164980
:10B2B000084224D04846C0B216EB401010F5A060FA
:10B2C000006830F0804050F0004007004846C0B2AF
:10B2D00016EB401010F5A06007604946C9B228205F
:10B2E000414305EB010090F8501091F001014A46EE
:10B2F000D2B22820424305EB020080F8501000E053
:10B30000FFE7BDE8F08700000000F81F3EB504002D
:10B31000256815F588600068019015F5886000685B
:10B320000090009830F02E000090019880070FD513
:10B330000198C00708D52068806930F00050216866
:10B3400088612000FEF7ADF8009850F002000090F0
:10B350000198000733D5009850F00800009001983C
:10B3600040071ED5A06902280FD1019810F4C02013
:10B37000B0F5802F04D10221206800F021FA0CE002
:10B380000121206800F01CFA07E0E068032804D1DE
:10B390004EF6602015F5806148602000FEF781F8C8
:10B3A0000DE015F58860006830F02E0015F5886115
:10B3B00008602068806950F0005021688861019819
:10B3C000800603D5009850F020000090009815F5F5
:10B3D0008861086037BD000070B50400FDF7E4FC2B
:10B3E0000500260016F1010F02D004480078361837
:10B3F000FDF7DAFC401BB042FAD370BD28000020F4
:10B400007FB504000D001600002003900820029074
:10B41000019500200090002300223100C9B22000D5
:10B42000FEF759F9002004B070BD2DE9FF41050079
:10B430000E0090461F000A9C95F81D03002801D0BD
:10B44000002004002000C0B20390404680B2029069
:10B45000019601200090002300223900C9B2280083
:10B46000FEF739F9002004B0BDE8F081F8B584B0EA
:10B4700004000D0016001F0000200390300080B271
:10B480000290019501200090002301223900C9B2E9
:10B490002000FEF720F9002005B0F0BD2DE9FF41A6
:10B4A00005000E0090461F000A9C95F81D03002819
:10B4B00001D0002004002000C0B20390404680B2BA
:10B4C0000290019601200090022300223900C9B2A7
:10B4D0002800FEF700F9002004B0BDE8F081F8B5BF
:10B4E00084B004000D0016001F00002003903000FF
:10B4F00080B20290019501200090022301223900C0
:10B50000C9B22000FEF7E7F8002005B0F0BD00004A
:10B51000704700000EB418B504000898012817D130
:10B52000A06B30F48030A063E168DFF8F0000140E8
:10B53000E160E06830F44010E0600F98012803D12A
:10B54000E06850F48010E060200000F0ABF809E003
:10B55000E06850F04000E060200000F0A3F85FF4E5
:10B560008030A0630698012807D1A06850F006003B
:10B57000A060A06850F02000A060002012BC5DF820
:10B5800010FB0100886850F00100886000207047BF
:10B59000010088684008400088600020704738B586
:10B5A00004000D00E06830F0C040E0602800C0B248
:10B5B000012804D1E06850F00050E06007E0280066
:10B5C000C0B2002803D1E06850F08040E060322033
:10B5D000FFF702FF002032BD02000023880150F077
:10B5E000200010615B1CDFF8F400834201D30320CC
:10B5F00003E010698006F5D40020704701000022A6
:10B6000010200861521CDFF8D400824201D30320CD
:10B6100003E00869C006F5D400207047BFFFBDFFF6
:10B62000F0B50500059C002600272000C0B20028C8
:10B6300018D1180080B2C01C800806000020070046
:10B64000B7420FD2D1F800C096465FFA8EFE4FF493
:10B65000805000FB0E5E1EF5805ECEF800C07F1CA1
:10B66000091DEDE70020F0BD30B4030000201500F7
:10B67000ADB2ED1CAD080024AC4206D213F58050EB
:10B6800000680860641C091DF6E7080030BC7047BC
:10B69000020000235069916908407047406910F02A
:10B6A0000100704701000022521C0C48824201D365
:10B6B000032011E008690028F6D50023086950F03E
:10B6C000010008615B1C0548834201D3032003E0AD
:10B6D0000869C007F6D4002070470000410D030040
:10B6E0000EB430B50400002014F560610860A06B52
:10B6F00050F40010A063059803280BD1B4F1A04FBB
:10B7000008D014F58060006850F0040014F58061E2
:10B71000086007E014F58060006830F0040014F55C
:10B720008061086010212000FFF756FF2000FFF71E
:10B7300065FF0025049885420ED214EB451010F5E4
:10B74000A0605FF0FF31816014EB451010F5A06040
:10B750000021C1606D1CEDE70121200000F074F8AC
:10B76000C820FFF739FE0020A0615FF0FF30606164
:10B77000B4F1A04F09D180206062DFF80C05A0620F
:10B78000DFF80805C4F8000109E04FF400706062BA
:10B79000DFF8FC04A062DFF8FC04C4F8000106989E
:10B7A000002803D1A06950F01000A061A169DFF862
:10B7B000E8040143A161002030BC5DF810FB0000EB
:10B7C000020012F5806000688008800012F5806336
:10B7D000186012F5806000680B00DBB213F0030301
:10B7E000184312F5806318600800C0B2012805D123
:10B7F0004BF6803012F58063586008E00800C0B254
:10B80000022804D141F2707012F580635860002064
:10B8100070471CB5040014F588600068009000981B
:10B8200030F02E000090009850F4807014F588617C
:10B8300008600A20FFF7D0FD009830F4807014F5FE
:10B8400088610860002016BD81B0020012F5886092
:10B8500000680090009830F02E0000900098C0041E
:10B8600009D40800C0B2012805D1009850F48050D6
:10B8700012F5886318600098C00409D50800C0B2AA
:10B88000002805D1009830F4805012F588631860C4
:10B89000002001B0704781B0010011F58860006898
:10B8A00000900098C0F3414001B0704710F58060EF
:10B8B000806880B270472DE9F0410700069C079E22
:10B8C000089D0800C0B217EB401010F5A0605FF0B3
:10B8D000FF3CC0F808C03000C0B2002805D00228E4
:10B8E00003D059D3032837D075E00800C0B217EB56
:10B8F000401010F5A06040F29D4CC0F80CC010063E
:10B9000013D50800C0B217EB401010F5A0608C46AC
:10B910005FFA8CFC17EB4C1C1CF5A06CDCF80CC01F
:10B920005CF4807CC0F80CC015E0B7F1A04F12D0D9
:10B930000800C0B217EB401010F5A0608C465FFA0B
:10B940008CFC17EB4C1C1CF5A06CDCF80CC05CF0FC
:10B95000600CC0F80CC03EE00800C0B217EB40100D
:10B9600010F5A06040F29D6CC0F80CC0100612D516
:10B970000800C0B217EB401010F5A0608C465FFACB
:10B980008CFC17EB4C1C1CF5A06CDCF80CC05CF4B8
:10B99000807CC0F80CC01EE00800C0B217EB40105D
:10B9A00010F5A06040F2252CC0F80CC0100612D58E
:10B9B0000800C0B217EB401010F5A0608C465FFA8B
:10B9C0008CFC17EB4C1C1CF5A06CDCF80CC05CF478
:10B9D000C07CC0F80CC017F5806080695FF0010C76
:10B9E0001CFA01FC5CEA000017F5806CCCF818002A
:10B9F000B86950F00070B86194465FFA8CFC5FEA59
:10BA0000DC1C1CF0010C2000C0B2022802D15FF047
:10BA1000010E01E05FF0000E1800C0B2800510F0CA
:10BA2000FE5090465FFA88F85FEAC82818F4F0489C
:10BA300058EA00005FFA8CFC50EACC305FFA8EFEC8
:10BA400050EA4E40B4465FFA8CFC5FEA8C4C1CF422
:10BA5000402C5CEA0000AC461FFA8CFC5FEA4C5CB0
:10BA60005FEA5C5C5CEA00008C465FFA8CFC17EBDA
:10BA70004C1C1CF5A06CCCF800003000C0B20328B0
:10BA800011D10800C0B217EB401010F5A06000689B
:10BA900050F000508C465FFA8CFC17EB4C1C1CF5E8
:10BAA000A06CCCF800000020BDE8F0812DE9FE4F2D
:10BAB00004000D00160000208DF8000000275FF044
:10BAC000000A4FF480785FF0000BB4F1A04F23D050
:10BAD0002879002820D13000C0B2002808D1687928
:10BAE000012805D16978200000F0A3F90020C8E002
:10BAF0003000C0B201280FD1687814EB401010F567
:10BB0000A060697814EB411111F5A061C96831F0AA
:10BB10006001C160002068712869002813D028697D
:10BB200029894018401E2989B0FBF1F94046494651
:10BB300080B289B2884208D2C146494689B2288972
:10BB40004143296101E05FF00109E878002804D051
:10BB5000494689B2288941432961687814EB40102D
:10BB600010F5A06029694903490B4A4692B24B4B34
:10BB700013EAC2431943AA7A520712F0C042114392
:10BB800001613000C0B2002806D0687814EB401084
:10BB900010F5A060E968416114F58060D0F808A054
:10BBA0001AF0010A9AF0010A687814EB401010F5B7
:10BBB000A060697814EB411111F5A061096831F0BA
:10BBC00000510160687814EB401010F5A0606978AE
:10BBD00014EB411111F5A06109685246D2B251EA45
:10BBE00042710160687814EB401010F5A0600068A5
:10BBF00030F0804050F000400190687814EB401025
:10BC000010F5A060019901603000C0B2002837D162
:10BC1000E878002834D12869002831D0E879002854
:10BC200005D0022803D011D303280FD01FE02869C4
:10BC3000C01C80080700E06A80B2390089B28842DF
:10BC400003D2A06950F02000A06110E02869C01C58
:10BC50008008070014F58060006980B2390089B25D
:10BC6000884203D2A06950F08060A061FFE7002005
:10BC700000902B699BB26A78E9682000FFF7D0FC3E
:10BC80000020BDE8FE8F000080006000E000400062
:10BC9000000200010003E000080020A30000F81FDC
:10BCA00010F58060406980B2704710B40200002334
:10BCB0000800C0B212EB401010F5A0600068C0F39D
:10BCC000814000280AD00800C0B212EB401010F5E5
:10BCD000A0600068C0F38140022853D10800C0B2C0
:10BCE00012EB401010F5A060006850F080400C008E
:10BCF000E4B212EB441414F5A0642060D06A10F48E
:10BD00007F0F2ED10800C0B212EB401010F5A060DA
:10BD1000006820F000400C00E4B212EB441414F56B
:10BD2000A06420600800C0B212EB401010F5A060C3
:10BD3000006850F000400C00E4B212EB441414F51B
:10BD4000A06420605B1C40F2E93083426ED20800A0
:10BD5000C0B212EB401010F5A06000680028F1D4CA
:10BD600064E00800C0B212EB401010F5A06000685B
:10BD700050F000400C00E4B212EB441414F5A0643F
:10BD8000206053E00800C0B212EB401010F5A06034
:10BD9000006850F080400C00E4B212EB441414F53B
:10BDA000A064206012F58060006900042ED10800B4
:10BDB000C0B212EB401010F5A060006820F0004007
:10BDC0000C00E4B212EB441414F5A06420600800E7
:10BDD000C0B212EB401010F5A060006850F00040B7
:10BDE0000C00E4B212EB441414F5A06420605B1C58
:10BDF00040F2E930834219D20800C0B212EB401081
:10BE000010F5A06000680028F1D40FE00800C0B26F
:10BE100012EB401010F5A060006850F000400C00DC
:10BE2000E4B212EB441414F5A0642060002010BCAE
:10BE3000704730B40200012300240800C0B212EBA6
:10BE4000401010F5A0601D00EDB2ED0455F0004566
:10BE500005610800C0B212EB401010F5A060056843
:10BE600035F0804555F000450800C0B212EB401097
:10BE700010F5A0600560002030BC7047F8B50500E3
:10BE800000262800FFF784FB10212800FFF7A4FB01
:10BE90002800FFF7B3FB00200100C9B2102916DA11
:10BEA0000100C9B215EB411111F5A061096851F00B
:10BEB000804121F0004131F400410C000100C9B281
:10BEC00015EB411111F5A0610C60401CE4E700275F
:10BED0003800C0B2102824DA3800C0B215EB401088
:10BEE00010F5A060006850F0804050F0004030F441
:10BEF000004004003800C0B215EB401010F5A060FF
:10BF00000460761C40F2E930864208D23800C0B2A4
:10BF100015EB401010F5A06000680028F1D47F1CDC
:10BF2000D6E75FF0FF3015F5806148615FF0FF30C4
:10BF300068612800FFF725FB0020F2BD00F5E070E6
:10BF40000268914203D280680028F9D170474368A3
:10BF50001A449142F7D270471B49D1F8D801A8B9C9
:10BF60004FF48050C1F8DC014FF480324FF0FF30C5
:10BF7000C1F8E401C1F8E801C1F8E0210420C1F8EA
:10BF8000EC01C1F8BC011148C1F8D801012070478B
:10BF900001F1080313F0070F0EBF0023C3F10803DC
:10BFA00003F007031944D21A8161C26042F0010311
:10BFB0004B60091D4FF0280C41F802C0024AD2F82C
:10BFC000E831C36170470000A06100206859883CD7
:10BFD0002DE9F04F83B00646AFF30080F52E1E4DDD
:10BFE00080F01D820B2E31BF10260B36F608F600AE
:10BFF0002868F408E04010F0030F4CD0C04300F074
:10C000000100041905F1280000EBC4074FEAC40839
:10C01000BE687068C008C000404518BF01F0FCF958
:10C02000D6F80890BE4208BF01F0F6F94E4508BFA9
:10C0300001F0F2F97068C008C000404518BF01F077
:10C04000EBF94F450AD12868012101FA04F420EAEE
:10C0500004042C6010E000BFA06100202869814525
:10C0600008D3D9F80C10B14204D1C7F80890C9F828
:10C070000C7001E001F0D0F948F00300311D706050
:10C08000301D51F8082042F0010240F8082006F166
:10C09000080800F022BFA968B14280F0B7830028E9
:10C0A00000F0A580012707FA04F1490000FA04F422
:10C0B000484201430C4060420440641E200B00F0E3
:10C0C0001000C440610901F00801CC40A20802F050
:10C0D0000402D440630803F002030818DC4010187F
:10C0E000C4F340081818404424FA08F4241805F151
:10C0F000280000EBC40A4FEAC408DAF80890D9F81F
:10C100000400C008C000404518BF01F085F9D9F807
:10C1100008B0D14508BF01F07FF9D94508BF01F04B
:10C120007BF9D9F80400C008C000404518BF01F0F1
:10C1300073F9DA4506D1286807FA04F420EA040402
:10C140002C600DE029698B4508D3DBF80C004845CD
:10C1500004D1CAF808B0CBF80CA001E001F05CF9FA
:10C16000A8EB060846F0030009F10402C9F8040030
:10C1700048F00101915109EB0602019242F8088052
:10C18000AC684FEAD40ABAF11F0F88BF01F044F936
:10C190002CB3CDF800A005F128006E6900EBCA0AA7
:10C1A000D346102C38BF01F037F92968009821FADE
:10C1B00000F2D30703D487400F432F6007E0DAF87B
:10C1C0000800296988422CBF834601F025F9CAF886
:10C1D0000860CBF80C60C6F808B0C6F80CA0C5F82B
:10C1E000088009F108080198686100F076BE686867
:10C1F000002800F02D8341420840401E010B01F051
:10C200001001C840420902F00802D040830803F040
:10C210000403D840440804F002045118E0405918BF
:10C22000C0F34007611805F5987C3944F840401880
:10C230005CF820104868C008C0008946A0EB060AD8
:10C2400008E001464868C008C000801B50453CBF5C
:10C250008246894608690028F3D149690029F1D14D
:10C2600028698145C0F0D880D9F80410C90806EBC8
:10C270000A07C900B94218BF01F0CEF809EB060061
:10C280008145019080F0C880D9F80C40D9F8188019
:10C290004C450DD0D9F808002969884223D3C268DB
:10C2A0004A4504BFA16849451DD1C460A0601CE097
:10C2B00009F114010C6834B909F110010C68A4B13A
:10C2C00001E011460C6804F114021068002802BF56
:10C2D00004F1100210680028F3D12869814202D3CA
:10C2E00000220A6001E001F097F8B8F1000F3ED09B
:10C2F000D9F81C0005F5987101EB80010A68914599
:10C300000AD13CBB6A68012303FA00F022EA00006C
:10C310006860002008602AE02969884517D3D8F8AA
:10C320001000484514BFC8F81440C8F81040F4B1D4
:10C3300029698C4219D3C4F81880D9F8100058B173
:10C34000884226BF2061846101F066F804E001F0B4
:10C3500063F8ECE70C60EBE7D9F8140038B1296911
:10C36000884202D36061846101E001F055F8BAF1BE
:10C37000100F0CD247F0030009F10401C9F80400C2
:10C3800009F10400CA5942F00102C2513EE046F0F0
:10C39000030109F10402C9F804104AF001009051A8
:10C3A000019941F80AA0A8680090C4081F2C88BF12
:10C3B00001F032F8009828B305F128000099D5F86B
:10C3C000148000EBC407BB46102938BF01F024F8E5
:10C3D000286820FA04F1CA0705D4012101FA04F4FF
:10C3E00004432C6006E0B868296988422CBF834664
:10C3F00001F012F8C7F80880CBF80C80C8F808B034
:10C40000C8F80C70C5F808A00198686119F108080F
:10C4100000F0FC8100F061BD00F0FEFFF6E116F1D6
:10C42000400F28BF4FF0FF3680F0F0810B36F60842
:10C430006B68F600002B00F0E9810027300AC6F196
:10C44000000808BF002423D0B0F5803F28BF1F2478
:10C450001ED2A0F58071090C01F008018840A0F5FA
:10C460008052120C02F004029040A0F58044240C8B
:10C47000C1F10E0104F00204891A091BA04001EB6E
:10C48000D031C81D26FA00F404F0010404EB410485
:10C4900005F5987151F8240040B31F2C0FBFB44626
:10C4A0004FEA540CCCF1190C06FA0CFCBE4641467E
:10C4B00001E04FEA4C0C4268D208D200921B8A423B
:10C4C00007D3426910304FEADC7850F828003AB1BF
:10C4D00003E011000746F4D105E0824218BF9646FA
:10C4E0000028E6D170468846B8BBC7BB012101FAD7
:10C4F00004F4640060420443234000F08781584202
:10C5000003405B1E180B00F01000C340590901F0F6
:10C510000801CB409A0802F00402D3405C0804F002
:10C5200002040818E3401018C3F3400C201805F566
:10C53000987E604423FA0CF31B185EF823000CE08D
:10C5400008464168C908C900891B41453CBF884667
:10C55000074601690029F3D140690028F1D1002F75
:10C5600000F05481A868801B804580F04F812969C4
:10C570008F42FFF451AF7868C00806EB080AC0008C
:10C58000504518BF00F048FF07EB060B5F45BFF4AE
:10C5900043AFFC68D7F81890BC420CD0B868296942
:10C5A000884223D3C268BA4204BFA168B9421DD1F0
:10C5B000C460A0601CE007F114010C6834B907F1F5
:10C5C00010010C68A4B101E011460C6804F11402DA
:10C5D0001068002802BF04F1100210680028F3D18F
:10C5E0002869814202D300220A6001E000F014FFB2
:10C5F000B9F1000F3BD0F86905F5987101EB8001A6
:10C600000A6897420AD134BB6A68012303FA00F032
:10C6100022EA000068600020086028E02969894556
:10C6200016D3D9F81000B84214BFC9F81440C9F89D
:10C630001040E4B129698C4217D3C4F818903869C6
:10C6400058B1884226BF2061846100F0E5FE04E015
:10C6500000F0E2FEEDE70C60ECE7786938B129699B
:10C66000884202D36061846101E000F0D5FEB8F138
:10C67000100F0BD24AF00300391D7860381D51F8B5
:10C680000A2042F0010240F80A20BBE046F0030114
:10C690003A1D796048F0010090514FEAD8004BF8FC
:10C6A00008801F2822D805F1280101EBC004296861
:10C6B00021FA00F2D307A14605D4012202FA00F0C4
:10C6C0000843286006E0A068296988422CBF81469B
:10C6D00000F0A2FEC4F808B007F10800C9F80CB0D9
:10C6E00040F8069007F10C018C518BE05FEA1820AE
:10C6F00008BF002123D0B0F5803F28BF1F211ED2E4
:10C70000A0F58072120C02F008029040A0F5805152
:10C71000090C01F004018840A0F580431B0CC2F114
:10C720000E0203F00203521AD21A984002EBD032E2
:10C73000D01D28FA00F101F0010101EB420105F5DD
:10C74000987202EB810007F11402CBF81C10002351
:10C75000935107F1100293516A6822FA01F3DC0742
:10C7600011D4012303FA01F111436960C0F800B04C
:10C77000CBF8180007F1080107F10C0040F806B0EB
:10C7800041F806B03EE002681F291DBF4908C1F10B
:10C79000190108FA01F1414600E002465068C0085C
:10C7A000C000404518D002F11003C80F03EB80030E
:10C7B000490018680028F0D12869834220D3C3F8C3
:10C7C00000B007F10C01CBF8182041F806B007F1D2
:10C7D000080040F806B015E0296990688A4228BF31
:10C7E00088420DD3C0F80CB007F10801C2F808B0B8
:10C7F000885107F10C0082510022CBF8182001E08B
:10C8000000F00AFE17F1080840F06783A868B042FC
:10C810001ED3811B6A6910290AD3141DA96041F037
:10C8200001009319A051595046F0030656600BE0E1
:10C830000021A96040F00304111D5460141D0E581E
:10C8400046F00106265000236B6102F1080844E31C
:10C85000E8688642C0F03183D5F8D80108B9FFF7FF
:10C860007BFBD5F8E01188192F30491E20EA010121
:10C870008E4280F03083D5F8B80140B1D5F8B021B0
:10C8800089188A4280F027838842C0F0248300F010
:10C89000C7FD00281CBF076810F1010F00F01B83C3
:10C8A000D5F8B011AC697918C5F8B011D5F8B02138
:10C8B000D5F8B4118A4238BF0A46C5F8B42114BB72
:10C8C000296909B1884200D228610021C5F8CC113C
:10C8D0004FF0FF31D5F8D8216A622962C5F8C0014E
:10C8E000C5F8C471002105F128029260D26002F1FE
:10C8F000080353611361891C10321F29F5D9A7F170
:10C900002802014619E005F5E071804600E08968DB
:10C91000B9B108684A6802449045F8D1087B02071B
:10C920000FD40A6894420CD34B681A44944208D23C
:10C93000FB184B602146E8683A182846FFF728FBA9
:10C94000B8E22869804538BFC5F8108005F5E07069
:10C9500008EB070100E08068002800F0B081026861
:10C960008A42F8D1017B0A0700F1A9810168C0F869
:10C9700000804268BF18476008F1080010F0070FF8
:10C9800004D0C0F1080000F00700804401F1080263
:10C9900012F0070F06D001F10800C0F1080000F006
:10C9A000070001440F46A7EB080008EB0604A0EBC4
:10C9B000060B46F00306C8F80460BC4228BF00F02E
:10C9C0002BFD3879C10758BF00F026FDBBF1100FD1
:10C9D00038BF00F021FDA869874208D1E9688B447F
:10C9E000C5F80CB0AC614BF00100606064E16869AF
:10C9F00087420AD1A9686C618B44C5F808B04BF036
:10CA00000100606044F80BB056E1786800F0030163
:10CA1000012940F0B380C008C000C1081F2902905E
:10CA20003DD8BA680092FE680191B74208BF00F095
:10CA3000F3FC0098874208BF00F0EEFC786801998B
:10CA4000C008C000B0EBC10F18BF00F0E5FC0199B1
:10CA5000009A05F1280000EBC100824208D011467F
:10CA60002A699142C0F08580CA68BA4240F081804C
:10CA700000998E4206D101982A68012383409A4387
:10CA80002A6078E0864205D029698E4271D3B06869
:10CA9000B8426ED10098C6600099B1606BE0B86989
:10CAA0000090FE68BE420CD0B8682969884223D342
:10CAB000C268BA4204BFB168B9421DD1C660B06055
:10CAC0001CE007F114010E6836B907F110010E6879
:10CAD000A6B101E011460E6806F1140210680028A4
:10CAE00002BF06F1100210680028F3D128698142C4
:10CAF00002D300220A6001E000F08EFC00980028BA
:10CB000039D0F86905F5987101EB80010A68974200
:10CB10000AD126BB6A68012303FA00F022EA00006A
:10CB200068600020086026E000992869814213D3DC
:10CB30000869B84214BF4E610E61E6B129698E42A0
:10CB400017D30098B061386958B1884226BF306168
:10CB5000866100F061FC04E000F05EFCEDE70E6031
:10CB6000ECE7786938B12969884202D3706186613F
:10CB700001E000F051FC02997F188B447968490864
:10CB8000490079604BF0010060604FEADB0644F831
:10CB90000BB01F2E22D805F1280000EBC607B946BE
:10CBA000BBF1100F38BF00F037FC286820FA06F1FF
:10CBB000CA0705D4012101FA06F606432E6006E0F5
:10CBC000B868296988422CBF814600F025FCBC600A
:10CBD000C9F80C40C4F80890E7606DE05FEA1B20DC
:10CBE00008BF002123D0B0F5803F28BF1F211ED2EF
:10CBF000A0F58072120C02F008029040A0F580515E
:10CC0000090C01F004018840A0F580431B0CC2F11F
:10CC10000E0203F00203521AD21A984002EBD032ED
:10CC2000D01D2BFA00F101F0010101EB4201E1619D
:10CC3000002305F59872636102EB810023616A6845
:10CC400022FA01F3DE0707D4012303FA01F11143AD
:10CC500069600460A0611DE002681F291DBF4908CA
:10CC6000C1F119010BFA01F1594600E00246506882
:10CC7000C008C000584510D002F11003C80F03EBE4
:10CC80008003490018680028F0D12869834211D335
:10CC90001C60A261E460A4600EE0296990688A4289
:10CCA00028BF884206D3C4609460A060E260002080
:10CCB000A06101E000F0B0FB08F108080DE1214699
:10CCC0002846FFF73BF90168426801EB020AAAF126
:10CCD000270111F007000EBF0021C1F1080101F08A
:10CCE00007010AEB0100A0F12F0B04F110018B45A5
:10CCF00038BFA3460BF11802002101920091A7F161
:10CD0000280241462846FFF743F90BF1080010F0CE
:10CD1000070F18BF00F080FB1B20CBF8040005F5BF
:10CD2000E07292E809500BF10801072281E80950EE
:10CD300000210BF10800C5F8CC11C5F8C801C5F8F1
:10CD4000C08101980099C5F8C47100E0001D491C1C
:10CD500000F1080353454260F8D30129D8BF00F021
:10CD60005BFBA34500F0A680ABEB040B201D221D4E
:10CD700050F80B104908490042F80B104BF0010025
:10CD800060604FEADB0A44F80BB0BAF11F0F23D8FA
:10CD900005F1280000EBCA084746BBF1100F38BF69
:10CDA00000F03AFB286820FA0AF1CA0705D40121ED
:10CDB00001FA0AF10843286007E0D8F80800296959
:10CDC00088422CBF074600F027FBC8F80840FC60EB
:10CDD000A760C4F80C806DE05FEA1B2008BF00214B
:10CDE00023D0B0F5803F28BF1F211ED2A0F580724E
:10CDF000120C02F008029040A0F58051090C01F0DD
:10CE000004018840A0F580431B0CC2F10E0203F020
:10CE10000203521AD21A984002EBD032D01D2BFADC
:10CE200000F101F0010101EB420105F598720023C8
:10CE300002EB8100E161636123616A6822FA01F318
:10CE4000DB0707D4012303FA01F111436960046091
:10CE5000A0611DE002681F291DBF4908C1F1190129
:10CE60000BFA01F1594600E002465068C008C000C4
:10CE7000584510D002F11003C80F03EB800349009E
:10CE800018680028F0D12869834211D31C60A26180
:10CE9000E460A4600EE0296990688A4228BF884255
:10CEA00006D3C4609460A060E2600020A06101E04D
:10CEB00000F0B2FAE86886420DD2801BA969E860EA
:10CEC0008A19AA6140F00100506046F003064E60E6
:10CED00001F1080801E04FF00008AFF30080404680
:10CEE00000F095BA002800D170472DE9F047A0F175
:10CEF0000805AFF30080DFF81C6531698D42C0F092
:10CF00008382686800F00302012A00F07D82C20873
:10CF10004FEAC209C20705EB090839D42C6810F0A2
:10CF2000030F00F06D82604205448D42A144C0F0C1
:10CF30006B827069854200F0DD80E408202C71D29C
:10CF4000D5F80CA0AF68554508BF00F065FABD42A2
:10CF500008BF00F061FA6868C008C000B0EBC40FF9
:10CF600018BF00F059FA06F1280000EBC400874210
:10CF700005D031698F4252D3FA68AA424FD1BA45DF
:10CF80003FD13068012101FA04F420EA040434603E
:10CF9000454580F03982D8F80440E00740F13482FA
:10CFA000A10700F18281B069804540F0B680F16848
:10CFB000B5618944C6F80C9049F001006860716958
:10CFC0008D4202D100207061B060F169494580F066
:10CFD0001782D6F8D80108B9FEF7BEFFB16900295B
:10CFE00000F00E82F068292824BF3046FEF7A6FF25
:10CFF000F069F168884280F003824FF0FF30F06101
:10D00000FEE1824506D03069824508D3DAF808107F
:10D01000A94204D1C7F80CA0CAF80870B8E700F01C
:10D02000FBF9B5E7EC68AF69AC420BD0A868884261
:10D0300022D3C168A94204BFA268AA421CD1C4601D
:10D04000A0601BE005F11402146834B905F1100268
:10D0500014689CB101E01A46146804F114031868BE
:10D06000002802BF04F1100318680028F3D18A4297
:10D0700002D30021116001E000F0CEF9002F87D02B
:10D08000E86906F5987101EB80010A6895420AD1BA
:10D0900024BB7268012303FA00F022EA00007060EA
:10D0A0000020086074E731698F4214D33869A842C0
:10D0B00014BF7C613C61002C3FF46AAF31698C4243
:10D0C000ADD3A761286958B1884226BF2061846129
:10D0D00000F0A2F904E000F09FF9ECE70C60EDE746
:10D0E000686900283FF454AF3169884297D3606182
:10D0F00084614DE798F8040000F0030003287FF4F2
:10D1000047AFC6F8089049F00101D8F8040040087C
:10D110004000C8F8040069600AE0706980450AD1DF
:10D12000B16875618944C6F8089049F001006860EB
:10D1300045F8099064E1E408E400A144E408202CE7
:10D140003AD2D8F80CA0D8F80870D04508BF00F043
:10D1500063F9B84508BF00F05FF9D8F80400C008CB
:10D16000C000B0EBC40F18BF00F056F906F128005C
:10D1700000EBC400874207D031698F42C0F088803D
:10D18000FA68424540F08480BA4507D130680121F1
:10D1900001FA04F420EA040434607BE0824506D0FE
:10D1A0003069824574D3DAF80810414570D1C7F868
:10D1B0000CA0CAF808706DE0D8F80C40D8F81870C8
:10D1C00044450DD0D8F808003169884223D3C2689D
:10D1D000424504BFA16841451DD1C460A0601CE068
:10D1E00008F114010C6834B908F110010C68A4B1FD
:10D1F00001E011460C6804F114021068002802BF17
:10D2000004F1100210680028F3D13069814202D382
:10D2100000220A6001E000F0FFF8002F3AD0D8F8B1
:10D220001C0006F5987101EB80010A6890450AD14F
:10D230001CBB7268012303FA00F022EA0000706050
:10D240000020086026E031698F4213D338694045D9
:10D2500014BF7C613C61ECB131698C4218D3A76189
:10D26000D8F8100058B1884226BF2061846100F0D0
:10D27000D3F804E000F0D0F8EDE70C60ECE7D8F864
:10D28000140038B13169884202D36061846101E0E1
:10D2900000F0C2F849F00100686045F80990716932
:10D2A0008D420BD1C6F80890AAE064086400C8F863
:10D2B000044049F00100686045F809904FEAD90739
:10D2C000202F22D206F1280000EBC704A046B9F1B6
:10D2D000100F38BF00F0A0F8306820FA07F1CA0735
:10D2E00005D4012101FA07F70743376006E0A0687B
:10D2F000316988422CBF804600F08EF8A560C8F8DE
:10D300000C50C5F80880EC607AE05FEA192008BF8D
:10D31000002123D0B0F5803F28BF1F211ED2A0F5E9
:10D320008072120C02F008029040A0F58051090CA6
:10D3300001F004018840A0F580431B0CC2F10E02ED
:10D3400003F00203521AD21A984002EBD032D01DD9
:10D3500029FA00F101F0010101EB420106F5987292
:10D36000002302EB8100E9616B612B61726822FA94
:10D3700001F3DC0707D4012303FA01F111437160C3
:10D380000560A8611DE002681F291DBF4908C1F1A1
:10D39000190109FA01F1494600E002465068C00847
:10D3A000C000484510D002F11003C80F03EB800302
:10D3B000490018680028F0D13069834211D31D60FC
:10D3C000AA61ED60AD600EE0316990688A4228BFC5
:10D3D000884206D3C5609560A860EA600020A86115
:10D3E00001E000F019F8306A401E08D13062D6F82A
:10D3F000C80100E080680028FCD14FF0FF303062A7
:10D40000AFF30080BDE8F08700F006F8F8E703B05E
:10D41000BDE8F08FA0610020012000F017B80000E7
:10D420000749086808B1002070470648C008C000D6
:10D4300008600549C908C900091A0160704700BFA2
:10D44000286C0020377C0020308C002080B5AFF3A2
:10D450000080024A11001820ABBEFBE72600020044
:10D460002DE9FF4705005FF0000802265023062241
:10D47000D5F8740301792800FBF737FD0700380061
:10D48000C0B2FF2801D10220B8E03900C9B228009B
:10D49000FBF71AFD4FF48070FEF79AFDD5F8741370
:10D4A000C861D5F87403C069040095F81F131A20E9
:10D4B000414305EB010090F84803000612D595F8AA
:10D4C0001F131A20414305EB010090F84803E07157
:10D4D00095F81F131A20414305EB0100B0F84A03E9
:10D4E000608111E095F81F131A20414305EB0100FC
:10D4F00090F84803A07195F81F131A20414305EBDB
:10D500000100B0F84A03208195F81F131A20414307
:10D5100005EB010090F85003000612D595F81F1393
:10D520001A20414305EB010090F85003E07195F893
:10D530001F131A20414305EB0100B0F8520360812C
:10D5400011E095F81F131A20414305EB010090F8F4
:10D550005003A07195F81F131A20414305EB0100F9
:10D56000B0F8520320810020A4F8F8000020A4F8AD
:10D57000FA0000202073002060730020A073A179BE
:10D580002800FCF763F96071E1792800FCF75EF987
:10D590002071280000F0CBFA5FF068085FF0000906
:10D5A00014F1900A4A4641465046FBF775FB208924
:10D5B00002900220019095F81D03009095F81C330D
:10D5C000A27961792800FCF71EF960890290022097
:10D5D000019095F81D03009095F81C33E2792179AC
:10D5E0002800FCF710F9002221792800FCF7C0F888
:10D5F000002261792800FCF7BBF80020C0B204B01B
:10D60000BDE8F08738B50400D4F87403C5696879BB
:10D61000002809D069792000FCF70EF9697920000B
:10D62000FCF72CF9002068712879002809D02979A5
:10D630002000FCF701F929792000FCF71FF90020F0
:10D640002871D4F87403C069002808D0D4F8740392
:10D65000C06900F065FC0020D4F87413C861002094
:10D6600032BDF8B50500D5F87403C6690127B07B53
:10D67000002804D0022802D0032830D038E031003E
:10D68000280000F041FA07003800C0B2032803D197
:10D6900000203060002007003800C0B200281DD1F3
:10D6A0003078401C3060002004002000C0B2316897
:10D6B000884213D202212200D2B23420424306EB28
:10D6C000020080F8921000212200D2B2342042439E
:10D6D00006EB020080F8C110641CE6E708E00021B8
:10D6E0002800FCF7AAF9002801D1F07BB073FFE70E
:10D6F0003800C0B2F2BD2DE9F0410400D4F8740343
:10D70000C569012601275FF00108287B002803D0A6
:10D71000012800F0DC81DDE1B5F8F80029688842D5
:10D7200080F0CA81B5F8F8103420414305EB0100C0
:10D73000012180F89110B5F8F8103420414305EB31
:10D74000010090F8900000280DD0022859D003283D
:10D7500000F0EE80042813D0052800F03981082855
:10D7600000F0A381A7E1B5F8F8103420414305EBA0
:10D770000100042180F89010D4F8B803C5F8FC002B
:10D78000B5F8F8103420414305EB010010F19F0279
:10D79000B5F8F810C9B2200000F05DFC07003800B1
:10D7A000C0B2002808D1B5F8F8103420414305EB89
:10D7B0000100022180F890103800C0B2022809D17F
:10D7C000B5F8F8103420414305EB0100052180F83D
:10D7D000901015E03800C0B2042811D1B5F8F81047
:10D7E0003420414305EB0100012180F89010B5F889
:10D7F000F8103420414305EB0100022180F891101C
:10D8000064E1B5F8F810C9B2200000F08BFB804647
:10D810004046C0B2002837D1B5F8F8103420414353
:10D8200005EB010090F89200002809D0B5F8F81037
:10D830003420414305EB0100012180F8C11008E0CC
:10D84000B5F8F8103420414305EB0100002180F8C1
:10D85000C110B5F8F8103420414305EB0100032155
:10D8600080F89010B5F8F8103420414305EB010022
:10D87000002180F89110B5F8F8103420414305EBF1
:10D880000100002180F892104046C0B2022838D131
:10D89000B5F8F8103420414305EB010090F89200F0
:10D8A000022809D0B5F8F8103420414305EB0100F7
:10D8B000012180F8C11008E0B5F8F8103420414388
:10D8C00005EB0100002180F8C110B5F8F8103420F4
:10D8D000414305EB0100052180F89010B5F8F810E0
:10D8E0003420414305EB0100012180F89110B5F887
:10D8F000F8103420414305EB0100022180F892101A
:10D9000015E04046C0B2042811D1B5F8F810342013
:10D91000414305EB0100012180F89010B5F8F810A3
:10D920003420414305EB0100022180F89110CDE045
:10D93000B5F8F8103420414305EB010010F19402D2
:10D94000B5F8F810C9B2200000F025FB0700380038
:10D95000C0B2002817D1B5F8F8103420414305EBC8
:10D960000100012180F89010B5F8F81034204143EF
:10D9700005EB0100002180F89110B5F8F800401C7B
:10D98000A5F8F80023E03800C0B2022809D1B5F8A4
:10D99000F8103420414305EB0100052180F8901078
:10D9A00015E03800C0B2042811D1B5F8F8103420C1
:10D9B000414305EB0100012180F89010B5F8F81003
:10D9C0003420414305EB0100022180F891107DE0F5
:10D9D000B5F8F8103420414305EB010010F19C022A
:10D9E000B5F8F810C9B2200000F0CDFB07003800F0
:10D9F000C0B2002834D1B5F8F8103420414305EB0B
:10DA0000010090F89C00062809D0B5F8F8103420E1
:10DA1000414305EB010090F89C00022812D1D4F894
:10DA2000B813D5F8FC00091A42F21070814209D2ED
:10DA3000B5F8F8103420414305EB0100022180F8CD
:10DA4000901043E0B5F8F8103420414305EB010095
:10DA5000012180F89010B5F8F800401CA5F8F800F6
:10DA60003800C0B2022809D1B5F8F810342041437B
:10DA700005EB0100082180F8901015E03800C0B2D5
:10DA8000042811D1B5F8F8103420414305EB01000A
:10DA9000012180F89010B5F8F8103420414305EBCF
:10DAA0000100022180F8911010E0B5F8F800401C48
:10DAB000A5F8F8000AE009E00020A5F8F800012028
:10DAC000287302212000D4F8C423904702E00020EC
:10DAD0000600FFE73000C0B2BDE8F0810100002081
:10DAE0007047000010B5040021202074FF206074EE
:10DAF000002060820020A0820020E082002200211D
:10DB00002000FCF7A4F810BD38B504000D00A120DA
:10DB10002074FE206074002060820020A08201201A
:10DB2000E082012229002000FCF791F832BD0100BB
:10DB3000D1F87403C269DFF8DC035065DFF8D8035D
:10DB40009065012082F85000012082F852000020E8
:10DB500070472DE9F84F04000D00012601275FF002
:10DB600001085FF00009D4F87403D0F81CA05FF03E
:10DB7000000B9AF85000012818D0C0F073810328D8
:10DB800052D023D3052800F098805AD3072800F0FC
:10DB9000E980C0F0A180092800F01681C0F0EE8075
:10DBA0000B2800F05381C0F026815BE18AF86150B8
:10DBB00002208AF85000012000909AF805301F22B8
:10DBC0001AF154012000FDF769FC4BE19AF80510A9
:10DBD0002000FBF7B8FD81464846C0B2012813D1AA
:10DBE000DAF85C0000280BD09AF86000000603D534
:10DBF00003208AF8500016E005208AF8500012E051
:10DC000007208AF850000EE04846C0B2022803D12F
:10DC100001208AF8500006E04846C0B2052802D12B
:10DC20000A208AF850001DE19AF80430BAF80A2058
:10DC3000DAF88C102000FDF752FC04208AF850001E
:10DC400010E19AF804102000FBF77DFD814648465C
:10DC5000C0B2012829D1BAF80A00DAF85C1088426B
:10DC60000ED2DAF88C00BAF80A100844CAF88C0010
:10DC7000DAF85C10BAF80A00091ACAF85C1002E077
:10DC80000020CAF85C00DAF85C00002809D09AF895
:10DC90000430BAF80A20DAF88C102000FDF71FFCD7
:10DCA0000AE007208AF8500006E04846C0B205287E
:10DCB00002D109208AF85000D4E0012000909AF89F
:10DCC0000530BAF80820DAF88C102000FDF7E6FBE2
:10DCD00006208AF85000C5E09AF805102000FBF7EE
:10DCE00032FD81464846C0B201282BD1BAF808005F
:10DCF000DAF85C1088420ED2DAF88C00BAF8081014
:10DD00000844CAF88C00DAF85C10BAF80800091A5E
:10DD1000CAF85C1002E00020CAF85C00DAF85C0087
:10DD200000280BD0012000909AF80530BAF808209E
:10DD3000DAF88C102000FDF7B1FB12E007208AF81A
:10DD400050000EE04846C0B2022803D105208AF8F0
:10DD5000500006E04846C0B2052802D10A208AF8E1
:10DD600050007FE09AF804300D221AF1780120006B
:10DD7000FDF7B5FB08208AF8500073E09AF804100C
:10DD80002000FBF7E0FC81464846C0B2012813D1D1
:10DD900001208AF8500001208AF85200200000F08B
:10DDA00088F880464046C0B2002802D10020060014
:10DDB00009E00220060006E04846C0B2052802D16C
:10DDC00009208AF850004DE000222900C9B2200045
:10DDD00000F04CF807003800C0B2002803D107203B
:10DDE0008AF8500006E03800C0B2042802D10B20A7
:10DDF0008AF8500036E001222900C9B2200000F064
:10DE000035F807003800C0B2002817D19AF805107D
:10DE10002000FBF7CFFC8346DBF10102D2B29AF877
:10DE200005102000FBF7A4FC00229AF80410200043
:10DE3000FBF79EFC09208AF8500006E03800C0B2CB
:10DE4000042802D10B208AF850000BE02000FFF7D5
:10DE500049FE06003000C0B2002802D101208AF835
:10DE60005000FFE73000C0B2BDE8F28F2DE9F0416D
:10DE700004000D0016000227D4F87403D0F81C80AB
:10DE80003000C0B2002802D0012807D00DE098F879
:10DE900007102000FBF7D1FD070006E098F80610F8
:10DEA0002000FBF7CAFD0700FFE73800C0B2BDE85D
:10DEB000F08170B50400D4F87403C569012629798E
:10DEC0002000FBF7A9FB0D2802D0022006001EE06F
:10DED000A86F1249884218D1E86FA96D884216D1FF
:10DEE00095F88400002802D1002006000FE095F884
:10DEF0008400012802D10120060008E095F8840082
:10DF0000022804D10220060001E0022006003000B1
:10DF1000C0B270BD55534243504030205553425318
:10DF2000FEF7E0BF2DE9F04704000D000226D4F80B
:10DF30007403C76997F85200012802D002281FD045
:10DF400025E00020F865002087F860000A2087F8A7
:10DF500062005FF010085FF0000917F1630A4A469B
:10DF600041465046FAF798FE002087F863000120EA
:10DF700087F85000022087F852000120060006E0D2
:10DF80002900C9B22000FFF7E4FD0600FFE73000DA
:10DF9000C0B2BDE8F0872DE9F84F04000D0016006F
:10DFA0000127D4F87403D0F81C8098F85200012897
:10DFB00002D0022824D04AE00820C8F85C00802063
:10DFC00088F860000A2088F862005FF010095FF0AE
:10DFD000000A18F1630B524649465846FAF75CFEB0
:10DFE000252088F86300012088F85000022088F876
:10DFF000520018F11000C8F88C000120070026E03C
:10E000002900C9B22000FFF7A4FD07003800C0B204
:10E0100000281BD1D8F88C00C078D8F88C108978EB
:10E0200050EA0120D8F88C10497850EA0140D8F81D
:10E030008C10097850EA01603060D8F88C00C07903
:10E04000D8F88C10897950EA0120B080FFE73800B9
:10E05000C0B2BDE8F28F2DE9F84F86B004000D0084
:10E0600016000227D4F87403D0F81C8098F85200E8
:10E07000012802D0022833D080E02420C8F85C00B8
:10E08000802088F860000A2088F862005FF00A09A2
:10E090005FF0000A18F1630B524649465846FAF7FA
:10E0A000FBFD122088F86300680188F864000020F6
:10E0B00088F86500002088F86600242088F867004A
:10E0C000002088F86800012088F85000022088F8B5
:10E0D000520018F11000C8F88C00012007004DE034
:10E0E0002900C9B22000FFF734FD07003800C0B294
:10E0F000002842D12220059000200490B146049AC5
:10E1000005994846FAF7C8FDD8F88C00007810F059
:10E110001F007070D8F88C000078C0B240093070D1
:10E12000D8F88C004078C0B2C009B07008200390C5
:10E13000D8F88C000830029016F10309039A02996E
:10E140004846FAF7DDFD5FF01009D8F88C00103072
:10E15000019016F10C0A4A4601995046FAF7D0FD93
:10E160005FF0040AD8F88C002030009016F11D0BE7
:10E17000524600995846FAF7C3FDFFE73800C0B28F
:10E1800007B0BDE8F08F2DE9F84F04000D00160030
:10E190000227D4F87403D0F81C8098F852000128A4
:10E1A00002D0022833D04BE00E20C8F85C0080205B
:10E1B00088F860000A2088F862005FF010095FF0BC
:10E1C000000A18F1630B524649465846FAF764FDB7
:10E1D000032088F86300680188F86400002088F84C
:10E1E0006500002088F866000E2088F8670000208F
:10E1F00088F86800012088F85000022088F8520052
:10E2000018F11000C8F88C000120070018E0290060
:10E21000C9B22000FFF79DFC07003800C0B20028FB
:10E220000DD1D8F88C00807810F00F003070D8F83D
:10E230008C00007B7070D8F88C00407BB070FFE7DA
:10E240003800C0B2BDE8F28FDFF8B003B0F8820941
:10E25000002804D10020DFF8A423A2F88C09DFF8FD
:10E260009C03B0F88C09B0F58A7F04DB0020DFF84E
:10E270008C23A2F88C09DFF888030268DFF87C039E
:10E28000B0F88C09002816D11000C0B2652812D150
:10E29000DFF86803DFF86433B3F88C39184480F88A
:10E2A0005628DFF85803B0F88C09401CDFF84C33CF
:10E2B000A3F88C099CE1DFF84403B0F88C0901282D
:10E2C00022D11000C0B213280BD01000C0B2152804
:10E2D00007D01000C0B2032803D01000C0B210282D
:10E2E00012D1DFF81803DFF81433B3F88C3918446F
:10E2F00080F85628DFF80403B0F88C09401CDFF8DA
:10E30000FC32A3F88C0973E1DFF8F002B0F88C0955
:10E310000228C0F26881DFF8E40290F85708132859
:10E3200040F09D80DFF8D402B0F88C09022812D1A9
:10E33000DFF8C802DFF8C432B3F88C39184480F82B
:10E340005628DFF8B802B0F88C09401CDFF8AC3270
:10E35000A3F88C094CE1DFF8A402B0F88C0903287B
:10E3600012D1DFF89802DFF89432B3F88C391844F0
:10E3700080F85628DFF88402B0F88C09401CDFF8DA
:10E380007C32A3F88C0933E1DFF87002B0F88C0915
:10E39000042812D1DFF86402DFF86032B3F88C3958
:10E3A000184480F85628DFF85402B0F88C09401C55
:10E3B000DFF84832A3F88C091AE1DFF84002B0F820
:10E3C0008C09052812D1DFF83402DFF83032B3F8B7
:10E3D0008C39184480F85628DFF82002B0F88C09F0
:10E3E000401CDFF81832A3F88C0901E1DFF80C02B9
:10E3F000B0F88C0906282CDBDFF8000290F85A08E8
:10E40000DFF8F83193F85B3853EA00231900DFF89E
:10E41000EC01DFF8E831B3F88C39184480F856285D
:10E42000DFF8D801B0F88C09401CDFF8D031A3F830
:10E430008C09DFF8C801B0F88C090B009BB20833D7
:10E44000984240F0D5800120DFF8B03183F896097A
:10E45000CEE00020DFF8A431A3F88C09C8E0DFF893
:10E460009C0190F85708152869D1DFF89001B0F8A1
:10E470008C09022812D1DFF88401DFF88031B3F86B
:10E480008C39184480F85628DFF87001B0F88C09F0
:10E49000401CDFF86831A3F88C09A9E0DFF85C01C3
:10E4A000B0F88C09032812D1DFF85001DFF84C31A5
:10E4B000B3F88C39184480F85628DFF84001B0F8DA
:10E4C0008C09401CDFF83431A3F88C0990E0DFF8A8
:10E4D0002C01B0F88C0904282BDBDFF8200190F820
:10E4E0005808DFF8183193F8593853EA0023190017
:10E4F000DFF80801DFF80431B3F88C39184480F8EC
:10E500005628DFF8F800B0F88C09401CDFF8EC3032
:10E51000A3F88C09DFF8E400B0F88C090B009BB27B
:10E520009B1D984264D10120DFF8D03083F8960912
:10E530005EE00020DFF8C430A3F88C0958E0DFF873
:10E54000BC0090F85708032847D1DFF8B000B0F8B6
:10E550008C09022818D1DFF8A400DFF8A030B3F846
:10E560008C39184480F85628DFF89000B0F88C09F0
:10E57000401CDFF88830A3F88C091000C0B2DFF827
:10E580007C30A3F88A0933E0DFF87000B0F88C091A
:10E5900003282DDBDFF86400DFF86030B3F88C3936
:10E5A000184480F85628DFF85400B0F88C09401C55
:10E5B000DFF84830A3F88C09DFF84000B0F88C0988
:10E5C000DFF83830B3F88A395B1D984210D101204A
:10E5D000DFF8283083F896090AE00020DFF81C30C5
:10E5E000A3F88C0904E00020DFF81030A3F88C09B0
:10E5F0000A20DFF80830A3F8820970472C000020B9
:10E60000044400407047FEE7FEE7FEE7FEE7704780
:10E610007047704780B500F08DF8F5F76DF901BDD2
:10E6200080B52F480068800601D5F1F7D5FD2D484B
:10E63000F6F730FF01BD80B52B480068800601D594
:10E64000FFF702FE2948F6F725FF01BD80B52848EF
:10E650000068800601D5F7F7DBFF2648F6F71AFFBA
:10E6600001BD80B524480068800601D5F8F772F92D
:10E670002248F6F70FFF01BD80B5214800688006EB
:10E6800001D5F8F70FFF1F48F6F704FF01BD80B56D
:10E690001D48FBF74AFF01BD80B51C4800681C48B7
:10E6A000F6F7F8FE01BD80B51A4800681A48F6F77B
:10E6B000F1FE01BD80B5194800681948F6F7EAFE79
:10E6C00001BD80B5174800681748F6F7E3FE01BDA5
:10E6D00080B5164800681648F6F7DCFE01BD00005C
:10E6E00000100140B069002000440040F0690020A3
:10E6F00000480040306A0020004C00403068002094
:10E700000050004070680020E851002000140140D3
:10E71000706A002000780040B0680020007C004053
:10E72000F06800200018014030690020001C014002
:10E7300070690020034800680349097840180149BE
:10E7400008607047246C002028000020463A5C7066
:10E75000726F6A6563745C323031385C472D4C6986
:10E760006E6B50435C4669726D776172655C546F85
:10E7700074616C5C323031395F56657273696F6EEB
:10E780005CEC97B0EC84B8EC9AB0EC9CA05FEC9594
:10E7900084EC82B05C4669726D776172655C474C4F
:10E7A0003930325C474C3930325F4D41494E5F520F
:10E7B00031325C5372635C757362685F636F6E665F
:10E7C0002E630000463A5C70726F6A6563745C3257
:10E7D0003031385C472D4C696E6B50435C46697232
:10E7E0006D776172655C546F74616C5C3230313985
:10E7F0005F56657273696F6E5CEC97B0EC84B8EC31
:10E800009AB0EC9CA05FEC9584EC82B05C46697297
:10E810006D776172655C474C3930325C474C3930FA
:10E82000325F4D41494E5F5231325C5372635C6DD1
:10E8300061696E2E630000001248006850F4700099
:10E84000104908601048006850F001000E49086047
:10E8500000200E4908600C4801680D4801400A4834
:10E8600001600C480C4908600748006830F48020BB
:10E8700005490860002009490860094809490860FD
:10E880007047000088ED00E0003802400838024080
:10E89000FFFFF6FE10300024043802400C3802401E
:10E8A0000000020808ED00E030B4002512E050F846
:10E8B000042BD30744BF4A44521E091F042942F8BF
:10E8C000045BFAD213468C0744BF15809B1CC90712
:10E8D00048BF1D7050F8041B0029E8D130BC7047B8
:10E8E000100000000024F4000CEA020808000000F8
:10E8F00061D4020805D6020863D60208F7D60208DA
:10E90000DDDA0208000000000100000010B5074930
:10E9100079441831064C7C44163404E00A68081D1A
:10E92000114488470146A142F8D110BD2C000000D7
:10E930004C0000004EF68851CEF20001086840F409
:10E9400070000860BFF34F8FBFF36F8F4FF0007000
:10E95000E1EE100A7047000051FFFFFF046C000059
:10E960002C00002000000000D367FFFF2C000000F7
:10E9700070FFFFFF000000200000000000F00DF815
:10E98000002801D0FFF7C2FFAFF300800020AFF3F3
:10E990000080F5F7F5FC00F002F80120704700F068
:10E9A00001B8000007463846FEF750FDFBE70000BF
:10E9B0000548014603B4684680F30988AFF3008038
:10E9C000FFF7B8FFFFF7DAFFA5EDF5FE0000000046
:10E9D00000000000010203040607080901488047FF
:10E9E0000148004739E80208B1E902083031303304
:10E9F0003738323439353700303130313131313018
:10EA00003030350000000000010203044D53430084
:10EA1000FFF7FEBFFFF7FEBFFFF7FEBFFFF7FEBF2A
:10EA2000FFF7FEBFFFF7FEBFFFF7FEBFFFF7FEBF1A
:10EA3000FFF7FEBFFFF7FEBFFFF7FEBFFFF7FEBF0A
:10EA4000FFF7FEBFFFF7FEBFFFF7FEBFFFF7FEBFFA
:10EA5000FFF7FEBFFFF7FEBFFFF7FEBFFFF7FEBFEA
:10EA6000FFF7FEBFFFF7FEBFFFF7FEBFFFF7FEBFDA
:10EA7000FFF7FEBFFFF7FEBFFFF7FEBFFFF7FEBFCA
:10EA8000FFF7FEBFFFF7FEBFFFF7FEBFFFF7FEBFBA
:10EA9000FFF7FEBFFFF7FEBFFFF7FEBFFFF7FEBFAA
:10EAA000FFF7FEBFFFF7FEBFFFF7FEBFFFF7FEBF9A
:10EAB000FFF7FEBFFFF7FEBFFFF7FEBFFFF7FEBF8A
:10EAC000FFF7FEBFFFF7FEBFFFF7FEBFFFF7FEBF7A
:10EAD000FFF7FEBFFFF7FEBFFFF7FEBFFFF7FEBF6A
:10EAE000FFF7FEBFFFF7FEBFFFF7FEBFFFF7FEBF5A
:10EAF000FFF7FEBFFFF7FEBFFFF7FEBFFFF7FEBF4A
:10EB0000FFF7FEBFFFF7FEBFFFF7FEBFFFF7FEBF39
:10EB1000FFF7FEBFFFF7FEBFFFF7FEBFFFF7FEBF29
:10EB2000FFF7FEBFFFF7FEBFFFF7FEBFFFF7FEBF19
:10EB3000FFF7FEBFFFF7FEBFFFF7FEBFFFF7FEBF09
:10EB4000FFF7FEBFFFF7FEBFFFF7FEBFFFF7FEBFF9
:10EB5000FFF7FEBFFFF7FEBFFFF7FEBFFFF7FEBFE9
:040000050802E9B153
:00000001FF
